# Pharos pharos.watch | Endpoint: depeg-history | As of: 2026-05-16T21:20:16.676Z | URL: https://pharos.watch/datasets/depeg-history/latest.csv | Methodology: depeg-dews v6.0 | Freshness: point-in-time sample; not guaranteed to track production freshness
id,stablecoinId,symbol,direction,peakDeviationBps,startedAtISO,endedAtISO,durationSec,startPrice,peakPrice,recoveryPrice,pegReference,source
90005,usdxl-last,USDXL,below,-100,2026-05-16T10:05:33.000Z,2026-05-16T10:20:27.000Z,894,0.989791,0.989791,0.991483,0.9998167930806197,live
90003,usdxl-last,USDXL,below,-110,2026-05-16T08:35:11.000Z,2026-05-16T08:50:35.000Z,924,0.98878242,0.98878242,0.9935690000000004,0.999792,live
90004,usda-alpha-partner,USDA,below,-102,2026-05-16T08:35:11.000Z,2026-05-16T09:05:27.000Z,1816,0.98964,0.98964,0.9926890859,0.9997510459268534,live
90002,usdxl-last,USDXL,below,-113,2026-05-16T06:49:50.000Z,2026-05-16T07:05:10.000Z,920,0.988468,0.988468,0.990563,0.9997934575386527,live
90001,usdxl-last,USDXL,below,-109,2026-05-16T05:49:56.000Z,2026-05-16T06:04:55.000Z,899,0.9889750000000002,0.9889750000000002,0.99094442,0.9998270000000005,live
90000,usda-alpha-partner,USDA,below,-118,2026-05-15T22:35:01.000Z,2026-05-15T23:19:46.000Z,2685,0.988109,0.988109,0.9924,0.9998695051571705,live
89999,usdxl-last,USDXL,below,-111,2026-05-15T15:21:18.000Z,2026-05-15T15:36:14.000Z,896,0.988669,0.988669,0.99193,0.9997491124428163,live
89998,usdxl-last,USDXL,below,-107,2026-05-15T14:51:12.000Z,2026-05-15T15:06:41.000Z,929,0.989057,0.989057,0.990941,0.9997164482521428,live
89996,usdxl-last,USDXL,below,-161,2026-05-15T08:20:07.000Z,2026-05-15T14:21:05.000Z,21658,0.989491,0.983663,0.9913439999999998,0.9997842226738906,live
89997,usda-alpha-partner,USDA,below,-134,2026-05-15T06:50:16.000Z,2026-05-15T08:36:09.000Z,6353,0.986359,0.986359,0.990767,0.9997842226738906,live
89995,usdxl-last,USDXL,below,-112,2026-05-15T05:35:54.000Z,2026-05-15T07:05:42.000Z,5388,0.9898249216609277,0.988606,0.989958,0.999794723673764,live
89994,usdxl-last,USDXL,below,-106,2026-05-15T03:35:25.000Z,2026-05-15T03:49:45.000Z,860,0.989217,0.989217,0.9906362536872574,0.999842,live
89993,usdxl-last,USDXL,below,-113,2026-05-15T02:19:54.000Z,2026-05-15T02:49:47.000Z,1793,0.9884980000000003,0.9884980000000003,0.99003014,0.9998154723019107,live
89992,usdxl-last,USDXL,below,-112,2026-05-14T23:49:44.000Z,2026-05-15T00:19:58.000Z,1814,0.9885832573475276,0.9885832573475276,0.990807,0.9998058974395534,live
89991,usdxl-last,USDXL,below,-104,2026-05-14T23:04:47.000Z,2026-05-14T23:19:49.000Z,902,0.9895151792199712,0.9895151792199712,0.990537,0.9999446426350137,live
89990,usdxl-last,USDXL,below,-104,2026-05-14T22:35:40.000Z,2026-05-14T22:49:52.000Z,852,0.9895151792199712,0.9895151792199712,0.990116,0.9999446426350137,live
89989,usdxl-last,USDXL,below,-122,2026-05-14T21:05:57.000Z,2026-05-14T22:19:49.000Z,4432,0.9877279999999998,0.9877279999999998,0.9908960000000001,0.99992395,live
89988,usdxl-last,USDXL,below,-140,2026-05-14T20:21:01.000Z,2026-05-14T20:50:52.000Z,1791,0.9858590000000004,0.9858590000000004,0.990567,0.999888,live
89987,usdxl-last,USDXL,below,-118,2026-05-14T06:36:13.000Z,2026-05-14T12:36:36.000Z,21623,0.98917348,0.987949,0.992633,0.9997610891380013,live
89986,usdxl-last,USDXL,below,-107,2026-05-14T05:19:59.000Z,2026-05-14T06:20:10.000Z,3611,0.989024,0.989024,0.989863,0.9996905,live
89985,usdxl-last,USDXL,below,-113,2026-05-14T04:35:28.000Z,2026-05-14T05:04:54.000Z,1766,0.989548,0.9884464900000001,0.99012687,0.999751,live
89843,usdxl-last,USDXL,below,-119,2026-05-13T13:35:34.000Z,2026-05-14T04:19:57.000Z,53063,0.9892150000000002,0.987892,0.99026119,0.99968662,live
89842,usda-alpha-partner,USDA,below,-246,2026-05-13T12:35:38.000Z,2026-05-13T13:35:34.000Z,3596,0.981168,0.9751099990238692,0.996603,0.9996525,live
89841,usdb-blast,USDB,below,-178,2026-05-13T12:20:13.000Z,2026-05-13T19:20:53.000Z,25240,0.987794,0.9817892421,0.9929144670834276,0.9996261440273893,live
89840,usda-alpha-partner,USDA,below,-170,2026-05-13T07:50:00.000Z,2026-05-13T08:35:07.000Z,2707,0.982774,0.982673,0.995,0.9996891786496404,live
89839,usdxl-last,USDXL,below,-120,2026-05-13T07:05:05.000Z,2026-05-13T13:20:28.000Z,22523,0.9895400000000003,0.9877090000000002,0.990003,0.9997638785089132,live
89838,usda-alpha-partner,USDA,below,-181,2026-05-13T06:05:09.000Z,2026-05-13T07:05:05.000Z,3596,0.981723,0.981723,0.996093,0.999724845,live
89837,usdxl-last,USDXL,below,-115,2026-05-13T03:49:54.000Z,2026-05-13T06:50:04.000Z,10810,0.98956639,0.988279,0.99011084,0.999815519941403,live
89836,mai-qidao,MAI,below,-3541,2026-05-13T01:20:18.000Z,,,0.985729,0.6458018841,,0.9998289543258294,live
89835,usda-alpha-partner,USDA,below,-149,2026-05-12T10:34:43.000Z,2026-05-12T11:19:52.000Z,2709,0.984927,0.984927,1.0006618318,0.999831,live
89834,usda-alpha-partner,USDA,below,-104,2026-05-12T07:19:19.000Z,2026-05-12T08:04:40.000Z,2721,0.989609,0.989609,0.995586,0.999908,live
89833,usda-alpha-partner,USDA,below,-103,2026-05-12T05:49:14.000Z,2026-05-12T06:35:03.000Z,2749,0.989528,0.989528,0.996496,0.9998446979704305,live
89832,jpyc-jpyc,JPYC,above,2102,2026-05-12T04:18:51.000Z,,,0.00766877,0.00767202,,0.006340459032172791,live
89831,usda-alpha-partner,USDA,below,-154,2026-05-12T03:48:56.000Z,2026-05-12T04:18:51.000Z,1795,0.984559,0.984559,0.996431,0.9999,live
89830,usda-alpha-partner,USDA,below,-171,2026-05-12T02:48:43.000Z,2026-05-12T03:34:00.000Z,2717,0.982752,0.982752,0.996474,0.9998250736503594,live
89829,usda-alpha-partner,USDA,below,-103,2026-05-12T01:04:01.000Z,2026-05-12T02:03:53.000Z,3592,0.9896612041,0.9896612041,0.9964145679,0.99999962,live
89828,honey-berachain,HONEY,above,211,2026-05-11T22:48:56.000Z,2026-05-11T23:48:38.000Z,3582,1.021,1.021,0.9997485700000001,0.9998790393139713,live
89827,usda-alpha-partner,USDA,below,-220,2026-05-11T21:48:40.000Z,2026-05-11T22:18:48.000Z,1808,0.97791,0.97791,0.992516,0.99989528,live
89818,usda-alpha-partner,USDA,below,-169,2026-05-11T07:49:38.000Z,2026-05-11T08:34:20.000Z,2682,0.982988,0.982988,0.996609,0.9999542556143317,live
89817,usda-alpha-partner,USDA,below,-117,2026-05-11T06:19:24.000Z,2026-05-11T07:04:27.000Z,2703,0.988282,0.988282,0.996652,0.9999558345024043,live
89816,usdb-blast,USDB,above,130,2026-05-10T22:34:34.000Z,2026-05-11T00:19:29.000Z,6295,1.011778,1.013,1.007,0.999975,live
89815,usdb-blast,USDB,above,101,2026-05-10T16:35:49.000Z,2026-05-10T17:20:20.000Z,2671,1.01,1.01,1.005,0.999897135,live
89814,usda-alpha-partner,USDA,below,-214,2026-05-10T14:24:11.000Z,2026-05-10T15:04:43.000Z,2432,0.978495,0.978495,0.99254,0.99986807,live
89813,usda-alpha-partner,USDA,below,-147,2026-05-10T12:04:15.000Z,2026-05-10T12:37:59.000Z,2024,0.985166,0.985166,0.992621,0.9999063327498302,live
89812,usda-alpha-partner,USDA,below,-213,2026-05-10T11:04:13.000Z,2026-05-10T11:49:03.000Z,2690,0.985301,0.978621,1.0006548782,0.999923,live
89811,usda-alpha-partner,USDA,below,-198,2026-05-10T08:19:06.000Z,2026-05-10T08:49:16.000Z,1810,0.980087,0.980087,0.996579,0.9999078063749152,live
89810,usda-alpha-partner,USDA,below,-209,2026-05-10T07:34:13.000Z,2026-05-10T08:04:14.000Z,1801,0.979066,0.979066,0.9998591476,0.9999571,live
89809,msusd-main-street,MSUSD,above,121,2026-05-09T17:33:58.000Z,2026-05-09T18:19:04.000Z,2706,1.012,1.012,1.0029241595,0.9999680614460111,live
89808,msusd-main-street,MSUSD,above,111,2026-05-09T15:48:45.000Z,2026-05-09T16:34:21.000Z,2736,1.0109426022948809,1.0109426022948809,1.009,0.9998749595882302,live
89807,kag-kinesis,KAG,below,-177,2026-05-09T11:48:38.000Z,2026-05-15T10:35:23.000Z,514005,79.04,79.04,78.75,80.468002,live
89806,usda-alpha-partner,USDA,below,-116,2026-05-09T09:48:53.000Z,2026-05-09T11:03:40.000Z,4487,0.988236,0.988236,0.997977,0.9997909029624732,live
89805,usda-alpha-partner,USDA,below,-145,2026-05-09T08:18:58.000Z,2026-05-09T09:03:58.000Z,2700,0.985334,0.985334,0.997846,0.9998091081005773,live
89804,usda-alpha-partner,USDA,below,-102,2026-05-09T06:33:51.000Z,2026-05-09T07:03:54.000Z,1803,0.989672,0.989672,0.9989631242,0.999842,live
89803,msusd-main-street,MSUSD,above,131,2026-05-09T01:19:00.000Z,2026-05-09T14:33:50.000Z,47690,1.01,1.013,1.005,0.999907917719288,live
89802,msusd-main-street,MSUSD,above,112,2026-05-08T22:34:18.000Z,2026-05-09T00:49:41.000Z,8123,1.011,1.011,1.0095268122908982,0.9998022111518656,live
89801,msusd-main-street,MSUSD,below,-190,2026-05-08T16:34:33.000Z,2026-05-08T19:18:58.000Z,9865,0.981782,0.980793,1.0014257924,0.999771,live
89800,usda-alpha-partner,USDA,below,-199,2026-05-08T03:18:35.000Z,2026-05-08T04:03:39.000Z,2704,0.979952,0.979952,0.995215,0.999814,live
89799,msusd-main-street,MSUSD,below,-186,2026-05-08T01:48:40.000Z,2026-05-08T03:03:58.000Z,4518,0.9812568919892013,0.9812568919892013,0.998770796,0.9998994999999999,live
89798,usda-alpha-partner,USDA,below,-121,2026-05-07T23:34:38.000Z,2026-05-08T00:33:41.000Z,3543,0.987743,0.987743,0.9977152453,0.999819,live
89797,msusd-main-street,MSUSD,below,-160,2026-05-07T15:50:35.000Z,2026-05-08T01:33:55.000Z,35000,0.986234,0.983623,0.9983220876,0.9996666249999999,live
89796,msusd-main-street,MSUSD,below,-133,2026-05-07T14:49:33.000Z,2026-05-07T15:34:40.000Z,2707,0.9866079205537697,0.9866079205537697,0.9993441132,0.9999228870558287,live
89795,msusd-main-street,MSUSD,below,-141,2026-05-07T10:34:40.000Z,2026-05-07T14:19:59.000Z,13519,0.9876792049039258,0.9857812387613972,0.9978496168,0.99982,live
89794,europ-schuman,EUROP,below,-165,2026-05-07T10:19:11.000Z,2026-05-07T10:49:11.000Z,1800,1.15895655018,1.15895655018,,1.178364168232553,live
89793,msusd-main-street,MSUSD,above,142,2026-05-06T11:34:49.000Z,2026-05-06T13:20:03.000Z,6314,1.014,1.014,1.006,0.9998176728809252,live
89792,usdp-parallel,USDp,above,2203,2026-05-06T05:19:24.000Z,2026-05-06T07:49:23.000Z,8999,1.22,1.22,0.99985,0.999761,live
89791,mai-qidao,MAI,below,-174,2026-05-06T03:34:32.000Z,2026-05-13T01:05:03.000Z,595831,0.986677,0.982496541141229,0.9951,0.9997352071159404,live
89984,xnk-kinka,XNK,below,-216,2026-05-05T17:00:56.000Z,2026-05-06T00:00:55.000Z,25199,4558.898188383025,4556.312930964987,4592.800242494965,4628.916435173639,backfill
89790,eurs-stasis,EURS,above,589,2026-05-05T05:05:05.000Z,,,1.23050421,1.2358072776572357,,1.17,live
89789,msusd-main-street,MSUSD,above,117,2026-05-04T04:03:42.000Z,2026-05-04T04:34:22.000Z,1840,1.0116206009079027,1.0116206009079027,1.009,0.9999845700000001,live
89788,msusd-main-street,MSUSD,below,-100,2026-05-03T06:19:40.000Z,2026-05-03T06:49:32.000Z,1792,0.9899517101802275,0.9899517101802275,1.004,0.9999278135307988,live
89787,pmusd-precious-metals,pmUSD,below,-5568,2026-05-02T00:48:56.000Z,,,0.9884318094485448,0.4431811662414395,,0.99996,live
89786,alusd-alchemix,ALUSD,below,-380,2026-05-01T16:04:54.000Z,,,0.990037,0.961803,,1,live
89785,alusd-alchemix,ALUSD,below,-101,2026-05-01T14:49:33.000Z,2026-05-01T15:04:35.000Z,902,0.989713,0.989713,0.990034,0.9997735,live
89784,alusd-alchemix,ALUSD,below,-101,2026-05-01T13:35:08.000Z,2026-05-01T14:34:38.000Z,3570,0.9897084855087367,0.9897084855087367,0.990053821484866,0.9998048243992527,live
89783,alusd-alchemix,ALUSD,below,-101,2026-05-01T12:04:44.000Z,2026-05-01T12:34:19.000Z,1775,0.989798,0.989798,0.9903,0.9998998649999999,live
89782,alusd-alchemix,ALUSD,below,-100,2026-04-30T20:34:22.000Z,2026-04-30T21:19:16.000Z,2694,0.98974069838493,0.98974069838493,0.990329,0.9997560136059457,live
89781,alusd-alchemix,ALUSD,below,-100,2026-04-30T18:49:05.000Z,2026-04-30T19:34:08.000Z,2703,0.989717,0.989717,0.9898160176250821,0.9997068230158692,live
89780,alusd-alchemix,ALUSD,below,-100,2026-04-30T18:19:25.000Z,2026-04-30T18:34:13.000Z,888,0.989684,0.989684,0.989743,0.9996695435368311,live
89779,alusd-alchemix,ALUSD,below,-100,2026-04-30T16:49:51.000Z,2026-04-30T17:19:03.000Z,1752,0.989811,0.989811,0.989803,0.99981933,live
89778,alusd-alchemix,ALUSD,below,-100,2026-04-30T14:34:36.000Z,2026-04-30T14:49:04.000Z,868,0.98981,0.98981,0.990067,0.999763513044045,live
89777,alusd-alchemix,ALUSD,below,-100,2026-04-28T07:19:08.000Z,2026-04-28T07:34:44.000Z,936,0.989904,0.989904,0.989963355,0.9998739992994232,live
89983,xnk-kinka,XNK,above,166,2026-04-28T00:00:57.000Z,2026-04-28T02:00:57.000Z,7200,4695.054959269781,4696.350851051238,4683.2031768365005,4622.011389297736,backfill
89776,alusd-alchemix,ALUSD,below,-105,2026-04-27T22:34:57.000Z,2026-04-27T23:19:50.000Z,2693,0.9893134026746071,0.9893134026746071,0.989914,0.9998020000000001,live
89775,alusd-alchemix,ALUSD,below,-107,2026-04-27T18:34:44.000Z,2026-04-27T21:49:50.000Z,11706,0.9892012077862886,0.989186,0.9899255775406224,0.9997464925987835,live
89774,dola-inverse-finance,DOLA,below,-102,2026-04-27T17:34:50.000Z,2026-04-27T18:19:37.000Z,2687,0.989622,0.989622,0.991183,0.9997856100973673,live
89773,alusd-alchemix,ALUSD,below,-109,2026-04-27T06:49:09.000Z,2026-04-27T17:34:50.000Z,38741,0.989477,0.988999,0.9900720624770764,0.9998486986429798,live
89772,alusd-alchemix,ALUSD,below,-100,2026-04-26T17:04:20.000Z,2026-04-26T17:34:22.000Z,1802,0.989991,0.989991,0.9902753571911742,0.9999431383206551,live
89771,pmusd-precious-metals,pmUSD,below,-108,2026-04-26T14:04:19.000Z,2026-04-26T23:19:59.000Z,33340,0.9899591771136548,0.9892281342540036,0.990416,0.9999113173818672,live
89770,pmusd-precious-metals,pmUSD,below,-100,2026-04-26T13:34:50.000Z,2026-04-26T13:49:19.000Z,869,0.989936361425095,0.989936361425095,0.9899363776064978,0.9999046,live
89769,alusd-alchemix,ALUSD,below,-103,2026-04-26T12:49:36.000Z,2026-04-26T15:34:23.000Z,9887,0.989687,0.989639,0.9899304865183879,0.9998267411130537,live
89767,alusd-alchemix,ALUSD,below,-104,2026-04-26T11:03:53.000Z,2026-04-26T11:48:52.000Z,2699,0.98959913,0.989452345,1.000380762454665,0.9999015550470175,live
89768,dola-inverse-finance,DOLA,below,-103,2026-04-26T10:49:07.000Z,2026-04-26T11:34:11.000Z,2704,0.989570664382009,0.989570664382009,0.990716,0.999904,live
89766,alusd-alchemix,ALUSD,below,-104,2026-04-26T08:48:54.000Z,2026-04-26T10:33:51.000Z,6297,0.98954199,0.98959988,1.001,0.999826168398138,live
89765,alusd-alchemix,ALUSD,below,-111,2026-04-26T00:49:25.000Z,2026-04-26T07:33:58.000Z,24273,0.9888701,0.98892343,0.9901338311580922,0.9997608238919383,live
89764,alusd-alchemix,ALUSD,below,-108,2026-04-25T21:34:57.000Z,2026-04-25T23:34:50.000Z,7193,0.989231,0.989083,0.9947,0.9998220424465228,live
89763,dola-inverse-finance,DOLA,below,-104,2026-04-25T16:34:51.000Z,2026-04-25T17:04:29.000Z,1778,0.989509,0.989509,0.9907816606444448,0.9998665724826563,live
89762,uty-xsy,UTY,above,296,2026-04-25T14:49:19.000Z,2026-04-25T15:49:21.000Z,3602,1.029346,1.029346,0.999422251443887,0.9997897247802325,live
89761,alusd-alchemix,ALUSD,below,-115,2026-04-25T02:34:52.000Z,2026-04-25T21:19:37.000Z,67485,0.989259,0.98833383,0.994536,0.999773940859274,live
89760,alusd-alchemix,ALUSD,below,-105,2026-04-25T01:04:33.000Z,2026-04-25T01:49:25.000Z,2692,0.989259,0.989259,0.991618811432208,0.9997827730133063,live
89759,alusd-alchemix,ALUSD,below,-105,2026-04-24T21:33:57.000Z,2026-04-24T22:19:36.000Z,2739,0.989261,0.989261,0.991198,0.9997643170605564,live
89758,alusd-alchemix,ALUSD,below,-105,2026-04-24T16:19:18.000Z,2026-04-24T16:34:42.000Z,924,0.989261,0.989261,0.993636,0.9997616618506321,live
89757,pmusd-precious-metals,pmUSD,below,-101,2026-04-24T14:49:18.000Z,2026-04-24T17:04:26.000Z,8108,0.989808,0.989693,0.995294,0.9997566958371145,live
89756,alusd-alchemix,ALUSD,below,-104,2026-04-24T11:04:21.000Z,2026-04-24T11:19:19.000Z,898,0.989356,0.989356,0.994901,0.9997631235843474,live
89755,alusd-alchemix,ALUSD,below,-105,2026-04-24T09:49:10.000Z,2026-04-24T10:49:28.000Z,3618,0.989356,0.989356,0.9934352753134793,0.9998451571154087,live
89754,alusd-alchemix,ALUSD,below,-106,2026-04-24T09:04:15.000Z,2026-04-24T09:19:38.000Z,923,0.989356,0.989356,0.993572,0.999925,live
89753,alusd-alchemix,ALUSD,below,-103,2026-04-24T07:19:15.000Z,2026-04-24T08:04:16.000Z,2701,0.989552,0.989552,0.994675,0.9997917098684208,live
89752,alusd-alchemix,ALUSD,below,-104,2026-04-24T01:34:05.000Z,2026-04-24T03:34:33.000Z,7228,0.9895325707134833,0.9895325707134833,0.9902395428973316,0.9998966300000001,live
89751,alusd-alchemix,ALUSD,below,-103,2026-04-24T00:34:34.000Z,2026-04-24T01:19:07.000Z,2673,0.989644,0.989559,0.989911,0.9998372005232151,live
89750,alusd-alchemix,ALUSD,below,-101,2026-04-24T00:04:29.000Z,2026-04-24T00:19:02.000Z,873,0.989786,0.989786,0.9902258411597733,0.999861,live
89749,alusd-alchemix,ALUSD,below,-100,2026-04-23T21:34:06.000Z,2026-04-23T22:34:17.000Z,3611,0.9898109736159835,0.9898109736159835,0.9900230094489357,0.9998107276248822,live
89748,alusd-alchemix,ALUSD,below,-105,2026-04-23T20:48:45.000Z,2026-04-23T21:04:33.000Z,948,0.989436,0.989436,0.9899937483307122,0.9998942460355017,live
89747,pusd-pleasing,PUSD,below,-9652,2026-04-23T15:18:56.000Z,2026-05-12T04:34:20.000Z,1602924,0.03484512331408584,0.03484512331408584,,0.9998780740422203,live
89746,alusd-alchemix,ALUSD,below,-107,2026-04-23T14:04:02.000Z,2026-04-23T20:19:15.000Z,22513,0.98949,0.989212,0.9899937483307122,0.9998536731617018,live
89745,alusd-alchemix,ALUSD,below,-114,2026-04-23T09:18:56.000Z,2026-04-23T13:49:27.000Z,16231,0.98894684,0.988355,0.989953,0.9998247248504314,live
89744,pmusd-precious-metals,pmUSD,below,-133,2026-04-23T08:34:24.000Z,2026-04-23T12:49:24.000Z,15300,0.986518,0.986518,0.9901664185588669,0.999788,live
89743,alusd-alchemix,ALUSD,below,-113,2026-04-23T02:33:49.000Z,2026-04-23T08:48:44.000Z,22495,0.989367,0.9885640949212628,0.993617,0.999887,live
89742,pmusd-precious-metals,pmUSD,below,-122,2026-04-23T00:34:18.000Z,2026-04-23T01:48:43.000Z,4465,0.987761,0.9876695685227234,0.994057,0.9998183109286832,live
89741,alusd-alchemix,ALUSD,below,-104,2026-04-23T00:18:42.000Z,2026-04-23T01:33:55.000Z,4513,0.98963676,0.98945315,0.9904309219302305,0.999784518437527,live
89739,pmusd-precious-metals,pmUSD,below,-100,2026-04-22T22:33:49.000Z,2026-04-22T22:48:44.000Z,895,0.9898673038623705,0.9898673038623705,0.992454,0.9998360711140402,live
89740,alusd-alchemix,ALUSD,below,-103,2026-04-22T22:33:49.000Z,2026-04-22T23:33:41.000Z,3592,0.989514515,0.989514515,0.9899300271579251,0.9998360711140402,live
89738,alusd-alchemix,ALUSD,below,-102,2026-04-22T21:19:31.000Z,2026-04-22T21:48:42.000Z,1751,0.989517635,0.989517635,0.9919225801780563,0.99976493115,live
89737,pmusd-precious-metals,pmUSD,below,-103,2026-04-22T21:04:28.000Z,2026-04-22T22:03:42.000Z,3554,0.9894913831604678,0.9894913831604678,0.9924042788821182,0.999754,live
89736,alusd-alchemix,ALUSD,below,-102,2026-04-22T20:34:39.000Z,2026-04-22T21:04:28.000Z,1789,0.989643,0.989530375,0.9907362312521432,0.999771,live
89735,alusd-alchemix,ALUSD,below,-102,2026-04-22T19:49:26.000Z,2026-04-22T20:04:58.000Z,932,0.989758,0.989758,0.9909737134424652,0.9999110497521039,live
89734,yusd-aegis,YUSD,below,-481,2026-04-22T18:19:35.000Z,2026-04-22T19:04:52.000Z,2717,0.951833,0.951833,0.998728,0.999888,live
89733,alusd-alchemix,ALUSD,below,-104,2026-04-22T17:34:35.000Z,2026-04-22T19:35:02.000Z,7227,0.98965,0.98950362,0.9909737134424652,0.9999347997673277,live
89732,alusd-alchemix,ALUSD,below,-102,2026-04-22T16:49:37.000Z,2026-04-22T17:20:00.000Z,1823,0.989735,0.9896113550000001,0.99014,0.9998103589969762,live
89731,alusd-alchemix,ALUSD,below,-100,2026-04-22T01:35:00.000Z,2026-04-22T01:49:23.000Z,863,0.989827,0.989827,0.990026,0.9998621875174101,live
89730,alusd-alchemix,ALUSD,below,-106,2026-04-20T22:49:42.000Z,2026-04-21T18:35:00.000Z,71118,0.989776,0.989252035,0.9915718605320911,0.9998003948205098,live
89729,alusd-alchemix,ALUSD,below,-106,2026-04-20T21:19:46.000Z,2026-04-20T22:35:01.000Z,4515,0.989771,0.989314,0.9898778132492067,0.999877218535762,live
89728,alusd-alchemix,ALUSD,below,-101,2026-04-20T20:49:43.000Z,2026-04-20T21:05:08.000Z,925,0.989665,0.989665,0.989991,0.9997307536463336,live
89727,meusd-mezo,MUSD,above,122,2026-04-20T14:49:25.000Z,2026-04-23T01:33:55.000Z,211470,1.00992733,1.012,1.005,0.99982135,live
89726,alusd-alchemix,ALUSD,below,-107,2026-04-20T13:19:17.000Z,2026-04-20T16:35:14.000Z,11757,0.98943,0.98911,0.9917309493853859,0.999839,live
89667,alusd-alchemix,ALUSD,below,-105,2026-04-20T10:04:23.000Z,2026-04-20T13:04:28.000Z,10805,0.98941,0.989277,0.9913382954411093,0.999756573021406,live
89666,alusd-alchemix,ALUSD,below,-103,2026-04-20T08:34:22.000Z,2026-04-20T09:49:33.000Z,4511,0.989609,0.98946,0.989859,0.99979365,live
89665,pmusd-precious-metals,pmUSD,below,-132,2026-04-20T07:49:20.000Z,2026-04-22T20:19:30.000Z,217810,0.989476702882991,0.986639,0.992403,0.9997423611137497,live
89664,pmusd-precious-metals,pmUSD,below,-100,2026-04-20T06:49:27.000Z,2026-04-20T07:04:24.000Z,897,0.989695664272084,0.989695664272084,0.989695664272084,0.9996652544621978,live
89663,alusd-alchemix,ALUSD,below,-101,2026-04-20T05:04:18.000Z,2026-04-20T06:04:30.000Z,3612,0.9898450325786772,0.989737,0.98993,0.999801,live
89662,alusd-alchemix,ALUSD,below,-100,2026-04-20T03:19:20.000Z,2026-04-20T03:34:28.000Z,908,0.989825,0.989825,0.990022,0.9998062388264924,live
89660,pmusd-precious-metals,pmUSD,below,-102,2026-04-20T02:34:47.000Z,2026-04-20T06:34:17.000Z,14370,0.9898126711335016,0.9896775229883521,0.98977,0.999828,live
89661,alusd-alchemix,ALUSD,below,-100,2026-04-20T02:34:47.000Z,2026-04-20T02:49:04.000Z,857,0.989813,0.989813,0.989926,0.999828,live
89658,pmusd-precious-metals,pmUSD,below,-101,2026-04-20T02:04:09.000Z,2026-04-20T02:19:38.000Z,929,0.989748,0.989748,0.989873,0.9998424896597251,live
89657,pmusd-precious-metals,pmUSD,below,-100,2026-04-20T01:34:55.000Z,2026-04-20T01:49:07.000Z,852,0.98981,0.98981,0.989894,0.9998226377192754,live
89659,dola-inverse-finance,DOLA,below,-160,2026-04-20T01:34:55.000Z,2026-04-20T02:34:47.000Z,3592,0.989664,0.98383,0.9901008729998373,0.9998226377192754,live
89656,pmusd-precious-metals,pmUSD,below,-102,2026-04-19T21:34:35.000Z,2026-04-20T01:19:16.000Z,13481,0.9896902352990734,0.989626,0.989891,0.9998050343695701,live
89655,dola-inverse-finance,DOLA,below,-102,2026-04-19T20:34:46.000Z,2026-04-19T21:19:39.000Z,2693,0.989561,0.989561,0.990464,0.999780309477825,live
89654,pmusd-precious-metals,pmUSD,below,-100,2026-04-19T20:04:48.000Z,2026-04-19T20:19:54.000Z,906,0.9898261856809031,0.9898261856809031,0.9898261856809031,0.9998296602228428,live
89653,pmusd-precious-metals,pmUSD,below,-100,2026-04-19T19:34:54.000Z,2026-04-19T19:49:30.000Z,876,0.9898620000000001,0.9898620000000001,0.9898261856809031,0.9998313104456856,live
89651,pmusd-precious-metals,pmUSD,below,-100,2026-04-19T19:04:42.000Z,2026-04-19T19:19:39.000Z,897,0.989778,0.989778,0.9898620000000001,0.9997952844897423,live
89652,eurs-stasis,EURS,above,3510,2026-04-19T18:35:04.000Z,2026-05-05T00:50:07.000Z,1318503,1.1999688,1.5833474055,1.15,1.175207808474338,live
89650,pmusd-precious-metals,pmUSD,below,-102,2026-04-19T16:35:03.000Z,2026-04-19T18:35:04.000Z,7201,0.9896865754341981,0.9896865754341981,0.989874,0.9998202040855169,live
89649,pmusd-precious-metals,pmUSD,below,-101,2026-04-19T14:49:48.000Z,2026-04-19T15:34:51.000Z,2703,0.989783,0.9897613788101775,0.9900054394693698,0.9998120116143793,live
89648,pmusd-precious-metals,pmUSD,below,-100,2026-04-19T13:19:45.000Z,2026-04-19T13:35:04.000Z,919,0.989794,0.989794,0.989992,0.9998,live
89647,pmusd-precious-metals,pmUSD,below,-100,2026-04-19T12:35:17.000Z,2026-04-19T13:04:44.000Z,1767,0.989764,0.989764,0.989935,0.999806,live
89646,pmusd-precious-metals,pmUSD,below,-100,2026-04-19T10:04:40.000Z,2026-04-19T10:35:06.000Z,1826,0.989868,0.989868,0.9899297234087625,0.999819,live
89645,pmusd-precious-metals,pmUSD,below,-100,2026-04-19T09:19:02.000Z,2026-04-19T09:49:55.000Z,1853,0.989782,0.989782,0.9898444697504889,0.99976324,live
89644,pmusd-precious-metals,pmUSD,below,-101,2026-04-19T07:18:58.000Z,2026-04-19T08:04:03.000Z,2705,0.9897073021017269,0.9897073021017269,0.990157,0.9997727377454003,live
89643,pmusd-precious-metals,pmUSD,below,-100,2026-04-19T05:49:03.000Z,2026-04-19T06:49:03.000Z,3600,0.9897586577561159,0.9897586577561159,0.990116,0.9997144759331151,live
89642,alusd-alchemix,ALUSD,below,-100,2026-04-19T00:49:51.000Z,2026-04-19T01:19:01.000Z,1750,0.989889115,0.989889115,0.98993504,0.9998425986934587,live
89641,meusd-mezo,MUSD,above,112,2026-04-18T23:03:56.000Z,2026-04-20T14:34:26.000Z,142230,1.01,1.011,1.0097355663879817,0.99984829,live
89640,eurs-stasis,EURS,above,296,2026-04-18T16:19:26.000Z,2026-04-18T23:34:04.000Z,26078,1.2112365997199999,1.2117332,1.1844913051383028,1.17694,live
89639,pmusd-precious-metals,pmUSD,below,-100,2026-04-18T15:34:42.000Z,2026-04-18T16:49:30.000Z,4488,0.9898755701907327,0.9898755701907327,0.989925799612108,0.9998702461887358,live
89638,pmusd-precious-metals,pmUSD,below,-101,2026-04-18T15:04:49.000Z,2026-04-18T15:19:31.000Z,882,0.989753,0.989753,0.989926,0.999814662102685,live
89637,pmusd-precious-metals,pmUSD,below,-100,2026-04-18T14:04:29.000Z,2026-04-18T14:19:46.000Z,917,0.989865,0.989865,0.989877,0.9998379492264786,live
89636,pmusd-precious-metals,pmUSD,below,-105,2026-04-18T10:49:44.000Z,2026-04-18T13:34:51.000Z,9907,0.989567,0.9893137321286688,0.989886,0.999806521657494,live
89635,usdx-hex-trust,USDX,below,-386,2026-04-18T09:19:47.000Z,2026-04-18T10:49:44.000Z,5397,0.9835303611431325,0.961225740284211,0.9905014727,0.9998268240051097,live
89634,kag-kinesis,KAG,below,-158,2026-04-18T07:34:11.000Z,2026-04-18T12:04:35.000Z,16224,79.71,79.67,82.51,80.950996,live
89633,eurs-stasis,EURS,above,275,2026-04-18T07:04:05.000Z,2026-04-18T11:49:40.000Z,17135,1.20820388,1.21,,1.17694,live
89632,pmusd-precious-metals,pmUSD,below,-101,2026-04-18T00:34:35.000Z,2026-04-18T01:49:27.000Z,4492,0.9898086880960084,0.9898086880960084,0.989912,0.9998598369677829,live
89630,pmusd-precious-metals,pmUSD,below,-100,2026-04-17T22:19:28.000Z,2026-04-17T23:34:29.000Z,4501,0.98995,0.98995,0.9899461005221847,0.9999014257813031,live
89631,usdx-hex-trust,USDX,below,-593,2026-04-17T22:04:33.000Z,2026-04-18T08:49:45.000Z,38712,0.940513,0.940513,0.9905014727,0.9997854975921742,live
89629,pmusd-precious-metals,pmUSD,below,-100,2026-04-17T21:04:21.000Z,2026-04-17T21:19:27.000Z,906,0.989872685536221,0.989872685536221,0.989971,0.9998410736028138,live
89628,usdx-hex-trust,USDX,below,-395,2026-04-17T20:04:59.000Z,2026-04-17T20:35:17.000Z,1818,0.9603690195814879,0.9603690195814879,0.9905014727,0.9998651002327071,live
89627,pmusd-precious-metals,pmUSD,below,-100,2026-04-17T19:20:01.000Z,2026-04-17T20:35:17.000Z,4516,0.989812,0.989812,0.989908,0.9998362484049537,live
89626,pmusd-precious-metals,pmUSD,below,-101,2026-04-17T18:05:01.000Z,2026-04-17T18:35:04.000Z,1803,0.9898366406127534,0.9898366406127534,0.989918,0.9999,live
89624,pmusd-precious-metals,pmUSD,below,-104,2026-04-17T13:34:53.000Z,2026-04-17T16:35:20.000Z,10827,0.9895830000000001,0.9895040756050737,0.989928,0.9999221740502975,live
89625,usdb-blast,USDB,above,101,2026-04-17T13:34:53.000Z,2026-04-17T14:20:11.000Z,2718,1.01,1.01,1.009,0.9999221740502975,live
89623,usdx-hex-trust,USDX,below,-336,2026-04-17T13:19:59.000Z,2026-04-17T18:50:05.000Z,19806,0.966363663340633,0.966363663340633,0.992866,0.9999221740502975,live
89622,usdx-hex-trust,USDX,below,-128,2026-04-17T11:19:10.000Z,2026-04-17T11:49:05.000Z,1795,0.987046,0.987046,0.9905014727,0.9998115554788412,live
89621,usdx-hex-trust,USDX,below,-408,2026-04-17T08:04:13.000Z,2026-04-17T10:04:15.000Z,7202,0.9607766445510254,0.959009915515812,0.9905014727,0.9997473407026596,live
89620,usdx-hex-trust,USDX,below,-381,2026-04-17T07:04:17.000Z,2026-04-17T07:49:05.000Z,2688,0.961735430410044,0.961735430410044,0.9905014727,0.9998214999999999,live
89619,usdx-hex-trust,USDX,below,-382,2026-04-17T05:04:29.000Z,2026-04-17T06:04:41.000Z,3612,0.961619,0.961619,0.9905014727,0.9997953228,live
89618,eurs-stasis,EURS,above,319,2026-04-17T03:34:39.000Z,2026-04-18T06:34:00.000Z,97161,1.21,1.2176967234599998,1.19,1.18,live
89617,pmusd-precious-metals,pmUSD,below,-114,2026-04-16T23:49:28.000Z,2026-04-17T13:19:59.000Z,48631,0.988675,0.988551,0.990037,0.99989996,live
89616,pmusd-precious-metals,pmUSD,below,-112,2026-04-16T22:19:38.000Z,2026-04-16T23:04:33.000Z,2695,0.989909,0.9887049156878142,0.9902523666418018,0.9999433279127466,live
89615,europ-schuman,EUROP,below,-169,2026-04-16T22:04:18.000Z,2026-04-16T22:34:27.000Z,1809,1.16,1.16,1.18,1.18,live
89614,europ-schuman,EUROP,below,-172,2026-04-16T19:04:24.000Z,2026-04-16T21:49:30.000Z,9906,1.16007536196,1.1596840695367,1.18,1.18,live
89613,europ-schuman,EUROP,below,-178,2026-04-16T18:19:27.000Z,2026-04-16T18:49:21.000Z,1794,1.1591598092158,1.15900103961,1.18,1.18,live
89612,meusd-mezo,MUSD,above,321,2026-04-16T09:04:20.000Z,2026-04-18T22:34:21.000Z,221401,1.015,1.032,1.0093038091545028,0.9998095448645962,live
89611,europ-schuman,EUROP,below,-167,2026-04-16T02:04:51.000Z,2026-04-16T09:04:20.000Z,25169,1.1602975167,1.1602975167,,1.18,live
89610,usdb-blast,USDB,above,109,2026-04-15T21:34:24.000Z,2026-04-15T22:34:16.000Z,3592,1.0108444705791593,1.0108444705791593,1.007,0.9999837890381835,live
89609,usdb-blast,USDB,above,112,2026-04-15T20:04:19.000Z,2026-04-15T21:04:11.000Z,3592,1.011,1.011,1.0084303873472886,0.999837,live
89608,kag-kinesis,KAG,below,-151,2026-04-15T14:19:21.000Z,2026-04-15T15:19:21.000Z,3600,79.21,79.21,79.706774,80.428001,live
89607,kag-kinesis,KAG,below,-163,2026-04-15T07:20:14.000Z,2026-04-15T07:49:43.000Z,1769,78.22,78.19,78.31,79.418999,live
89605,europ-schuman,EUROP,below,-163,2026-04-15T05:19:43.000Z,2026-04-15T08:49:42.000Z,12599,1.16,1.16,,1.1792703298,live
89606,kag-kinesis,KAG,below,-180,2026-04-15T05:19:43.000Z,2026-04-15T06:20:08.000Z,3625,78.57,78.57,79.442457,80.011002,live
89604,kag-kinesis,KAG,below,-195,2026-04-15T04:19:47.000Z,2026-04-15T04:49:43.000Z,1796,78.54,78.54,78.777074,80.099998,live
89603,uty-xsy,UTY,above,243,2026-04-14T10:35:10.000Z,2026-04-14T17:21:01.000Z,24351,1.024139,1.024139,0.999143,0.9999327163178044,live
89602,europ-schuman,EUROP,below,-168,2026-04-14T07:19:22.000Z,2026-04-14T08:35:03.000Z,4541,1.16,1.16,,1.179839,live
89601,uty-xsy,UTY,above,242,2026-04-14T01:34:56.000Z,2026-04-14T02:19:30.000Z,2674,1.024139,1.024139,0.9991480794946273,0.9999413613753009,live
89600,satusd-river,satUSD,below,-106,2026-04-14T01:19:23.000Z,2026-04-14T01:49:19.000Z,1796,0.989285,0.989285,0.995045,0.9999050465649382,live
89599,usdb-blast,USDB,above,270,2026-04-14T00:34:50.000Z,2026-04-14T12:34:47.000Z,43197,1.0267849297323235,1.0267849297323235,1.004,0.9997992865482492,live
89598,meusd-mezo,MUSD,above,591,2026-04-13T23:49:35.000Z,2026-04-15T19:34:09.000Z,157474,1.01,1.059,1.0096763903763246,0.9998195000000001,live
89597,kag-kinesis,KAG,above,151,2026-04-13T20:04:51.000Z,2026-04-14T15:19:57.000Z,69306,76.72,76.72,78.916536,75.581001,live
89595,meusd-mezo,MUSD,above,122,2026-04-13T18:04:57.000Z,2026-04-13T18:19:38.000Z,881,1.012,1.012,1.00771559,0.9997911944249005,live
89596,dgld-gold-token-sa,DGLD,above,161,2026-04-13T18:04:57.000Z,2026-04-13T18:49:42.000Z,2685,4792.32,4792.04,4792.39,4718.09,live
89594,dgld-gold-token-sa,DGLD,above,162,2026-04-13T17:04:47.000Z,2026-04-13T17:49:45.000Z,2698,4796.47,4796.44,4796.44,4721.075,live
89593,uty-xsy,UTY,above,243,2026-04-13T16:34:45.000Z,2026-04-13T17:19:44.000Z,2699,1.024139,1.024139,0.999236,0.9998234696459861,live
89592,dgld-gold-token-sa,DGLD,above,197,2026-04-13T15:04:54.000Z,2026-04-13T16:49:38.000Z,6284,4797.67,4797.67,4792.45,4704.94,live
89591,kag-kinesis,KAG,below,-187,2026-04-13T00:05:20.000Z,2026-04-13T20:04:51.000Z,71971,72.53,72.53,76.72,73.911003,live
89590,ggbr-goldfish-gold,GGBR,above,162,2026-04-12T20:05:00.000Z,2026-04-12T22:35:22.000Z,9022,4.7702120983,4.770789258,4.68,4.698510000000001,live
89589,ggbr-goldfish-gold,GGBR,above,154,2026-04-12T18:35:28.000Z,2026-04-12T19:50:01.000Z,4473,4.7680092666,4.7670046814,4.7693417382,4.69748,live
89587,uty-xsy,UTY,below,-110,2026-04-12T16:50:04.000Z,2026-04-12T17:20:03.000Z,1799,0.988912323267644,0.988912323267644,0.999321,0.9998972424688847,live
89588,ggbr-goldfish-gold,GGBR,above,156,2026-04-12T16:50:04.000Z,2026-04-12T17:20:03.000Z,1799,4.77,4.77,4.7643543819,4.69844,live
89585,zarp-zarp,ZARP,below,-196,2026-04-12T15:49:35.000Z,2026-04-12T19:35:14.000Z,13539,0.05968,0.05968,,0.060871,live
89586,evausdt-eva,evaUSDT,above,623,2026-04-12T15:49:35.000Z,2026-04-13T12:49:45.000Z,75610,1.062142,1.062142,,0.9999237877269262,live
89584,dgld-gold-token-sa,DGLD,above,209,2026-04-12T14:04:40.000Z,2026-04-13T13:50:00.000Z,85520,4786.5399258856,4793.35,4796.42,4697.0635659737,live
89583,dgld-gold-token-sa,DGLD,above,163,2026-04-12T13:04:58.000Z,2026-04-12T13:49:32.000Z,2674,4786.5399258856,4786.5399258856,4787.1,4709.69197,live
89581,dgld-gold-token-sa,DGLD,above,159,2026-04-12T12:04:47.000Z,2026-04-12T12:49:33.000Z,2686,4786.43,4786.43,4786.5399258856,4711.58,live
89582,kag-kinesis,KAG,below,-540,2026-04-12T12:04:47.000Z,2026-04-12T22:20:12.000Z,36925,71.91,71.91,74.82,76.014,live
89580,dgld-gold-token-sa,DGLD,above,154,2026-04-12T10:19:45.000Z,2026-04-12T11:49:46.000Z,5401,4790.08,4790.08,4784.42,4717.2,live
89579,dgld-gold-token-sa,DGLD,above,150,2026-04-12T09:04:27.000Z,2026-04-12T09:34:39.000Z,1812,4787.42,4787.42,4785.03,4716.7100168382,live
89578,dgld-gold-token-sa,DGLD,above,156,2026-04-12T08:19:40.000Z,2026-04-12T08:49:58.000Z,1818,4788.17,4788.17,4785.98,4714.66180324,live
89577,dgld-gold-token-sa,DGLD,above,155,2026-04-12T05:35:00.000Z,2026-04-12T07:04:49.000Z,5389,4788.48,4788.48,4782.7312498591,4715.2906,live
89576,uty-xsy,UTY,above,287,2026-04-12T03:04:52.000Z,2026-04-12T08:04:36.000Z,17984,1.028557,1.028557,0.9994402024442472,0.9999766580171864,live
89575,pmusd-precious-metals,pmUSD,below,-136,2026-04-12T01:50:10.000Z,2026-04-12T02:20:01.000Z,1791,0.986247,0.986247,0.9929283781050124,0.999895244385222,live
89574,pusd-pleasing,PUSD,above,139,2026-04-12T00:50:36.000Z,2026-04-12T02:05:12.000Z,4476,1.01374230176193,1.01374230176193,0.9954962746455801,0.9998166434095784,live
89573,pmusd-precious-metals,pmUSD,below,-137,2026-04-12T00:34:53.000Z,2026-04-12T01:35:06.000Z,3613,0.986178,0.986178,0.9930315634251905,0.99982731,live
89572,pmusd-precious-metals,pmUSD,below,-129,2026-04-11T23:19:59.000Z,2026-04-12T00:20:15.000Z,3616,0.9870099999999999,0.9870099999999999,0.992232,0.9998845079815727,live
89571,pmusd-precious-metals,pmUSD,below,-114,2026-04-11T21:49:59.000Z,2026-04-11T22:20:02.000Z,1803,0.988468,0.988468,0.9924649721916868,0.9998306192025813,live
89570,usdb-blast,USDB,above,332,2026-04-11T20:20:06.000Z,2026-04-11T21:49:59.000Z,5393,1.0323302756518369,1.033,0.9994979,0.999834,live
89569,dgld-gold-token-sa,DGLD,above,158,2026-04-11T19:05:20.000Z,2026-04-11T19:35:13.000Z,1793,4815.0619562865,4815.0619562865,4795.37,4740,live
89568,dgld-gold-token-sa,DGLD,above,158,2026-04-11T17:50:02.000Z,2026-04-11T18:35:09.000Z,2707,4815.0619562865,4815.0619562865,4815.0619562865,4740,live
89567,dgld-gold-token-sa,DGLD,above,158,2026-04-11T16:50:16.000Z,2026-04-11T17:35:07.000Z,2691,4815.0619562865,4815.0619562865,4815.0619562865,4740,live
89566,dgld-gold-token-sa,DGLD,above,169,2026-04-11T15:50:05.000Z,2026-04-11T16:19:54.000Z,1789,4815.0619562865,4815.0619562865,4815.0619562865,4735.12,live
89565,zarp-zarp,ZARP,below,-161,2026-04-11T13:20:10.000Z,2026-04-11T19:20:20.000Z,21610,0.059931,0.059893,0.06001608057,0.06090854,live
89563,usdb-blast,USDB,above,150,2026-04-11T12:19:14.000Z,2026-04-11T14:20:00.000Z,7246,1.015,1.015,1,0.9999528653341676,live
89564,eurr-stablr,EURR,below,-183,2026-04-11T12:19:14.000Z,2026-04-11T13:20:10.000Z,3656,1.15,1.15,,1.17,live
89561,gyd-gyroscope,GYD,below,-1520,2026-04-11T11:04:29.000Z,2026-04-14T12:34:47.000Z,264618,0.8480239228617057,0.8480239228617057,,0.9998717636351516,live
89562,uty-xsy,UTY,above,287,2026-04-11T11:04:29.000Z,2026-04-11T20:20:06.000Z,33337,1.028557,1.028557,0.9994318505021791,0.9998717636351516,live
89560,dgld-gold-token-sa,DGLD,above,170,2026-04-11T10:19:24.000Z,2026-04-11T11:34:25.000Z,4501,4816.264620838,4816.264620838,4798.41,4736.105,live
89559,dgld-gold-token-sa,DGLD,above,171,2026-04-11T09:04:26.000Z,2026-04-11T09:49:14.000Z,2688,4816.264620838,4816.264620838,4816.264620838,4735.6894611200005,live
89558,usdb-blast,USDB,above,130,2026-04-11T03:19:54.000Z,2026-04-11T04:49:41.000Z,5387,1.013,1.013,1.008,1,live
89557,dgld-gold-token-sa,DGLD,above,164,2026-04-11T02:35:01.000Z,2026-04-11T08:49:30.000Z,22469,4811.8407056715,4811.8407056715,4816.264620838,4734.56074727,live
89556,usdb-blast,USDB,above,140,2026-04-11T01:04:59.000Z,2026-04-11T02:49:52.000Z,6293,1.01,1.014,1.007,0.9999583184121104,live
89554,dgld-gold-token-sa,DGLD,above,152,2026-04-10T22:35:04.000Z,2026-04-11T00:05:03.000Z,5399,4811.8407056715,4811.8407056715,4811.8407056715,4739.58,live
89555,kag-kinesis,KAG,below,-204,2026-04-10T22:35:04.000Z,2026-04-11T00:19:52.000Z,6288,74.46,74.46,75.498633,76.014,live
89553,dgld-gold-token-sa,DGLD,above,150,2026-04-10T21:19:57.000Z,2026-04-10T22:04:37.000Z,2680,4811.8407056715,4811.8407056715,4811.8407056715,4740.87,live
89552,usdb-blast,USDB,above,160,2026-04-10T19:05:04.000Z,2026-04-11T00:50:26.000Z,20722,1.016,1.016,1.004,1,live
89551,usdb-blast,USDB,above,130,2026-04-10T17:04:15.000Z,2026-04-10T17:49:50.000Z,2735,1.013039623958444,1.013039623958444,1.0031420198531222,1,live
89550,usdb-blast,USDB,above,100,2026-04-10T15:34:09.000Z,2026-04-10T16:04:07.000Z,1798,1.01,1.01,0.9994034700000001,0.9999715687215813,live
89549,eurr-stablr,EURR,below,-171,2026-04-09T17:19:30.000Z,2026-04-09T17:50:00.000Z,1830,1.15,1.15,,1.17,live
89698,ausdt-tether-alloy,aUSD₮,below,-290,2026-04-09T16:02:21.000Z,2026-04-10T03:02:24.000Z,39603,0.9710737735206267,0.9710449313990966,0.9994202731215731,1,backfill
89548,pmusd-precious-metals,pmUSD,below,-273,2026-04-08T23:49:10.000Z,2026-04-09T00:19:11.000Z,1801,0.972662,0.972662,0.9942620003751135,0.9999239983257169,live
89547,pmusd-precious-metals,pmUSD,below,-183,2026-04-08T22:04:03.000Z,2026-04-08T23:03:52.000Z,3589,0.9823750000000001,0.9814004801986828,0.9942618321697292,0.9997527659321094,live
89546,kag-kinesis,KAG,below,-200,2026-04-08T20:34:26.000Z,2026-04-09T04:48:57.000Z,29671,72.93,72.93,73.24,74.417999,live
89545,pmusd-precious-metals,pmUSD,below,-173,2026-04-08T18:49:20.000Z,2026-04-08T19:19:33.000Z,1813,0.982597,0.982597,0.994019,0.9999188782080018,live
89544,dgld-gold-token-sa,DGLD,above,158,2026-04-08T17:49:48.000Z,2026-04-09T10:34:49.000Z,60301,4803.92,4803.92,4796.34,4729.287175,live
89543,pmusd-precious-metals,pmUSD,below,-163,2026-04-08T16:49:24.000Z,2026-04-08T18:04:23.000Z,4499,0.9835290000000001,0.9835290000000001,0.9943439850855975,0.999795,live
89542,pmusd-precious-metals,pmUSD,below,-170,2026-04-08T16:04:21.000Z,2026-04-08T16:34:35.000Z,1814,0.982906,0.982906,0.9943004240254946,0.9998628892106481,live
89541,usdb-blast,USDB,above,131,2026-04-08T07:49:33.000Z,2026-04-08T13:49:32.000Z,21599,1.013,1.013,1.003,0.9999224579935558,live
89982,xnk-kinka,XNK,above,164,2026-04-08T06:02:19.000Z,2026-04-08T08:01:47.000Z,7168,4832.818301943654,4832.818301943654,4817.18535574491,4754.894168375967,backfill
89540,usdb-blast,USDB,above,102,2026-04-08T04:18:52.000Z,2026-04-08T05:04:12.000Z,2720,1.01,1.01,1.0088426999507927,0.9997967534578681,live
89539,pmusd-precious-metals,pmUSD,below,-128,2026-04-08T03:18:58.000Z,2026-04-08T04:03:57.000Z,2699,0.986953,0.986953,0.9942794967382432,0.9997506322902525,live
89538,usdb-blast,USDB,above,112,2026-04-08T02:18:54.000Z,2026-04-08T03:04:00.000Z,2706,1.011,1.011,1.0069053909143548,0.9997536322902525,live
89537,pmusd-precious-metals,pmUSD,below,-120,2026-04-08T01:48:49.000Z,2026-04-08T02:48:53.000Z,3604,0.987699,0.987699,0.994272840848472,0.999721175,live
89536,usdb-blast,USDB,above,172,2026-04-08T01:19:03.000Z,2026-04-08T02:03:46.000Z,2683,1.0169408272160796,1.0169408272160796,1.0069053909143548,0.9997369279411155,live
89535,pmusd-precious-metals,pmUSD,below,-105,2026-04-08T00:34:02.000Z,2026-04-08T01:04:03.000Z,1801,0.9891679999999999,0.9891679999999999,0.9939161508707404,0.9996880332399459,live
89534,pusd-pleasing,PUSD,below,-109,2026-04-07T22:48:58.000Z,2026-04-08T15:04:38.000Z,58540,0.9888844001907864,0.9888844001907864,0.996865,0.9997568717548375,live
89532,usdaf-asymmetry,USDaf,below,-160,2026-04-07T22:18:50.000Z,,,0.98665,0.98391,,0.9997496050000001,live
89533,dgld-gold-token-sa,DGLD,below,-162,2026-04-07T22:18:50.000Z,2026-04-08T09:19:24.000Z,39634,4633.5305531015,4633.5305531015,4795.55,4710,live
89531,dgld-gold-token-sa,DGLD,below,-161,2026-04-07T20:34:32.000Z,2026-04-07T21:33:53.000Z,3561,4620,4620,4633.5305531015,4695.695395,live
89981,xnk-kinka,XNK,below,-173,2026-04-07T15:02:40.000Z,2026-04-07T17:02:24.000Z,7184,4641.90765733758,4641.90765733758,4661.779759861463,4723.404276023449,backfill
88283,pmusd-precious-metals,pmUSD,below,-148,2026-04-07T09:19:21.000Z,2026-04-07T10:49:26.000Z,5405,0.985037,0.985037,0.9939354738972117,0.9998720043922592,live
88282,pmusd-precious-metals,pmUSD,below,-209,2026-04-07T08:04:21.000Z,2026-04-07T08:49:30.000Z,2709,0.9788043137311917,0.9788043137311917,0.9938450617077357,0.99970608397792,live
88281,pmusd-precious-metals,pmUSD,below,-213,2026-04-07T05:04:43.000Z,2026-04-07T06:19:14.000Z,4471,0.978466,0.978466,0.993322,0.9997779838980003,live
88280,pmusd-precious-metals,pmUSD,below,-179,2026-04-07T02:04:35.000Z,2026-04-07T03:49:45.000Z,6310,0.9820309999999999,0.9820309999999999,0.993469,0.9999549400000001,live
88279,pmusd-precious-metals,pmUSD,below,-185,2026-04-07T00:19:51.000Z,2026-04-07T01:19:52.000Z,3601,0.981207,0.981207,0.993477,0.99965849,live
88278,usdb-blast,USDB,above,110,2026-04-06T19:49:45.000Z,2026-04-06T20:19:45.000Z,1800,1.011,1.011,1.0035012890291055,0.9999829275106389,live
88277,pmusd-precious-metals,pmUSD,below,-157,2026-04-06T17:19:58.000Z,2026-04-06T18:19:45.000Z,3587,0.984088,0.984088,0.992356,0.9997750000000002,live
88276,usdb-blast,USDB,above,103,2026-04-06T16:19:38.000Z,2026-04-06T16:49:59.000Z,1821,1.01,1.01,1.006154,0.9997050415514334,live
88275,usdb-blast,USDB,above,102,2026-04-06T15:04:35.000Z,2026-04-06T15:49:46.000Z,2711,1.010041,1.010041,1.006154,0.99985353182,live
88274,pmusd-precious-metals,pmUSD,below,-104,2026-04-06T12:49:41.000Z,2026-04-06T14:49:43.000Z,7202,0.9895616255708851,0.9895616255708851,0.992433,0.9999284900000001,live
88273,usdb-blast,USDB,above,101,2026-04-06T10:49:12.000Z,2026-04-06T13:04:38.000Z,8126,1.010041,1.010041,1.002,0.9999037349715417,live
88177,mxnb-juno,MXNB,above,179,2026-04-06T00:19:10.000Z,2026-04-07T14:22:18.000Z,136988,0.05674,0.05674,0.05631,0.055744,live
88176,ggbr-goldfish-gold,GGBR,above,152,2026-04-05T12:34:10.000Z,2026-04-07T08:49:30.000Z,159320,4.69,4.69,4.68,4.619890000000001,live
88175,yusd-aegis,YUSD,below,-170,2026-04-05T02:49:34.000Z,2026-04-07T08:49:30.000Z,194396,0.982848,0.982848,0.998585,0.9998761960617614,live
89526,axcnh-anchorx,AxCNH,below,-219,2026-04-05T00:00:00.000Z,2026-04-07T00:00:00.000Z,172800,0.9781263847597508,0.9781263847597508,0.9861493088660493,1,backfill
89697,ausdt-tether-alloy,aUSD₮,below,-137,2026-04-03T23:04:51.000Z,2026-04-04T13:02:41.000Z,50270,0.9874839738989675,0.9862632418446203,0.996876865257408,1,backfill
89696,ausdt-tether-alloy,aUSD₮,below,-139,2026-04-03T19:03:24.000Z,2026-04-03T22:05:00.000Z,10896,0.9861460384216445,0.9861460384216445,0.9903579324361906,1,backfill
88174,xaum-matrixdock,XAUm,above,150,2026-04-03T10:49:05.000Z,2026-04-07T20:04:27.000Z,378922,4731.5324240859,4731.5324240859,4668.2399909941,4661.76,live
88173,xaum-matrixdock,XAUm,above,151,2026-04-03T07:19:13.000Z,2026-04-03T08:19:25.000Z,3612,4731.5434487481,4731.5434487481,4709.096074,4661.1,live
88172,xaum-matrixdock,XAUm,above,155,2026-04-03T05:34:28.000Z,2026-04-03T06:19:17.000Z,2689,4732.390614,4732.390614,4732.390614,4660,live
88171,btcusd-btcfi,BtcUSD,above,176,2026-04-03T05:19:17.000Z,2026-04-07T08:49:30.000Z,358213,1.0173491506050687,1.0173491506050687,1.007,0.9997344089680172,live
88170,xaum-matrixdock,XAUm,above,155,2026-04-03T04:04:45.000Z,2026-04-03T05:04:34.000Z,3589,4732.390614,4732.390614,4732.390614,4660,live
88169,btcusd-btcfi,BtcUSD,above,173,2026-04-03T03:49:35.000Z,2026-04-03T04:49:19.000Z,3584,1.017,1.017,0.991452,0.9997344089680172,live
88168,xaum-matrixdock,XAUm,above,155,2026-04-03T02:19:40.000Z,2026-04-03T03:49:35.000Z,5395,4732.390614,4732.390614,4732.390614,4660.5122155,live
88167,btcusd-btcfi,BtcUSD,above,131,2026-04-03T01:20:00.000Z,2026-04-03T03:34:32.000Z,8072,1.013015796011414,1.013015796011414,0.991452,0.999928,live
88165,pusd-pleasing,PUSD,below,-103,2026-04-02T23:19:36.000Z,2026-04-07T18:34:22.000Z,414886,0.9896570960715717,0.9896570960715717,0.989995,0.9999119531995753,live
88163,pgold-pleasing,PGOLD,below,-540,2026-04-02T18:19:56.000Z,2026-04-07T14:49:09.000Z,419353,4416.40559,4416.40559,4608.5338012652,4644.725,live
88161,dola-inverse-finance,DOLA,below,-130,2026-04-02T18:04:18.000Z,2026-04-03T15:49:20.000Z,78302,0.9867631552,0.9867631552,0.992112,0.9997552782805534,live
88162,usdz-anzen,USDz,below,-102,2026-04-02T18:04:18.000Z,2026-04-02T18:49:40.000Z,2722,0.9895895362609539,0.9895895362609539,1.004725,0.9997552782805534,live
88159,xaum-matrixdock,XAUm,above,163,2026-04-02T13:34:11.000Z,2026-04-02T14:18:59.000Z,2688,4667.6701288393,4667.6701288393,4658.137135,4592.83377705,live
88158,xaum-matrixdock,XAUm,above,157,2026-04-02T12:19:00.000Z,2026-04-02T13:04:05.000Z,2705,4667.6701288393,4667.6701288393,4658.137135,4595.4605481,live
88156,dgld-gold-token-sa,DGLD,above,180,2026-04-02T02:48:50.000Z,2026-04-07T09:04:25.000Z,454535,4743.8874214746,4743.8874214746,4633.5305531015,4660,live
88155,pmusd-precious-metals,pmUSD,below,-152,2026-04-01T23:33:47.000Z,2026-04-02T00:18:49.000Z,2702,0.984654,0.984654,0.993582,0.9999001307091865,live
88154,pmusd-precious-metals,pmUSD,below,-138,2026-04-01T22:48:43.000Z,2026-04-01T23:18:52.000Z,1809,0.986064,0.986064,0.993859,0.9998627610964512,live
88153,usdb-blast,USDB,above,102,2026-04-01T22:33:40.000Z,2026-04-01T23:03:46.000Z,1806,1.01,1.01,1.004896,0.999834,live
88150,pmusd-precious-metals,pmUSD,below,-180,2026-04-01T20:19:41.000Z,2026-04-01T21:04:42.000Z,2701,0.981755,0.981755,0.990344,0.9997929184673071,live
88148,pmusd-precious-metals,pmUSD,below,-182,2026-04-01T19:34:36.000Z,2026-04-01T20:04:52.000Z,1816,0.9816249999999999,0.9816249999999999,0.990267,0.9997929184673071,live
88147,usdz-anzen,USDz,below,-155,2026-04-01T16:19:18.000Z,2026-04-02T05:48:45.000Z,48567,0.984309,0.984309,1.004725,0.9998450000000001,live
88146,dola-inverse-finance,DOLA,below,-131,2026-04-01T15:19:14.000Z,2026-04-02T01:48:41.000Z,37767,0.9866410492,0.9866410492,0.991096,0.999752,live
89980,xnk-kinka,XNK,above,286,2026-04-01T15:02:34.000Z,2026-04-02T02:03:37.000Z,39663,4761.177022953082,4787.626450647373,4700.283949641814,4679.6380942237565,backfill
88144,pmusd-precious-metals,pmUSD,below,-159,2026-04-01T14:04:28.000Z,2026-04-01T19:19:35.000Z,18907,0.984953,0.9838890000000001,0.990456,0.9998343127038276,live
88143,pmusd-precious-metals,pmUSD,below,-139,2026-04-01T13:04:37.000Z,2026-04-01T13:49:15.000Z,2678,0.9858839999999999,0.9858839999999999,0.990255,0.9998116535660635,live
88141,pmusd-precious-metals,pmUSD,below,-115,2026-04-01T11:19:01.000Z,2026-04-01T12:19:09.000Z,3608,0.9883364491224418,0.9883364491224418,0.990231,0.9998517050155079,live
88140,zarp-zarp,ZARP,above,154,2026-04-01T10:48:59.000Z,2026-04-07T14:22:28.000Z,531209,0.059483,0.059483,0.059163,0.058582,live
88139,usdb-blast,USDB,above,102,2026-04-01T06:48:40.000Z,2026-04-01T07:33:55.000Z,2715,1.01,1.01,1.006798,0.9997578862628884,live
88138,pusd-pleasing,PUSD,below,-112,2026-04-01T02:33:45.000Z,2026-04-01T18:19:36.000Z,56751,0.988454,0.988454,0.990664,0.9996927493741417,live
88137,pmusd-precious-metals,pmUSD,below,-115,2026-04-01T02:18:39.000Z,2026-04-01T04:48:42.000Z,9003,0.9880691563006897,0.9880691563006897,0.989809,0.9995925548137967,live
88136,pmusd-precious-metals,pmUSD,below,-114,2026-04-01T00:18:59.000Z,2026-04-01T01:04:01.000Z,2702,0.9882160187228961,0.9882160187228961,0.990316,0.9996373875,live
89420,gyen-gyen,GYEN,above,2544,2026-04-01T00:00:00.000Z,2026-04-07T00:00:00.000Z,518400,1.1584381845850629,1.254380342303502,0.9712128753718199,1,backfill
88135,pmusd-precious-metals,pmUSD,below,-132,2026-03-31T23:18:53.000Z,2026-03-31T23:48:52.000Z,1799,0.986496,0.986496,0.990245,0.9996972670073822,live
88134,zarp-zarp,ZARP,below,-150,2026-03-31T23:03:59.000Z,2026-04-01T10:48:59.000Z,42300,0.058241,0.058241,0.059483,0.05912554,live
88133,pmusd-precious-metals,pmUSD,below,-125,2026-03-31T21:48:53.000Z,2026-03-31T22:48:55.000Z,3602,0.987423,0.987157,0.990245,0.9996997851863461,live
88131,pmusd-precious-metals,pmUSD,below,-133,2026-03-31T18:33:54.000Z,2026-03-31T20:33:59.000Z,7205,0.985874,0.985874,0.990078,0.9991379105131056,live
88130,pmusd-precious-metals,pmUSD,below,-134,2026-03-31T15:33:59.000Z,2026-03-31T16:18:56.000Z,2697,0.9862525387846761,0.9862525387846761,0.990325,0.9996415930289231,live
88129,dola-inverse-finance,DOLA,below,-101,2026-03-31T15:04:14.000Z,2026-03-31T18:33:54.000Z,12580,0.989527,0.989527,0.989458,0.9996535,live
88127,pusd-pleasing,PUSD,below,-109,2026-03-31T14:19:04.000Z,2026-04-01T01:18:56.000Z,39592,0.988819,0.988819,0.995841,0.9996872168461266,live
88128,dgld-gold-token-sa,DGLD,below,-152,2026-03-31T14:19:04.000Z,2026-04-02T02:48:50.000Z,131386,4519.46,4519.46,4743.8874214746,4589.0103899999995,live
88126,pmusd-precious-metals,pmUSD,below,-294,2026-03-31T09:48:45.000Z,2026-03-31T14:04:12.000Z,15327,0.970307,0.970307,0.99044,0.999693165,live
88125,pmusd-precious-metals,pmUSD,below,-190,2026-03-31T07:48:47.000Z,2026-03-31T08:18:45.000Z,1798,0.980627,0.980627,0.992318,0.99965887,live
89979,xnk-kinka,XNK,below,-230,2026-03-31T07:03:12.000Z,2026-03-31T16:02:51.000Z,32379,4552.407332696363,4543.226826949123,4618.730043075891,4628.034892299528,backfill
88124,pmusd-precious-metals,pmUSD,below,-163,2026-03-31T06:33:51.000Z,2026-03-31T07:18:42.000Z,2691,0.9833646685967117,0.9833646685967117,0.992395,0.9996910000000003,live
88123,pmusd-precious-metals,pmUSD,below,-144,2026-03-31T05:03:51.000Z,2026-03-31T05:48:39.000Z,2688,0.9852313404425794,0.9852313404425794,0.992215,0.9996658620933168,live
88122,pmusd-precious-metals,pmUSD,below,-143,2026-03-31T04:03:53.000Z,2026-03-31T04:48:44.000Z,2691,0.985299,0.985299,0.992215,0.9996241758302857,live
88121,pmusd-precious-metals,pmUSD,below,-112,2026-03-31T03:18:43.000Z,2026-03-31T03:48:39.000Z,1796,0.988458,0.988458,0.992215,0.9996431748143912,live
88120,pmusd-precious-metals,pmUSD,below,-112,2026-03-31T02:18:34.000Z,2026-03-31T03:03:50.000Z,2716,0.988366,0.988366,0.992215,0.99961142,live
88119,pmusd-precious-metals,pmUSD,below,-223,2026-03-31T01:03:45.000Z,2026-03-31T01:48:27.000Z,2682,0.977337,0.977337,0.992364,0.9996564224530426,live
88118,pmusd-precious-metals,pmUSD,below,-196,2026-03-31T00:04:25.000Z,2026-03-31T00:48:59.000Z,2674,0.9800399999999999,0.9800399999999999,0.99216,0.9996298414018413,live
88117,pmusd-precious-metals,pmUSD,below,-208,2026-03-30T23:18:29.000Z,2026-03-30T23:48:28.000Z,1799,0.9788279999999999,0.9788279999999999,0.992326,0.9995765899591145,live
89978,xnk-kinka,XNK,below,-173,2026-03-30T20:02:31.000Z,2026-03-31T01:03:04.000Z,18033,4503.461069566939,4509.67246547105,4536.228579105341,4576.314177552994,backfill
88116,pmusd-precious-metals,pmUSD,below,-181,2026-03-30T18:33:45.000Z,2026-03-30T19:18:44.000Z,2699,0.981372,0.981372,0.992244,0.999426325,live
88115,pmusd-precious-metals,pmUSD,below,-150,2026-03-30T14:48:31.000Z,2026-03-30T15:18:45.000Z,1814,0.984548,0.984548,0.99215,0.999567,live
88114,tgbp-tokenised,tGBP,above,164,2026-03-30T14:03:40.000Z,2026-03-31T19:48:52.000Z,107112,1.34,1.34,1.332623,1.31837592,live
89977,xnk-kinka,XNK,below,-180,2026-03-30T01:03:20.000Z,2026-03-30T02:03:44.000Z,3624,4434.797765031693,4434.797765031693,4468.9183217792215,4516.056347494198,backfill
88108,pmusd-precious-metals,pmUSD,below,-227,2026-03-29T15:34:21.000Z,2026-03-29T16:19:15.000Z,2694,0.976909,0.976909,0.991758,0.9995949225,live
88106,pmusd-precious-metals,pmUSD,below,-213,2026-03-29T14:19:13.000Z,2026-03-29T14:49:17.000Z,1804,0.978467,0.978467,0.991742,0.99973494,live
88105,pmusd-precious-metals,pmUSD,below,-200,2026-03-29T13:04:24.000Z,2026-03-29T14:04:16.000Z,3592,0.979633,0.979633,0.991742,0.9996235,live
88104,pmusd-precious-metals,pmUSD,below,-200,2026-03-29T12:18:50.000Z,2026-03-29T12:49:00.000Z,1810,0.979667,0.979667,0.991753,0.999646605,live
88103,pmusd-precious-metals,pmUSD,below,-199,2026-03-29T09:48:48.000Z,2026-03-29T10:18:47.000Z,1799,0.979743,0.979743,0.991783,0.999592,live
88102,pmusd-precious-metals,pmUSD,below,-170,2026-03-29T08:48:48.000Z,2026-03-29T09:18:47.000Z,1799,0.982677,0.982677,0.99215,0.999695295,live
88101,pmusd-precious-metals,pmUSD,below,-221,2026-03-29T07:00:50.000Z,2026-03-29T07:33:55.000Z,1985,0.977287,0.977287,0.991544,0.999367,live
88100,pmusd-precious-metals,pmUSD,below,-266,2026-03-29T05:48:30.000Z,2026-03-29T06:33:35.000Z,2705,0.973003,0.973003,0.991709,0.9996054,live
88099,pmusd-precious-metals,pmUSD,below,-237,2026-03-29T04:03:35.000Z,2026-03-29T04:48:31.000Z,2696,0.975941,0.975941,0.991756,0.999668165,live
88098,pmusd-precious-metals,pmUSD,below,-250,2026-03-29T03:15:29.000Z,2026-03-29T03:48:31.000Z,1982,0.974637,0.974637,0.991766,0.9996627,live
88097,pmusd-precious-metals,pmUSD,below,-277,2026-03-29T01:48:33.000Z,2026-03-29T02:48:32.000Z,3599,0.971905,0.971905,0.9918,0.99963061,live
88096,pmusd-precious-metals,pmUSD,below,-213,2026-03-28T21:48:31.000Z,2026-03-28T22:18:31.000Z,1800,0.978373,0.978373,0.992109,0.999642395,live
89695,ausdt-tether-alloy,aUSD₮,below,-149,2026-03-28T21:02:05.000Z,2026-03-29T00:02:06.000Z,10801,0.9894768371283275,0.9851441782702605,0.9972542949676106,1,backfill
88095,pmusd-precious-metals,pmUSD,below,-208,2026-03-28T19:49:00.000Z,2026-03-28T20:19:00.000Z,1800,0.978885,0.978885,0.99206,0.999627885,live
88094,pmusd-precious-metals,pmUSD,below,-221,2026-03-28T18:03:59.000Z,2026-03-28T18:49:01.000Z,2702,0.977634,0.977634,0.991904,0.9997140875,live
88093,pmusd-precious-metals,pmUSD,below,-207,2026-03-28T17:04:03.000Z,2026-03-28T17:48:47.000Z,2684,0.978917,0.978917,0.991984,0.99963906,live
88092,pmusd-precious-metals,pmUSD,below,-205,2026-03-28T16:04:06.000Z,2026-03-28T16:48:53.000Z,2687,0.979164,0.979164,0.992261,0.9996929769094058,live
88091,pmusd-precious-metals,pmUSD,below,-219,2026-03-28T15:04:10.000Z,2026-03-28T15:48:53.000Z,2683,0.977697,0.977697,0.992287,0.9996091895244088,live
88090,pmusd-precious-metals,pmUSD,below,-256,2026-03-28T13:18:56.000Z,2026-03-28T14:04:15.000Z,2719,0.974103,0.974103,0.992322,0.9997149122536572,live
88089,usdn-noble,USDN,above,106,2026-03-27T22:48:33.000Z,2026-03-27T23:03:37.000Z,904,1.0100525200000001,1.0100525200000001,1.00080673,0.9994774900000001,live
89976,xnk-kinka,XNK,below,-163,2026-03-27T01:02:16.000Z,2026-03-27T02:02:20.000Z,3604,4381.468595872474,4381.468595872474,4414.4431699369525,4453.909019850959,backfill
88751,idrt-rupiah-token,IDRT,below,-314,2026-03-27T00:00:00.000Z,2026-03-29T00:00:00.000Z,172800,0.9686350832052327,0.9686350832052327,0.9895943687096884,1,backfill
89975,xnk-kinka,XNK,below,-197,2026-03-26T20:03:12.000Z,2026-03-26T23:02:36.000Z,10764,4363.632374626166,4363.632374626166,4407.145298194611,4451.237666414759,backfill
89974,xnk-kinka,XNK,below,-152,2026-03-26T18:02:41.000Z,2026-03-26T19:03:19.000Z,3638,4383.083721845065,4383.083721845065,4391.1853142362515,4450.91562241651,backfill
89973,xnk-kinka,XNK,above,157,2026-03-26T05:04:29.000Z,2026-03-26T06:03:47.000Z,3558,4518.865367796442,4518.865367796442,4449.568641705757,4448.836120498899,backfill
88088,pmusd-precious-metals,pmUSD,below,-275,2026-03-26T02:16:04.000Z,2026-03-27T00:18:40.000Z,79356,0.983592,0.97221,0.992614,0.999663,live
89972,xnk-kinka,XNK,above,187,2026-03-26T01:03:39.000Z,2026-03-26T03:04:37.000Z,7258,4531.170765193339,4531.170765193339,4510.5943503229055,4448.192566941341,backfill
88087,pmusd-precious-metals,pmUSD,below,-136,2026-03-25T19:19:28.000Z,2026-03-25T19:49:37.000Z,1809,0.986129,0.986129,0.994592927960666,0.9997080715546707,live
88086,pmusd-precious-metals,pmUSD,below,-138,2026-03-25T18:19:29.000Z,2026-03-25T18:49:26.000Z,1797,0.985951,0.985951,0.9944238604959611,0.9997110763850464,live
88085,satusd-river,satUSD,below,-100,2026-03-25T17:19:38.000Z,2026-03-25T18:04:40.000Z,2702,0.989713,0.989713,0.994046,0.999683,live
89971,xnk-kinka,XNK,above,194,2026-03-25T15:02:54.000Z,2026-03-25T20:03:17.000Z,18023,4571.397665321746,4571.397665321746,4526.059601398066,4484.259325332598,backfill
88080,pmusd-precious-metals,pmUSD,below,-114,2026-03-25T12:49:38.000Z,2026-03-25T13:19:49.000Z,1811,0.988412,0.988412,0.994208445135447,0.99977126,live
89970,xnk-kinka,XNK,above,174,2026-03-25T12:02:28.000Z,2026-03-25T13:03:16.000Z,3648,4574.742195113669,4574.742195113669,4547.22164335234,4496.432727822552,backfill
88076,rai-reflexer,RAI,above,13603,2026-03-25T09:34:44.000Z,2026-03-25T10:19:37.000Z,2693,3.3,3.3,,1.3981271437245135,live
88073,pmusd-precious-metals,pmUSD,below,-122,2026-03-25T06:48:20.000Z,2026-03-25T07:33:20.000Z,2700,0.987579,0.987579,0.9937776819867824,0.999825,live
88072,pmusd-precious-metals,pmUSD,below,-148,2026-03-25T02:48:19.000Z,2026-03-25T03:18:23.000Z,1804,0.984973,0.984973,0.991073,0.9997287129858659,live
88070,kau-kinesis,KAU,below,-153,2026-03-24T20:49:15.000Z,2026-03-24T21:18:20.000Z,1745,141.26,141.26,143.68,143.4558811709293,live
88071,pmusd-precious-metals,pmUSD,below,-174,2026-03-24T20:49:15.000Z,2026-03-24T21:33:25.000Z,2650,0.982431,0.982431,0.9936021510222574,0.999794,live
88069,pmusd-precious-metals,pmUSD,below,-261,2026-03-24T18:50:04.000Z,2026-03-24T20:34:40.000Z,6276,0.974681,0.973539,0.9935595032996343,0.999599,live
88068,kag-kinesis,KAG,above,212,2026-03-24T15:49:18.000Z,2026-03-24T16:04:32.000Z,914,70.167,70.167,69.778,68.709,live
88067,kag-kinesis,KAG,below,-176,2026-03-24T13:49:13.000Z,2026-03-24T14:04:23.000Z,910,68.25,68.25,68.25,69.47,live
89969,xnk-kinka,XNK,below,-270,2026-03-24T12:01:51.000Z,2026-03-24T21:01:55.000Z,32404,4402.083807370617,4387.909162488208,4474.7130710850715,4473.669956013988,backfill
89968,xnk-kinka,XNK,below,-201,2026-03-24T04:03:03.000Z,2026-03-24T07:01:26.000Z,10703,4340.6231841991275,4342.855852576793,4396.56089001735,4425.996065028049,backfill
89967,xnk-kinka,XNK,below,-196,2026-03-24T02:03:14.000Z,2026-03-24T03:03:05.000Z,3591,4327.594422821431,4327.594422821431,4356.603448717935,4414.065975836392,backfill
88065,apxusd-apyx,apxUSD,above,1257,2026-03-23T18:18:51.000Z,2026-03-23T18:48:51.000Z,1800,1.1253962479037112,1.1253962479037112,0.999977,0.9997451755544473,live
89966,xnk-kinka,XNK,above,171,2026-03-23T15:02:26.000Z,2026-03-23T16:02:24.000Z,3598,4468.458944916083,4468.458944916083,4379.669756795756,4393.173766307036,backfill
89965,xnk-kinka,XNK,above,202,2026-03-23T13:02:23.000Z,2026-03-23T14:02:22.000Z,3599,4479.954557873933,4479.954557873933,4448.728866879867,4391.248308324596,backfill
88064,pmusd-precious-metals,pmUSD,below,-231,2026-03-23T12:34:02.000Z,2026-03-23T13:49:00.000Z,4498,0.976326,0.976326,0.993141589417225,0.999380295,live
88063,yusd-aegis,YUSD,above,141,2026-03-23T11:18:37.000Z,2026-03-31T19:48:52.000Z,721815,1.014,1.014,0.99793,0.999893,live
89964,xnk-kinka,XNK,below,-425,2026-03-23T06:01:52.000Z,2026-03-23T12:02:26.000Z,21634,4316.942924365546,4199.905728487171,4383.636935806091,4384.5037254626,backfill
88062,lusd-liquity,LUSD,above,276,2026-03-23T01:48:33.000Z,2026-04-01T11:04:12.000Z,810939,1.01105114,1.027202694438007,1.006,0.99981907,live
88061,xaum-matrixdock,XAUm,above,166,2026-03-23T00:48:36.000Z,2026-03-31T09:18:47.000Z,721811,4495.451559251222,4495.451559251222,4583.976517,4421.984595,live
88060,kau-kinesis,KAU,below,-412,2026-03-22T22:15:47.000Z,2026-03-23T15:48:54.000Z,63187,138.97,137.2,143.11,144.59111211283832,live
88059,kau-kinesis,KAU,above,176,2026-03-22T22:01:29.000Z,2026-03-22T22:15:47.000Z,858,147.03,147.03,138.97,144.49375747953644,live
88058,btcusd-btcfi,BtcUSD,above,191,2026-03-22T21:02:15.000Z,2026-03-22T22:01:29.000Z,3554,1.019,1.015,1.002715,0.9999021575868027,live
88057,kag-kinesis,KAG,below,-301,2026-03-22T20:02:23.000Z,2026-03-22T22:45:44.000Z,9801,66.16,65.97,69.3,67.938004,live
88056,kag-kinesis,KAG,below,-157,2026-03-22T18:16:03.000Z,2026-03-22T18:46:05.000Z,1802,66.87,66.87,67.24,67.938004,live
88055,kag-kinesis,KAG,below,-222,2026-03-22T17:15:59.000Z,2026-03-22T18:01:54.000Z,2755,66.59,66.43,67.27,67.938004,live
88054,kau-kinesis,KAU,below,-944,2026-03-22T17:01:06.000Z,2026-03-22T21:45:54.000Z,17088,139.41,130.84,147.07,144.47877103251062,live
89963,xnk-kinka,XNK,above,282,2026-03-22T16:02:33.000Z,2026-03-23T01:02:31.000Z,32398,4494.418887217521,4507.975856577257,4345.1581845160845,4424.225088852072,backfill
88052,eurs-stasis,EURS,below,-973,2026-03-22T15:30:59.000Z,2026-03-22T16:15:59.000Z,2700,1.041,1.041,1.25,1.1532609714860098,live
88051,eurs-stasis,EURS,above,641,2026-03-22T15:15:56.000Z,2026-03-22T15:30:59.000Z,903,1.229133,1.229133,1.041,1.15505137,live
88050,eurs-stasis,EURS,below,-982,2026-03-22T14:16:01.000Z,2026-03-22T15:15:56.000Z,3595,1.041,1.041,1.229133,1.1532609714860098,live
88049,kag-kinesis,KAG,below,-251,2026-03-22T14:01:00.000Z,2026-03-22T15:00:55.000Z,3595,66.23,66.23,68.44,67.938004,live
88048,pgold-pleasing,PGOLD,below,-437,2026-03-22T13:45:59.000Z,2026-03-23T17:04:01.000Z,98282,4327.46,4327.46,4459.33,4495.225657522478,live
88047,usdm-moneta,USDM,above,111,2026-03-22T12:30:41.000Z,2026-03-22T15:00:55.000Z,9014,1.011,1.011,1.005,0.99988972,live
88046,kag-kinesis,KAG,above,252,2026-03-22T10:15:41.000Z,2026-03-22T11:00:41.000Z,2700,69.65,69.65,67.4,67.938004,live
88044,kag-kinesis,KAG,below,-165,2026-03-22T10:00:40.000Z,2026-03-22T10:15:41.000Z,901,66.82,66.82,69.65,67.938004,live
88043,kag-kinesis,KAG,below,-162,2026-03-22T08:00:33.000Z,2026-03-22T08:30:35.000Z,1802,66.89,66.84,66.68,67.938004,live
88042,kau-kinesis,KAU,above,954,2026-03-22T07:00:35.000Z,2026-03-22T17:01:06.000Z,36031,154.97,158.31,139.41,145.4076510956272,live
88041,pmusd-precious-metals,pmUSD,below,-156,2026-03-22T04:45:25.000Z,2026-03-22T05:45:28.000Z,3603,0.984976,0.984322,0.9930897660895602,0.999908,live
88039,pmusd-precious-metals,pmUSD,below,-152,2026-03-22T04:15:26.000Z,2026-03-22T04:30:31.000Z,905,0.984692,0.984692,0.9930819482608325,0.9999252342643657,live
88040,satusd-river,satUSD,below,-177,2026-03-22T04:15:26.000Z,2026-03-22T04:45:25.000Z,1799,0.98226,0.98226,0.994894,0.9999252342643657,live
88037,gyd-gyroscope,GYD,below,-1519,2026-03-22T04:00:30.000Z,2026-03-22T09:45:40.000Z,20710,0.8480239228617057,0.8480239228617057,0.992463,0.9999197328078903,live
88038,kau-kinesis,KAU,below,-312,2026-03-22T04:00:30.000Z,2026-03-22T07:00:35.000Z,10805,140.23,139.99,154.97,144.49641001950894,live
88035,pmusd-precious-metals,pmUSD,above,101,2026-03-22T03:45:37.000Z,2026-03-22T04:00:30.000Z,893,1.01,1.01,0.9930406102196331,0.9999197328078903,live
88036,btcusd-btcfi,BtcUSD,below,-132,2026-03-22T03:45:37.000Z,2026-03-22T04:30:31.000Z,2694,0.988199,0.986764,0.996581,0.9999197328078903,live
88034,dola-inverse-finance,DOLA,below,-1037,2026-03-22T02:45:24.000Z,2026-03-22T04:30:31.000Z,6307,0.895972,0.895972,0.993664,0.9996752011041053,live
88032,aid-gaib,AID,below,-182,2026-03-22T02:15:22.000Z,2026-03-22T10:15:41.000Z,28819,0.981968,0.981717,0.998805,0.9996752011041053,live
88045,usr-resolv,USR,below,-9025,2026-03-22T02:04:57.000Z,,,0.99952,0.09753741,,0.99975,live
88030,gyd-gyroscope,GYD,below,-1519,2026-03-22T02:00:26.000Z,2026-03-22T03:45:37.000Z,6311,0.8480239228617057,0.8480239228617057,0.992463,0.9999108420524638,live
88031,kag-kinesis,KAG,above,234,2026-03-22T02:00:26.000Z,2026-03-22T03:00:36.000Z,3610,69.35,69.53,68.69,68.020206,live
88029,gyd-gyroscope,GYD,below,-1519,2026-03-22T01:30:28.000Z,2026-03-22T01:45:27.000Z,899,0.8480239228617057,0.8480239228617057,0.992463,0.999871514502662,live
88027,usdx-hex-trust,USDX,below,-736,2026-03-22T01:15:27.000Z,2026-04-07T08:49:30.000Z,1409643,0.973532,0.926212,0.9993225953424966,0.999837,live
88026,gyd-gyroscope,GYD,below,-1519,2026-03-22T01:00:30.000Z,2026-03-22T01:15:27.000Z,897,0.8480239228617057,0.8480239228617057,0.992463,0.999879,live
88024,eure-monerium,EURE,below,-259,2026-03-22T00:15:25.000Z,2026-03-22T01:00:30.000Z,2705,1.13,1.13,1.16,1.16,live
88025,tryb-bilira,TRYB,below,-317,2026-03-22T00:15:25.000Z,2026-03-22T20:47:09.000Z,73904,0.02205603,0.02188218,0.02233756,0.02257,live
88750,idrt-rupiah-token,IDRT,below,-392,2026-03-22T00:00:00.000Z,2026-03-26T00:00:00.000Z,345600,0.974979818907241,0.9608448067927426,0.9852968012973758,1,backfill
88023,usdm-moneta,USDM,below,-103,2026-03-21T23:00:26.000Z,2026-03-22T01:45:27.000Z,9901,0.989604,0.989604,0.998885,0.999871,live
88021,gyd-gyroscope,GYD,below,-1519,2026-03-21T21:45:27.000Z,2026-03-22T00:45:37.000Z,10810,0.8480239228617057,0.8480239228617057,0.992463,0.999876,live
88022,cgo-comtech,CGO,below,-153,2026-03-21T21:45:27.000Z,2026-03-21T22:00:27.000Z,900,143.25,143.25,143.51,145.4738633446549,live
88019,satusd-river,satUSD,below,-102,2026-03-21T21:30:40.000Z,2026-03-21T21:45:27.000Z,887,0.989666,0.989666,0.995891,0.9998676400000001,live
88020,pmusd-precious-metals,pmUSD,below,-156,2026-03-21T21:30:40.000Z,2026-03-21T22:00:27.000Z,1787,0.98429,0.98429,0.993205971181988,0.9998676400000001,live
88017,kau-kinesis,KAU,above,831,2026-03-21T17:00:38.000Z,2026-03-22T04:00:30.000Z,39592,147.67,157.41,140.23,145.2463919058361,live
88018,idrt-rupiah-token,IDRT,below,-261,2026-03-21T17:00:38.000Z,2026-03-31T04:48:44.000Z,820086,0.00005746,0.00005746,0.0000669,0.00005893,live
88016,aid-gaib,AID,below,-375,2026-03-21T15:45:40.000Z,2026-03-22T00:15:25.000Z,30585,0.962498,0.962311,0.998329,0.9997905400486382,live
88013,tryb-bilira,TRYB,below,-362,2026-03-21T15:15:34.000Z,2026-03-21T23:15:28.000Z,28794,0.02178393,0.02176572,0.02260749,0.02257,live
88014,usdx-hex-trust,USDX,below,-669,2026-03-21T15:00:37.000Z,2026-03-22T00:00:30.000Z,32393,0.961045,0.932958,0.993919,0.999783,live
88015,usdm-moneta,USDM,below,-125,2026-03-21T15:00:37.000Z,2026-03-21T16:45:35.000Z,6298,0.987255,0.987255,1.004,0.999783,live
88012,a7a5-old-vector,A7A5,below,-185,2026-03-21T14:30:42.000Z,2026-03-21T21:30:40.000Z,25198,0.01185476,0.01185039,0.01200069,0.012074,live
88011,kag-kinesis,KAG,below,-387,2026-03-21T14:00:36.000Z,2026-03-21T19:00:35.000Z,17999,66.63,65.31,67.54,67.938004,live
88010,kau-kinesis,KAU,below,-316,2026-03-21T12:30:46.000Z,2026-03-21T17:00:38.000Z,16192,142.17,139.97,147.67,144.5407952516376,live
88009,cgo-comtech,CGO,below,-158,2026-03-21T12:15:42.000Z,2026-03-21T12:30:46.000Z,904,143.23,143.23,143.37,145.5285583854023,live
88007,a7a5-old-vector,A7A5,below,-225,2026-03-21T11:45:37.000Z,2026-03-21T13:45:38.000Z,7201,0.01180285,0.01180285,0.01189807,0.012074,live
88008,usdm-moneta,USDM,below,-136,2026-03-21T11:30:42.000Z,2026-03-21T13:30:42.000Z,7200,0.986264,0.986264,0.999261,0.999865,live
88006,kag-kinesis,KAG,above,407,2026-03-21T11:00:37.000Z,2026-03-21T14:00:36.000Z,10799,70.52,70.7,66.63,67.938004,live
88005,cgo-comtech,CGO,below,-180,2026-03-21T10:00:37.000Z,2026-03-21T10:15:34.000Z,897,143.05,143.05,143.38,145.67445333954993,live
88004,kau-kinesis,KAU,above,460,2026-03-21T08:30:38.000Z,2026-03-21T10:00:37.000Z,5399,149.78,152.17,146.85,145.44846262006604,live
88003,cgo-comtech,CGO,below,-151,2026-03-21T07:45:23.000Z,2026-03-21T08:15:21.000Z,1798,143.22,143.2,143.28,145.40046635165768,live
88002,cgo-comtech,CGO,below,-168,2026-03-21T06:00:30.000Z,2026-03-21T06:15:22.000Z,892,143.04,143.04,143.39,145.489101378475,live
88001,cgo-comtech,CGO,below,-161,2026-03-21T05:15:23.000Z,2026-03-21T05:30:28.000Z,905,143.14,143.14,143.61,145.48714330286302,live
88000,kau-kinesis,KAU,above,163,2026-03-21T05:00:25.000Z,2026-03-21T05:15:23.000Z,898,147.4,147.4,147.4,145.039584142166,live
87999,cgo-comtech,CGO,below,-154,2026-03-21T04:45:24.000Z,2026-03-21T05:00:25.000Z,901,143.25,143.25,143.07,145.48551466445448,live
87998,cgo-comtech,CGO,below,-168,2026-03-21T04:00:22.000Z,2026-03-21T04:30:32.000Z,1810,143.29,143.06,143.68,145.4970569576031,live
87997,pmusd-precious-metals,pmUSD,below,-199,2026-03-21T03:45:22.000Z,2026-03-21T06:00:30.000Z,8108,0.980295,0.979968,0.9932679032364742,0.999875,live
87996,cgo-comtech,CGO,below,-156,2026-03-21T03:15:20.000Z,2026-03-21T03:30:26.000Z,906,143.22,143.22,143.54,145.4945913679436,live
87995,pmusd-precious-metals,pmUSD,below,-201,2026-03-21T02:45:42.000Z,2026-03-21T03:30:26.000Z,2684,0.979762,0.979762,0.9916249161328704,0.999901038239543,live
87994,cgo-comtech,CGO,below,-156,2026-03-21T02:15:41.000Z,2026-03-21T03:00:42.000Z,2701,143.21,143.2,143.53,145.45944842112456,live
87992,pmusd-precious-metals,pmUSD,below,-215,2026-03-21T01:45:43.000Z,2026-03-21T02:30:45.000Z,2702,0.979101,0.978367,0.9916120239447248,0.999829,live
87993,aid-gaib,AID,below,-364,2026-03-21T01:45:43.000Z,2026-03-21T13:30:42.000Z,42299,0.963502,0.963433,0.998387,0.999829,live
87991,cgo-comtech,CGO,below,-162,2026-03-21T01:30:46.000Z,2026-03-21T01:45:43.000Z,897,143.26,143.26,143.51,145.61898178661565,live
87990,cgo-comtech,CGO,below,-177,2026-03-21T00:15:44.000Z,2026-03-21T00:30:46.000Z,902,142.94,142.94,143.42,145.50870480814055,live
87989,pmusd-precious-metals,pmUSD,below,-233,2026-03-21T00:00:40.000Z,2026-03-21T01:30:46.000Z,5406,0.97687,0.976531,0.9916120782878753,0.999889,live
88560,tryb-bilira,TRYB,below,-191,2026-03-21T00:00:00.000Z,2026-03-23T00:00:00.000Z,172800,0.9808886168897176,0.9808886168897176,1.0011755024889133,1,backfill
87988,pmusd-precious-metals,pmUSD,below,-232,2026-03-20T22:45:41.000Z,2026-03-20T23:45:44.000Z,3603,0.979625,0.976635,0.9916115809389295,0.999878,live
87987,usdm-moneta,USDM,above,133,2026-03-20T22:15:45.000Z,2026-03-20T23:00:44.000Z,2699,1.013,1.013,1.001,0.999709801604714,live
87984,kau-kinesis,KAU,above,653,2026-03-20T22:00:46.000Z,2026-03-21T04:45:24.000Z,24278,155.1,155.08,147.4,145.60387094699954,live
87985,cgo-comtech,CGO,below,-169,2026-03-20T22:00:46.000Z,2026-03-20T22:15:45.000Z,899,143.14,143.14,143.61,145.60387094699954,live
87986,kag-kinesis,KAG,above,806,2026-03-20T22:00:46.000Z,2026-03-21T03:00:42.000Z,17996,69.96,73.37,68.62,67.9,live
87983,a7a5-old-vector,A7A5,below,-224,2026-03-20T21:30:46.000Z,2026-03-21T11:30:42.000Z,50396,0.01177339,0.01180294,0.01180326,0.01203119,live
87982,gyd-gyroscope,GYD,below,-1519,2026-03-20T19:31:15.000Z,2026-03-21T21:15:45.000Z,92670,0.8480239228617057,0.8480239228617057,0.992463,0.9998715,live
87981,pusd-pleasing,PUSD,below,-653,2026-03-20T19:16:23.000Z,2026-03-26T06:18:55.000Z,471752,0.93558,0.934703,0.9899,0.9998009999999999,live
87980,a7a5-old-vector,A7A5,above,235,2026-03-20T18:31:30.000Z,2026-03-20T20:31:13.000Z,7183,0.01186235,0.01188022,0.01188056,0.011608,live
87975,pmusd-precious-metals,pmUSD,below,-289,2026-03-20T17:31:18.000Z,2026-03-20T20:16:10.000Z,9892,0.974156,0.970928,0.991644411680184,0.9997925054770931,live
87976,gyd-gyroscope,GYD,below,-1519,2026-03-20T17:31:18.000Z,2026-03-20T19:16:23.000Z,6305,0.8480239228617057,0.8480239228617057,0.992463,0.9997925054770931,live
87977,a7a5-old-vector,A7A5,above,219,2026-03-20T17:31:18.000Z,2026-03-20T18:01:23.000Z,1805,0.01186252,0.01186252,0.01186242,0.011608,live
87978,pusd-pleasing,PUSD,above,349,2026-03-20T17:31:18.000Z,2026-03-20T19:16:23.000Z,6305,1.027185870795235,1.03471673317264,0.93558,0.9997925054770931,live
87974,pusd-pleasing,PUSD,below,-634,2026-03-20T17:16:10.000Z,2026-03-20T17:31:18.000Z,908,0.936414,0.936414,1.027185870795235,0.9998037701013818,live
87972,gyd-gyroscope,GYD,below,-1518,2026-03-20T17:01:20.000Z,2026-03-20T17:16:10.000Z,890,0.8480239228617057,0.8480239228617057,0.992463,0.9997771627406735,live
87971,gyd-gyroscope,GYD,below,-1518,2026-03-20T16:31:15.000Z,2026-03-20T16:46:22.000Z,907,0.8480239228617057,0.8480239228617057,0.992463,0.9997771627406735,live
87973,pusd-pleasing,PUSD,above,349,2026-03-20T16:31:15.000Z,2026-03-20T17:16:10.000Z,2695,1.03471673317264,1.03471673317264,0.936414,0.9997771627406735,live
87968,pmusd-precious-metals,pmUSD,below,-252,2026-03-20T16:01:18.000Z,2026-03-20T17:16:10.000Z,4492,0.974679,0.974679,0.9903483034810684,0.9998515,live
87969,gyd-gyroscope,GYD,below,-1519,2026-03-20T16:01:18.000Z,2026-03-20T16:16:20.000Z,902,0.8480239228617057,0.8480239228617057,0.992463,0.9998515,live
87970,a7a5-old-vector,A7A5,below,-176,2026-03-20T16:01:18.000Z,2026-03-20T16:16:20.000Z,902,0.01175517,0.01175517,0.01186108,0.01196551,live
87967,pusd-pleasing,PUSD,below,-535,2026-03-20T15:46:25.000Z,2026-03-20T16:31:15.000Z,2690,0.948172,0.946271,1.03471673317264,0.9997798875675336,live
87966,gyd-gyroscope,GYD,below,-1519,2026-03-20T15:31:23.000Z,2026-03-20T15:46:25.000Z,902,0.8480239228617057,0.8480239228617057,0.992463,0.9998754999999999,live
87963,pmusd-precious-metals,pmUSD,below,-264,2026-03-20T14:46:15.000Z,2026-03-20T15:46:25.000Z,3610,0.976431,0.973399,0.9903645915181883,0.9998568724683189,live
87961,xaum-matrixdock,XAUm,above,156,2026-03-20T14:31:43.000Z,2026-03-20T14:46:15.000Z,872,4648.400802752872,4648.400802752872,4615.63,4576.92947947,live
87962,ggbr-goldfish-gold,GGBR,above,426,2026-03-20T14:31:43.000Z,2026-03-23T09:18:35.000Z,240412,4.67,4.68,4.2,4.57692947947,live
87960,dgld-gold-token-sa,DGLD,above,518,2026-03-20T14:16:32.000Z,2026-03-23T11:18:37.000Z,248525,4697.31,4728.39,4258.69,4627.57873,live
87965,kag-kinesis,KAG,below,-188,2026-03-20T14:16:32.000Z,2026-03-20T15:01:16.000Z,2684,70.34,70.34,69.02,71.6851,live
87958,usdx-hex-trust,USDX,below,-688,2026-03-20T14:01:34.000Z,2026-03-21T14:15:39.000Z,87245,0.968844,0.931188,0.995535,0.999777,live
87959,gyd-gyroscope,GYD,below,-1519,2026-03-20T14:01:34.000Z,2026-03-20T15:16:32.000Z,4498,0.8480239228617057,0.8480239228617057,0.992463,0.999777,live
87964,a7a5-old-vector,A7A5,below,-202,2026-03-20T14:01:34.000Z,2026-03-20T15:31:23.000Z,5389,0.01137356,0.01137356,0.01181079,0.011608,live
87957,pmusd-precious-metals,pmUSD,below,-276,2026-03-20T13:46:58.000Z,2026-03-20T14:31:43.000Z,2685,0.975401,0.972098,0.990366070459112,0.999735,live
87956,gyd-gyroscope,GYD,below,-1518,2026-03-20T13:31:34.000Z,2026-03-20T13:46:58.000Z,924,0.8480239228617057,0.8480239228617057,0.992463,0.999808,live
87954,pmusd-precious-metals,pmUSD,below,-241,2026-03-20T13:16:49.000Z,2026-03-20T13:31:34.000Z,885,0.975654,0.975654,0.9903986192245297,0.999783,live
87953,aeur-anchored-coins,AEUR,below,-172,2026-03-20T13:01:35.000Z,2026-03-20T13:16:49.000Z,914,1.14,1.14,1.14,1.16,live
87951,gyd-gyroscope,GYD,below,-1518,2026-03-20T12:46:37.000Z,2026-03-20T13:16:49.000Z,1812,0.8480239228617057,0.8480239228617057,0.992463,0.99970792,live
87952,usda-anzens,USDA,below,-111,2026-03-20T12:46:37.000Z,2026-03-20T13:01:35.000Z,898,0.988578,0.988578,0.99868276,0.99970792,live
89962,xnk-kinka,XNK,above,233,2026-03-20T12:02:33.000Z,2026-03-20T14:02:48.000Z,7215,4667.672660946455,4678.668729579122,4625.2394337557425,4576.6351423073875,backfill
87950,pmusd-precious-metals,pmUSD,below,-236,2026-03-20T11:46:26.000Z,2026-03-20T12:01:50.000Z,924,0.976176,0.976176,0.990450106697426,0.9998,live
87949,pmusd-precious-metals,pmUSD,below,-201,2026-03-20T11:16:29.000Z,2026-03-20T11:31:29.000Z,900,0.979779,0.979779,0.9902367579180574,0.9999148798046071,live
87948,aeur-anchored-coins,AEUR,below,-172,2026-03-20T11:01:27.000Z,2026-03-20T11:16:29.000Z,902,1.14,1.14,1.15,1.16,live
87946,pmusd-precious-metals,pmUSD,below,-167,2026-03-20T09:45:57.000Z,2026-03-20T10:16:25.000Z,1828,0.983157,0.983157,0.9900897959717202,0.9998386666479783,live
87947,a7a5-old-vector,A7A5,below,-276,2026-03-20T09:45:57.000Z,2026-03-20T10:00:57.000Z,900,0.01155116,0.01155116,0.01160005,0.01187934,live
87944,zarp-zarp,ZARP,above,153,2026-03-20T09:01:00.000Z,2026-03-20T09:15:57.000Z,897,0.059484,0.059484,0.059427,0.058586,live
87943,a7a5-old-vector,A7A5,below,-183,2026-03-20T08:46:00.000Z,2026-03-20T09:01:00.000Z,900,0.01160455,0.01160455,0.01160476,0.01182054,live
87945,usdx-hex-trust,USDX,below,-481,2026-03-20T08:46:00.000Z,2026-03-20T10:46:27.000Z,7227,0.951857,0.951857,0.997182,0.9999281673198568,live
87942,zarp-zarp,ZARP,above,153,2026-03-20T08:16:01.000Z,2026-03-20T08:46:00.000Z,1799,0.059467,0.059481,0.059484,0.058586,live
87941,a7a5-old-vector,A7A5,below,-269,2026-03-20T08:00:59.000Z,2026-03-20T08:02:10.000Z,71,0.01160474,0.01160474,0.01160474,0.011926,live
87940,usdx-hex-trust,USDX,below,-210,2026-03-20T07:15:53.000Z,2026-03-20T08:00:59.000Z,2706,0.978726,0.978726,0.993992,0.9997431880163754,live
87939,a7a5-old-vector,A7A5,below,-284,2026-03-20T07:00:51.000Z,2026-03-20T07:45:51.000Z,2700,0.01158715,0.01158715,0.01160436,0.011926,live
87938,dgld-gold-token-sa,DGLD,above,273,2026-03-20T05:46:18.000Z,2026-03-20T10:00:57.000Z,15279,4783.33,4797.62,4696.96,4696.654354494455,live
87936,a7a5-old-vector,A7A5,below,-284,2026-03-20T05:31:01.000Z,2026-03-20T05:46:18.000Z,917,0.01158727,0.01158727,0.0115869,0.011926,live
87933,gyd-gyroscope,GYD,below,-1519,2026-03-20T05:15:58.000Z,2026-03-20T10:16:25.000Z,18027,0.8480239228617057,0.8480239228617057,0.992463,0.9998095,live
87934,dgld-gold-token-sa,DGLD,above,150,2026-03-20T05:15:58.000Z,2026-03-20T05:31:01.000Z,903,4783.17,4783.17,4783.17,4712.44445581,live
87932,eurs-stasis,EURS,above,783,2026-03-20T04:46:26.000Z,2026-03-22T14:16:01.000Z,206975,1.23,1.24,1.041,1.16,live
87935,usdx-hex-trust,USDX,below,-687,2026-03-20T04:46:26.000Z,2026-03-20T07:00:51.000Z,8065,0.931041,0.931041,0.994562,0.9997482490671799,live
87931,a7a5-old-vector,A7A5,below,-284,2026-03-20T04:01:21.000Z,2026-03-20T04:46:26.000Z,2705,0.01158727,0.01158727,0.01158708,0.011926,live
89961,xnk-kinka,XNK,above,247,2026-03-20T03:02:32.000Z,2026-03-20T11:03:17.000Z,28845,4696.467527824648,4726.606173358338,4644.998709696704,4616.997180337978,backfill
87929,eurs-stasis,EURS,below,-2652,2026-03-20T03:00:31.000Z,2026-03-20T04:46:26.000Z,6355,0.852307,0.852414,1.23,1.1575792413049961,live
87930,a7a5-old-vector,A7A5,below,-284,2026-03-20T03:00:31.000Z,2026-03-20T03:46:01.000Z,2730,0.01158792,0.01158774,0.01158806,0.011926,live
87927,kag-kinesis,KAG,above,232,2026-03-20T02:00:53.000Z,2026-03-20T03:00:31.000Z,3578,74.27,74.27,73.84,72.588,live
87928,usdm-moneta,USDM,above,113,2026-03-20T02:00:53.000Z,2026-03-20T04:16:25.000Z,8132,1.011,1.011,1.001,0.9997435024475042,live
87926,zarp-zarp,ZARP,above,150,2026-03-20T01:45:52.000Z,2026-03-20T02:00:53.000Z,901,0.059464,0.059464,0.059452,0.058586,live
87924,usdm-moneta,USDM,above,142,2026-03-20T00:30:42.000Z,2026-03-20T01:15:53.000Z,2711,1.014,1.014,1.003,0.9997769999999999,live
87923,idrt-rupiah-token,IDRT,below,-341,2026-03-19T23:45:28.000Z,2026-03-20T17:01:20.000Z,62152,0.00005718,0.00005718,0.00005825,0.0000592,live
87920,gyd-gyroscope,GYD,below,-1520,2026-03-19T22:31:00.000Z,2026-03-20T04:16:25.000Z,20725,0.8480239228617057,0.8480239228617057,0.992463,0.999878316119116,live
87917,gyd-gyroscope,GYD,below,-1519,2026-03-19T21:00:57.000Z,2026-03-19T22:16:00.000Z,4503,0.8480239228617057,0.8480239228617057,0.992463,0.9995123228269487,live
87916,a7a5-old-vector,A7A5,below,-297,2026-03-19T19:45:53.000Z,2026-03-20T02:45:32.000Z,25179,0.01173232,0.01157157,0.01158791,0.011926,live
87915,gyd-gyroscope,GYD,below,-1519,2026-03-19T18:45:48.000Z,2026-03-19T20:46:04.000Z,7216,0.8480239228617057,0.8480239228617057,0.992463,0.9997724299999999,live
87913,gyd-gyroscope,GYD,below,-1133,2026-03-19T18:00:51.000Z,2026-03-19T18:30:59.000Z,1808,0.8865205786591451,0.8865205786591451,0.992463,0.9997604695285096,live
87909,gyd-gyroscope,GYD,below,-1134,2026-03-19T17:00:50.000Z,2026-03-19T17:30:59.000Z,1809,0.8865205786591451,0.8865205786591451,0.992463,0.9998696919521541,live
87905,a7a5-old-vector,A7A5,below,-192,2026-03-19T16:00:37.000Z,2026-03-19T16:45:59.000Z,2722,0.01169667,0.01169667,0.01167039,0.011926,live
87906,gyd-gyroscope,GYD,below,-1132,2026-03-19T15:30:43.000Z,2026-03-19T16:15:52.000Z,2709,0.8865205786591451,0.8865205786591451,0.992463,0.9997293553885698,live
87903,a7a5-old-vector,A7A5,below,-193,2026-03-19T15:00:34.000Z,2026-03-19T15:45:40.000Z,2706,0.01169617,0.01169617,0.01169649,0.011926,live
87904,gyd-gyroscope,GYD,below,-1133,2026-03-19T14:30:39.000Z,2026-03-19T15:15:35.000Z,2696,0.8865205786591451,0.8865205786591451,0.992463,0.9997905,live
87902,gyd-gyroscope,GYD,below,-1133,2026-03-19T13:30:56.000Z,2026-03-19T14:15:33.000Z,2677,0.8865205786591451,0.8865205786591451,0.992463,0.9997568195472077,live
87897,a7a5-old-vector,A7A5,below,-412,2026-03-19T13:15:35.000Z,2026-03-19T14:45:32.000Z,5397,0.01163942,0.01163942,0.0116965,0.01214,live
89960,xnk-kinka,XNK,below,-185,2026-03-19T13:02:17.000Z,2026-03-19T14:02:42.000Z,3625,4579.822872785262,4579.822872785262,4607.213405541189,4666.178834369509,backfill
87896,kag-kinesis,KAG,below,-247,2026-03-19T13:00:31.000Z,2026-03-19T13:15:35.000Z,904,66.97,66.97,67.12,68.666,live
87899,usdx-hex-trust,USDX,below,-7191,2026-03-19T13:00:31.000Z,2026-03-19T23:45:28.000Z,38697,0.280818,0.28081799999999996,0.999915,0.9993544999999999,live
87900,pusd-plume,pUSD,below,-4049,2026-03-19T13:00:31.000Z,2026-03-19T23:45:28.000Z,38697,0.6028719917013058,0.5950584418932542,1.001,0.9993544999999999,live
87901,xaum-matrixdock,XAUm,above,299,2026-03-19T13:00:31.000Z,2026-03-19T13:45:42.000Z,2711,4719.548130372976,4719.548130372976,4569.26,4582.708467500001,live
87894,ggbr-goldfish-gold,GGBR,above,300,2026-03-19T12:46:55.000Z,2026-03-19T14:00:37.000Z,4422,4.72,4.72,4.56,4.609227665000001,live
87895,gyd-gyroscope,GYD,below,-1129,2026-03-19T12:30:40.000Z,2026-03-19T13:15:35.000Z,2695,0.8865205786591451,0.8865205786591451,0.992463,0.9992995,live
87893,ggbr-goldfish-gold,GGBR,above,163,2026-03-19T12:16:28.000Z,2026-03-19T12:30:40.000Z,852,4.74,4.74,4.72,4.663926395637442,live
87888,eure-monerium,EURE,below,-345,2026-03-19T10:46:00.000Z,2026-03-20T05:15:58.000Z,66598,1.13,1.12,1.15,1.15,live
87890,usdx-hex-trust,USDX,below,-7191,2026-03-19T10:31:28.000Z,2026-03-19T11:16:27.000Z,2699,0.280818,0.280818,0.997602,0.9997846385212021,live
87891,gyd-gyroscope,GYD,below,-1133,2026-03-19T10:31:28.000Z,2026-03-19T11:16:27.000Z,2699,0.8865205786591451,0.8865205786591451,0.992463,0.9997846385212021,live
87892,pusd-plume,pUSD,below,-3975,2026-03-19T10:31:28.000Z,2026-03-19T11:16:27.000Z,2699,0.6023276172701832,0.6023276172701832,1,0.9997846385212021,live
87887,ggbr-goldfish-gold,GGBR,above,156,2026-03-19T10:16:35.000Z,2026-03-19T11:16:27.000Z,3592,4.77,4.77,4.75,4.696534767499999,live
87886,eure-monerium,EURE,below,-174,2026-03-19T09:31:28.000Z,2026-03-19T09:46:26.000Z,898,1.13,1.13,1.14,1.15,live
87884,dgld-gold-token-sa,DGLD,above,453,2026-03-19T09:16:28.000Z,2026-03-20T03:30:59.000Z,65671,4777.11,4785.11,4783.33,4701.6904675000005,live
87885,kag-kinesis,KAG,above,240,2026-03-19T09:16:28.000Z,2026-03-19T11:01:29.000Z,6301,71.68,72.23,71.33,70.533997,live
87882,dgld-gold-token-sa,DGLD,above,172,2026-03-19T08:46:04.000Z,2026-03-19T09:01:23.000Z,919,4794.15,4794.15,4784.22,4713.2368114707315,live
87883,gyd-gyroscope,GYD,below,-1133,2026-03-19T08:46:04.000Z,2026-03-19T09:16:28.000Z,1824,0.8865205786591451,0.8865205786591451,0.992463,0.999801,live
87880,eure-monerium,EURE,below,-174,2026-03-19T08:31:27.000Z,2026-03-19T08:46:04.000Z,877,1.13,1.13,1.13,1.15,live
87881,xaum-matrixdock,XAUm,above,192,2026-03-19T08:16:04.000Z,2026-03-19T09:01:23.000Z,2719,4850.561209299054,4850.561209299054,4690.29,4759.146535,live
87879,gyd-gyroscope,GYD,below,-1132,2026-03-19T08:00:56.000Z,2026-03-19T08:31:27.000Z,1831,0.8865205786591451,0.8865205786591451,0.992463,0.9997017622616432,live
87877,gyd-gyroscope,GYD,below,-1133,2026-03-19T07:00:57.000Z,2026-03-19T07:45:34.000Z,2677,0.8865205786591451,0.8865205786591451,0.992463,0.9997964334037578,live
87875,xaum-matrixdock,XAUm,above,247,2026-03-19T06:30:41.000Z,2026-03-19T07:15:52.000Z,2711,4943.865795538253,4943.865795538253,4739.55,4824.9304375,live
87874,kag-kinesis,KAG,below,-266,2026-03-19T06:01:02.000Z,2026-03-19T08:00:56.000Z,7194,74.78,71.72,72.53,76.598999,live
87873,dgld-gold-token-sa,DGLD,below,-158,2026-03-19T04:31:40.000Z,2026-03-19T05:01:41.000Z,1801,4781.45,4781.45,4783.68,4858.0203791760205,live
87872,ggbr-goldfish-gold,GGBR,above,481,2026-03-19T03:01:44.000Z,2026-03-19T10:01:19.000Z,25175,4.94,4.94,4.77,4.85482740136517,live
87867,dgld-gold-token-sa,DGLD,below,-155,2026-03-19T02:01:42.000Z,2026-03-19T02:16:31.000Z,889,4783.08,4783.08,4788.01,4858.348211765604,live
87870,pusd-plume,pUSD,below,-3976,2026-03-19T01:31:48.000Z,2026-03-19T09:16:28.000Z,27880,0.6134577258423317,0.6023276172701832,1.001,0.9997630693882522,live
87871,xaum-matrixdock,XAUm,above,234,2026-03-19T01:31:48.000Z,2026-03-19T02:16:31.000Z,2683,4967.54275469604,4967.54275469604,4817.1,4853.833671852946,live
87865,a7a5-old-vector,A7A5,below,-273,2026-03-18T23:01:15.000Z,2026-03-18T23:46:37.000Z,2722,0.01180943,0.01180912,0.01180987,0.01214,live
87864,usdx-hex-trust,USDX,below,-7191,2026-03-18T22:31:12.000Z,2026-03-19T09:16:28.000Z,38716,0.280818,0.280818,0.997433,0.9998239519655565,live
87862,a7a5-old-vector,A7A5,below,-273,2026-03-18T22:01:11.000Z,2026-03-18T22:46:15.000Z,2704,0.01180955,0.01180913,0.01180922,0.01214,live
87861,usdaf-asymmetry,USDaf,below,-165,2026-03-18T21:16:46.000Z,2026-03-18T22:01:11.000Z,2665,0.983392937101337,0.983392937101337,0.994528,0.9999058758797589,live
87857,a7a5-old-vector,A7A5,below,-280,2026-03-18T20:31:41.000Z,2026-03-18T21:46:19.000Z,4478,0.01185595,0.0118006,0.01180992,0.01214,live
87859,usdaf-asymmetry,USDaf,below,-164,2026-03-18T20:31:41.000Z,2026-03-18T21:01:49.000Z,1808,0.9832477356508939,0.9832477356508939,0.994551,0.999682,live
87854,yusd-aegis,YUSD,above,1631,2026-03-18T19:46:55.000Z,2026-03-18T22:16:14.000Z,8959,1.1626390948,1.1626427983,0.999167,0.99988602,live
87856,usdaf-asymmetry,USDaf,below,-168,2026-03-18T19:31:58.000Z,2026-03-18T20:16:29.000Z,2671,0.9831051101280537,0.9831051101280537,0.994551,0.9998774500000001,live
87852,reusd-resupply,REUSD,below,-580,2026-03-18T18:46:14.000Z,2026-03-18T22:01:11.000Z,11697,0.9419185811690887,0.9419185811690887,0.996925,0.999863,live
87853,usdaf-asymmetry,USDaf,below,-168,2026-03-18T18:46:14.000Z,2026-03-18T19:16:51.000Z,1837,0.9830339902437695,0.9830339902437695,0.994551,0.999863,live
87851,sbc-brale,SBC,below,-449,2026-03-18T18:31:25.000Z,2026-03-18T19:16:51.000Z,2726,0.9550119215159493,0.9550119215159493,1.000318,0.9998821799181072,live
87849,a7a5-old-vector,A7A5,below,-337,2026-03-18T18:16:18.000Z,2026-03-18T20:16:29.000Z,7211,0.01185814,0.01185758,0.01185587,0.012271,live
87850,xaum-matrixdock,XAUm,above,348,2026-03-18T18:16:18.000Z,2026-03-18T23:16:52.000Z,18034,4979.9879032014005,4997.0804980292,4797.89,4883.161995,live
87847,reusd-resupply,REUSD,below,-363,2026-03-18T17:31:26.000Z,2026-03-18T18:16:18.000Z,2692,0.9636180739929077,0.9636180739929077,0.997071,0.9998839798362144,live
87848,sbc-brale,SBC,below,-449,2026-03-18T17:31:26.000Z,2026-03-18T18:16:18.000Z,2692,0.955011921515949,0.955011921515949,1.000318,0.9998839798362144,live
87845,reusd-resupply,REUSD,below,-367,2026-03-18T16:46:14.000Z,2026-03-18T17:16:14.000Z,1800,0.9631569274948092,0.9631569274948092,0.996943,0.9998625950658125,live
87846,sbc-brale,SBC,below,-449,2026-03-18T16:46:14.000Z,2026-03-18T17:16:14.000Z,1800,0.9550119215159492,0.9550119215159492,1.000318,0.9998625950658125,live
87844,kag-kinesis,KAG,below,-208,2026-03-18T16:31:26.000Z,2026-03-18T17:31:26.000Z,3600,75.68,75.83,76.24,77.07,live
87842,reusd-resupply,REUSD,below,-371,2026-03-18T15:46:18.000Z,2026-03-18T16:31:26.000Z,2708,0.9622529555964732,0.9622529555964732,0.996943,0.999309,live
87843,sbc-brale,SBC,below,-443,2026-03-18T15:46:18.000Z,2026-03-18T16:31:26.000Z,2708,0.9550119215159492,0.9550119215159492,1.000318,0.999309,live
87841,a7a5-old-vector,A7A5,below,-337,2026-03-18T15:16:15.000Z,2026-03-18T18:01:17.000Z,9902,0.01186842,0.01185794,0.01185831,0.012271,live
87839,reusd-resupply,REUSD,below,-380,2026-03-18T14:46:19.000Z,2026-03-18T15:31:19.000Z,2700,0.961371363859462,0.961371363859462,0.996943,0.99936,live
87840,sbc-brale,SBC,below,-444,2026-03-18T14:46:19.000Z,2026-03-18T15:31:19.000Z,2700,0.9550119215159492,0.9550119215159492,1.000318,0.99936,live
87837,reusd-resupply,REUSD,below,-394,2026-03-18T13:46:14.000Z,2026-03-18T14:16:18.000Z,1804,0.9605092838186919,0.9605092838186919,0.996943,0.9999,live
87838,sbc-brale,SBC,below,-449,2026-03-18T13:46:14.000Z,2026-03-18T14:16:18.000Z,1804,0.9550119215159492,0.9550119215159492,1.000318,0.9999,live
87833,dgld-gold-token-sa,DGLD,above,289,2026-03-18T13:01:37.000Z,2026-03-18T23:01:15.000Z,35978,4986.98,4991.82,4802.76,4886.39166,live
87836,xaum-matrixdock,XAUm,above,225,2026-03-18T13:01:37.000Z,2026-03-18T17:01:17.000Z,14380,4979.999016500347,4979.999016500346,4849.65,4886.39166,live
87834,reusd-resupply,REUSD,below,-399,2026-03-18T12:46:33.000Z,2026-03-18T13:31:39.000Z,2706,0.9596697469397506,0.9596697469397506,0.996943,0.999558,live
87835,sbc-brale,SBC,below,-446,2026-03-18T12:46:33.000Z,2026-03-18T13:31:39.000Z,2706,0.9550119215159493,0.9550119215159493,1.000318,0.999558,live
87830,mim-abracadabra,MIM,below,-123,2026-03-18T12:16:39.000Z,2026-03-18T12:31:36.000Z,897,0.98727,0.98727,0.9977759845324166,0.99956466,live
87829,kag-kinesis,KAG,below,-237,2026-03-18T12:01:34.000Z,2026-03-18T14:01:21.000Z,7187,77.98,77.94,76.8,79.834999,live
87831,reusd-resupply,REUSD,below,-410,2026-03-18T12:01:34.000Z,2026-03-18T12:31:36.000Z,1802,0.9588512688771451,0.9588512688771451,0.996943,0.9998966151805921,live
87832,sbc-brale,SBC,below,-449,2026-03-18T12:01:34.000Z,2026-03-18T12:31:36.000Z,1802,0.9550119215159493,0.9550119215159493,1.000318,0.9998966151805921,live
87826,reusd-resupply,REUSD,below,-415,2026-03-18T11:16:32.000Z,2026-03-18T11:46:35.000Z,1803,0.958445697800506,0.958445697800506,0.996943,0.999952,live
87827,sbc-brale,SBC,below,-449,2026-03-18T11:16:32.000Z,2026-03-18T11:46:35.000Z,1803,0.955011921515949,0.955011921515949,1.000318,0.999952,live
87828,dusd-dtrinity,dUSD,below,-274,2026-03-18T11:16:32.000Z,2026-03-18T11:46:35.000Z,1803,0.9725139673742846,0.9725139673742846,0.999988,0.999952,live
87823,reusd-resupply,REUSD,below,-422,2026-03-18T10:16:55.000Z,2026-03-18T11:02:01.000Z,2706,0.9576558378277122,0.9576558378277122,0.996943,0.9998148940354561,live
87824,sbc-brale,SBC,below,-448,2026-03-18T10:16:55.000Z,2026-03-18T11:02:01.000Z,2706,0.9550119215159493,0.9550119215159493,1.000318,0.9998148940354561,live
87825,dusd-dtrinity,dUSD,below,-282,2026-03-18T10:16:55.000Z,2026-03-18T11:02:01.000Z,2706,0.9716571764439462,0.9716571764439462,0.999988,0.9998148940354561,live
87818,a7a5-old-vector,A7A5,below,-235,2026-03-18T09:46:53.000Z,2026-03-18T15:01:27.000Z,18874,0.01198205,0.01198205,0.01189842,0.012271,live
87817,feusd-felix,FEUSD,below,-124,2026-03-18T09:17:00.000Z,2026-03-18T09:46:53.000Z,1793,0.987434,0.987434,0.998413,0.9998148940354561,live
87819,reusd-resupply,REUSD,below,-429,2026-03-18T09:17:00.000Z,2026-03-18T10:01:55.000Z,2695,0.9568797926086178,0.9568797926086178,0.996943,0.9998148940354561,live
87820,sbc-brale,SBC,below,-448,2026-03-18T09:17:00.000Z,2026-03-18T10:01:55.000Z,2695,0.9550119215159493,0.9550119215159493,1.000318,0.9998148940354561,live
87821,dusd-dtrinity,dUSD,below,-290,2026-03-18T09:17:00.000Z,2026-03-18T10:01:55.000Z,2695,0.9708119674870321,0.9708119674870321,0.999988,0.9998148940354561,live
87814,reusd-resupply,REUSD,below,-438,2026-03-18T08:31:34.000Z,2026-03-18T09:01:39.000Z,1805,0.9561202080438262,0.9561202080438262,0.996943,0.9998697200149012,live
87815,sbc-brale,SBC,below,-449,2026-03-18T08:31:34.000Z,2026-03-18T09:01:39.000Z,1805,0.9550119215159492,0.9550119215159492,1.000318,0.9998697200149012,live
87816,dusd-dtrinity,dUSD,below,-299,2026-03-18T08:31:34.000Z,2026-03-18T09:01:39.000Z,1805,0.969981518810127,0.969981518810127,0.999988,0.9998697200149012,live
87813,a7a5-old-vector,A7A5,below,-283,2026-03-18T08:16:50.000Z,2026-03-18T09:17:00.000Z,3610,0.01192371,0.01192371,0.01192377,0.012271,live
87809,reusd-resupply,REUSD,below,-442,2026-03-18T07:31:37.000Z,2026-03-18T08:16:50.000Z,2713,0.9555369118122462,0.9555369118122462,0.996943,0.999766,live
87810,sbc-brale,SBC,below,-448,2026-03-18T07:31:37.000Z,2026-03-18T08:16:50.000Z,2713,0.9550119215159493,0.9550119215159493,1.000318,0.999766,live
87811,usdaf-asymmetry,USDaf,below,-128,2026-03-18T07:31:37.000Z,2026-03-18T08:16:50.000Z,2713,0.9869762895310467,0.9869762895310467,0.994613,0.999766,live
87812,dusd-dtrinity,dUSD,below,-306,2026-03-18T07:31:37.000Z,2026-03-18T08:16:50.000Z,2713,0.969166426842074,0.969166426842074,0.999988,0.999766,live
87808,lusd-liquity,LUSD,above,162,2026-03-18T07:16:32.000Z,2026-03-23T00:03:43.000Z,406031,1.0155428753211964,1.0156500579763306,1.00908693,0.99982558,live
87804,reusd-resupply,REUSD,below,-451,2026-03-18T06:31:38.000Z,2026-03-18T07:16:32.000Z,2694,0.9548108920674797,0.9548108920674797,0.997206,0.999888,live
87805,sbc-brale,SBC,below,-449,2026-03-18T06:31:38.000Z,2026-03-18T07:16:32.000Z,2694,0.9550119215159492,0.9550119215159492,1.000318,0.999888,live
87806,usdaf-asymmetry,USDaf,below,-131,2026-03-18T06:31:38.000Z,2026-03-18T07:16:32.000Z,2694,0.9868370908903092,0.9868370908903092,0.994478,0.999888,live
87807,dusd-dtrinity,dUSD,below,-315,2026-03-18T06:31:38.000Z,2026-03-18T07:16:32.000Z,2694,0.9683673331782167,0.9683673331782167,0.999988,0.999888,live
87800,reusd-resupply,REUSD,below,-458,2026-03-18T05:31:42.000Z,2026-03-18T06:16:35.000Z,2693,0.954099028173646,0.954099028173646,0.997206,0.99993,live
87801,sbc-brale,SBC,below,-449,2026-03-18T05:31:42.000Z,2026-03-18T06:16:35.000Z,2693,0.9550119215159493,0.9550119215159493,1.000318,0.99993,live
87802,usdaf-asymmetry,USDaf,below,-132,2026-03-18T05:31:42.000Z,2026-03-18T06:16:35.000Z,2693,0.9867410764279197,0.9867410764279197,0.994478,0.99993,live
87803,dusd-dtrinity,dUSD,below,-324,2026-03-18T05:31:42.000Z,2026-03-18T06:16:35.000Z,2693,0.9675805270487888,0.9675805270487888,0.999988,0.99993,live
87794,reusd-resupply,REUSD,below,-460,2026-03-18T04:46:13.000Z,2026-03-18T05:16:19.000Z,1806,0.9537542513205182,0.9537542513205182,0.997206,0.9997910939253908,live
87795,sbc-brale,SBC,below,-448,2026-03-18T04:46:13.000Z,2026-03-18T05:16:19.000Z,1806,0.9550119215159492,0.9550119215159492,1.000318,0.9997910939253908,live
87797,usdaf-asymmetry,USDaf,below,-131,2026-03-18T04:46:13.000Z,2026-03-18T05:16:19.000Z,1806,0.9866736473312389,0.9866736473312389,0.994541,0.9997910939253908,live
87799,dusd-dtrinity,dUSD,below,-326,2026-03-18T04:46:13.000Z,2026-03-18T05:16:19.000Z,1806,0.9671926114490852,0.9671926114490852,0.999988,0.9997910939253908,live
87792,pmusd-precious-metals,pmUSD,below,-187,2026-03-18T04:16:40.000Z,2026-03-18T04:31:53.000Z,913,0.981088,0.981088,0.9932198783944403,0.9997910939253908,live
87793,lusd-liquity,LUSD,above,158,2026-03-18T04:16:40.000Z,2026-03-18T05:01:31.000Z,2691,1.0155402633421402,1.0155402633421402,1.008855,0.9997910939253908,live
87788,reusd-resupply,REUSD,below,-473,2026-03-18T03:31:17.000Z,2026-03-18T04:01:25.000Z,1808,0.9526279263045615,0.9526279263045615,0.997214,0.9999056402370499,live
87789,sbc-brale,SBC,below,-449,2026-03-18T03:31:17.000Z,2026-03-18T04:01:25.000Z,1808,0.955011921515949,0.955011921515949,1.000318,0.9999056402370499,live
87790,usdaf-asymmetry,USDaf,below,-134,2026-03-18T03:31:17.000Z,2026-03-18T04:01:25.000Z,1808,0.9865183594194834,0.9865183594194834,0.99461,0.9999056402370499,live
87791,dusd-dtrinity,dUSD,below,-339,2026-03-18T03:31:17.000Z,2026-03-18T04:01:25.000Z,1808,0.9660477027418395,0.9660477027418395,0.999988,0.9999056402370499,live
87784,reusd-resupply,REUSD,below,-476,2026-03-18T02:46:12.000Z,2026-03-18T03:16:27.000Z,1815,0.9522913386763824,0.9522913386763824,0.997214,0.9999056402370499,live
87785,sbc-brale,SBC,below,-449,2026-03-18T02:46:12.000Z,2026-03-18T03:16:27.000Z,1815,0.955011921515949,0.955011921515949,1.000318,0.9999056402370499,live
87786,usdaf-asymmetry,USDaf,below,-135,2026-03-18T02:46:12.000Z,2026-03-18T03:16:27.000Z,1815,0.9863656771826298,0.9863656771826298,0.99461,0.9999056402370499,live
87787,dusd-dtrinity,dUSD,below,-342,2026-03-18T02:46:12.000Z,2026-03-18T03:16:27.000Z,1815,0.9656729360550544,0.9656729360550544,0.999988,0.9999056402370499,live
87780,reusd-resupply,REUSD,below,-481,2026-03-18T01:45:46.000Z,2026-03-18T02:30:49.000Z,2703,0.951621519669689,0.951621519669689,0.997214,0.99973402,live
87781,sbc-brale,SBC,below,-447,2026-03-18T01:45:46.000Z,2026-03-18T02:30:49.000Z,2703,0.9550119215159492,0.9550119215159492,1.000318,0.99973402,live
87782,usdaf-asymmetry,USDaf,below,-135,2026-03-18T01:45:46.000Z,2026-03-18T02:30:49.000Z,2703,0.9862362419519082,0.9862362419519082,0.994471,0.99973402,live
87783,dusd-dtrinity,dUSD,below,-348,2026-03-18T01:45:46.000Z,2026-03-18T02:30:49.000Z,2703,0.9649232273687206,0.9649232273687206,0.999988,0.99973402,live
87776,reusd-resupply,REUSD,below,-489,2026-03-18T00:45:51.000Z,2026-03-18T01:30:55.000Z,2704,0.9509619822039771,0.9509619822039771,0.997214,0.999841,live
87777,sbc-brale,SBC,below,-448,2026-03-18T00:45:51.000Z,2026-03-18T01:30:55.000Z,2704,0.955011921515949,0.955011921515949,1.000318,0.999841,live
87778,usdaf-asymmetry,USDaf,below,-137,2026-03-18T00:45:51.000Z,2026-03-18T01:30:55.000Z,2704,0.9861107832069943,0.9861107832069943,0.994471,0.999841,live
87779,dusd-dtrinity,dUSD,below,-357,2026-03-18T00:45:51.000Z,2026-03-18T01:30:55.000Z,2704,0.9641955744896232,0.9641955744896232,0.999988,0.999841,live
87771,a7a5-old-vector,A7A5,below,-199,2026-03-18T00:00:45.000Z,2026-03-18T00:45:51.000Z,2706,0.01216688,0.01216688,0.01216686,0.012414,live
87772,reusd-resupply,REUSD,below,-496,2026-03-17T23:45:45.000Z,2026-03-18T00:15:47.000Z,1802,0.9502306623219314,0.9502306623219314,0.997026,0.9997937597322846,live
87773,sbc-brale,SBC,below,-448,2026-03-17T23:45:45.000Z,2026-03-18T00:15:47.000Z,1802,0.9550119215159492,0.9550119215159492,1.000318,0.9997937597322846,live
87774,usdaf-asymmetry,USDaf,below,-138,2026-03-17T23:45:45.000Z,2026-03-18T00:15:47.000Z,1802,0.9859726802229672,0.9859726802229672,0.99447,0.9997937597322846,live
87775,dusd-dtrinity,dUSD,below,-363,2026-03-17T23:45:45.000Z,2026-03-18T00:15:47.000Z,1802,0.9634803220218979,0.9634803220218979,0.999988,0.9997937597322846,live
87770,a7a5-old-vector,A7A5,below,-199,2026-03-17T23:30:53.000Z,2026-03-17T23:45:45.000Z,892,0.01216689,0.01216689,0.01216651,0.012414,live
87767,sbc-brale,SBC,below,-447,2026-03-17T23:00:48.000Z,2026-03-17T23:30:53.000Z,1805,0.9550119215159492,0.9550119215159492,1.000318,0.9996600977814941,live
87768,usdaf-asymmetry,USDaf,below,-137,2026-03-17T23:00:48.000Z,2026-03-17T23:30:53.000Z,1805,0.9859450041896828,0.9859450041896828,0.994599,0.9996600977814941,live
87769,dusd-dtrinity,dUSD,below,-369,2026-03-17T23:00:48.000Z,2026-03-17T23:30:53.000Z,1805,0.9627769619850765,0.9627769619850765,0.999988,0.9996600977814941,live
89959,xnk-kinka,XNK,above,348,2026-03-17T22:02:54.000Z,2026-03-19T08:03:11.000Z,122417,5007.100880819172,4858.552527522738,4742.15984619365,4931.094888390307,backfill
87761,a7a5-old-vector,A7A5,below,-201,2026-03-17T22:00:45.000Z,2026-03-17T22:45:45.000Z,2700,0.01216555,0.01216499,0.01216553,0.012414,live
87763,sbc-brale,SBC,below,-447,2026-03-17T22:00:45.000Z,2026-03-17T22:45:45.000Z,2700,0.9550119215159492,0.9550119215159492,1.000318,0.999679,live
87764,usdaf-asymmetry,USDaf,below,-139,2026-03-17T22:00:45.000Z,2026-03-17T22:45:45.000Z,2700,0.9858257167217728,0.9858257167217728,0.994599,0.999679,live
87765,dusd-dtrinity,dUSD,below,-376,2026-03-17T22:00:45.000Z,2026-03-17T22:45:45.000Z,2700,0.9620853907954021,0.9620853907954021,0.999988,0.999679,live
87756,sbc-brale,SBC,below,-447,2026-03-17T21:15:44.000Z,2026-03-17T21:45:45.000Z,1801,0.9553033883881529,0.9553033883881529,1.000318,0.999960460611718,live
87758,usdaf-asymmetry,USDaf,below,-143,2026-03-17T21:15:44.000Z,2026-03-17T21:45:45.000Z,1801,0.9856916961190217,0.9856916961190217,0.994599,0.999960460611718,live
87759,ceur-celo,EURm,below,-656,2026-03-17T21:15:44.000Z,2026-03-18T21:16:46.000Z,86462,1.0747150204635738,1.074606767986507,1.15,1.15,live
87760,dusd-dtrinity,dUSD,below,-382,2026-03-17T21:15:44.000Z,2026-03-17T21:45:45.000Z,1801,0.9617435794134612,0.9617435794134612,0.999988,0.999960460611718,live
87754,lusd-liquity,LUSD,above,156,2026-03-17T20:46:08.000Z,2026-03-17T21:30:48.000Z,2680,1.0155324490425521,1.0155324490425521,1.008855,0.999960460611718,live
87753,dusd-dtrinity,dUSD,below,-386,2026-03-17T20:15:48.000Z,2026-03-17T20:46:08.000Z,1820,0.9610696141928485,0.9610696141928485,0.990255,0.9996600977814941,live
87752,usdaf-asymmetry,USDaf,below,-141,2026-03-17T20:00:53.000Z,2026-03-17T20:46:08.000Z,2715,0.9856012252407265,0.9856012252407265,0.994663,0.9996600977814941,live
87750,dusd-dtrinity,dUSD,below,-393,2026-03-17T19:30:50.000Z,2026-03-17T20:00:53.000Z,1803,0.9604065446690122,0.9604065446690122,0.999988,0.999706,live
87749,usdaf-asymmetry,USDaf,below,-144,2026-03-17T19:00:51.000Z,2026-03-17T19:45:55.000Z,2704,0.9854118700899216,0.9854118700899216,0.994613,0.99978908,live
87746,sbc-brale,SBC,below,-447,2026-03-17T18:30:51.000Z,2026-03-17T19:15:45.000Z,2694,0.9550119215159494,0.9550119215159494,1.000318,0.999689,live
87747,dusd-dtrinity,dUSD,below,-399,2026-03-17T18:30:51.000Z,2026-03-17T19:15:45.000Z,2694,0.9597531796851586,0.9597531796851586,0.999991,0.999689,live
87744,reusd-resupply,REUSD,below,-528,2026-03-17T18:15:43.000Z,2026-03-17T23:30:53.000Z,18910,0.947106837832517,0.947106837832517,0.997026,0.9999380730449063,live
87745,usdaf-asymmetry,USDaf,below,-146,2026-03-17T18:15:43.000Z,2026-03-17T18:45:43.000Z,1800,0.9852911482694807,0.9852911482694807,0.994482,0.9999380730449063,live
87742,sbc-brale,SBC,below,-449,2026-03-17T17:30:50.000Z,2026-03-17T18:15:43.000Z,2693,0.9550119215159494,0.9550119215159494,1.000318,0.9999380730449063,live
87743,dusd-dtrinity,dUSD,below,-408,2026-03-17T17:30:50.000Z,2026-03-17T18:15:43.000Z,2693,0.9591102031555601,0.9591102031555601,0.999991,0.9999380730449063,live
87741,a7a5-old-vector,A7A5,below,-188,2026-03-17T17:00:45.000Z,2026-03-17T21:30:48.000Z,16203,0.012180537439042547,0.012180537439042547,0.01216536,0.012414,live
87738,gyen-gyen,GYEN,below,-2344,2026-03-17T16:45:48.000Z,2026-03-31T18:33:54.000Z,1216086,0.00609977,0.00479047,0.007837662169295408,0.00626786,live
87739,sbc-brale,SBC,below,-448,2026-03-17T16:30:48.000Z,2026-03-17T17:15:48.000Z,2700,0.9550119215159492,0.9550119215159492,1.000318,0.9998533383584918,live
87740,dusd-dtrinity,dUSD,below,-414,2026-03-17T16:30:48.000Z,2026-03-17T17:15:48.000Z,2700,0.9584773692709252,0.9584773692709252,0.999991,0.9998533383584918,live
87733,a7a5-old-vector,A7A5,below,-231,2026-03-17T16:00:50.000Z,2026-03-17T16:45:48.000Z,2698,0.01218857,0.01212774,0.01212758,0.012414,live
87734,kag-kinesis,KAG,below,-214,2026-03-17T16:00:50.000Z,2026-03-17T17:00:45.000Z,3595,77.79,77.72,79.67,79.116997,live
87735,reusd-resupply,REUSD,below,-432,2026-03-17T15:45:45.000Z,2026-03-17T16:15:46.000Z,1801,0.956609587225375,0.956609587225375,0.997247,0.9997875793427282,live
87736,sbc-brale,SBC,below,-448,2026-03-17T15:45:45.000Z,2026-03-17T16:15:46.000Z,1801,0.9550119215159493,0.9550119215159493,1.000318,0.9997875793427282,live
87737,dusd-dtrinity,dUSD,below,-416,2026-03-17T15:45:45.000Z,2026-03-17T16:15:46.000Z,1801,0.9581646811172564,0.9581646811172564,0.999991,0.9997875793427282,live
87730,reusd-resupply,REUSD,below,-444,2026-03-17T15:00:47.000Z,2026-03-17T15:30:54.000Z,1807,0.9555644386661066,0.9555644386661066,0.997282,0.9999964394005172,live
87731,sbc-brale,SBC,below,-450,2026-03-17T15:00:47.000Z,2026-03-17T15:30:54.000Z,1807,0.9550119215159493,0.9550119215159493,1.000318,0.9999964394005172,live
87732,dusd-dtrinity,dUSD,below,-424,2026-03-17T15:00:47.000Z,2026-03-17T15:30:54.000Z,1807,0.9575467349255434,0.9575467349255434,0.999991,0.9999964394005172,live
87726,feusd-felix,FEUSD,below,-153,2026-03-17T14:30:52.000Z,2026-03-17T15:00:47.000Z,1795,0.987453,0.984714,0.99537782,0.9999964394005172,live
87727,reusd-resupply,REUSD,below,-447,2026-03-17T14:15:45.000Z,2026-03-17T14:45:48.000Z,1803,0.9550119254784679,0.9550119254784679,0.997282,0.99967,live
87728,sbc-brale,SBC,below,-447,2026-03-17T14:15:45.000Z,2026-03-17T14:45:48.000Z,1803,0.9550119215159493,0.9550119215159493,1.000318,0.99967,live
87729,dusd-dtrinity,dUSD,below,-424,2026-03-17T14:15:45.000Z,2026-03-17T14:45:48.000Z,1803,0.9572413017835156,0.9572413017835156,0.999991,0.99967,live
87723,reusd-resupply,REUSD,below,-456,2026-03-17T13:15:52.000Z,2026-03-17T14:00:51.000Z,2699,0.9539256807089442,0.9539256807089442,0.997282,0.999521,live
87724,sbc-brale,SBC,below,-445,2026-03-17T13:15:52.000Z,2026-03-17T14:00:51.000Z,2699,0.9550119215159492,0.9550119215159492,1.000318,0.999521,live
87725,dusd-dtrinity,dUSD,below,-429,2026-03-17T13:15:52.000Z,2026-03-17T14:00:51.000Z,2699,0.9566381612697069,0.9566381612697069,0.999991,0.999521,live
87720,reusd-resupply,REUSD,below,-470,2026-03-17T12:16:10.000Z,2026-03-17T13:00:47.000Z,2677,0.95288159903781,0.95288159903781,0.997282,0.999884,live
87721,sbc-brale,SBC,below,-449,2026-03-17T12:16:10.000Z,2026-03-17T13:00:47.000Z,2677,0.955011921515949,0.955011921515949,1.000318,0.999884,live
87722,dusd-dtrinity,dUSD,below,-438,2026-03-17T12:16:10.000Z,2026-03-17T13:00:47.000Z,2677,0.956049479146513,0.956049479146513,0.999991,0.999884,live
87717,reusd-resupply,REUSD,below,-480,2026-03-17T11:31:15.000Z,2026-03-17T12:01:22.000Z,1807,0.9519542561574291,0.9519542561574291,0.997442,0.9999729,live
87718,sbc-brale,SBC,below,-450,2026-03-17T11:31:15.000Z,2026-03-17T12:01:22.000Z,1807,0.9550119215159492,0.9550119215159492,1.000318,0.9999729,live
87716,gyen-gyen,GYEN,below,-1426,2026-03-17T11:16:09.000Z,2026-03-17T16:15:46.000Z,17977,0.00593346,0.00537672,0.00620007,0.00625487,live
87711,usdb-blast,USDB,below,-124,2026-03-17T11:01:18.000Z,2026-03-17T11:16:09.000Z,891,0.987085,0.987085,0.992538,0.999491,live
87712,a7a5-old-vector,A7A5,below,-220,2026-03-17T11:01:18.000Z,2026-03-17T15:45:45.000Z,17067,0.01218665,0.01214067,0.01214078,0.012414,live
87710,usdb-blast,USDB,below,-111,2026-03-17T10:31:15.000Z,2026-03-17T10:46:07.000Z,892,0.988454,0.988454,0.990014,0.999564,live
87713,reusd-resupply,REUSD,below,-487,2026-03-17T10:31:15.000Z,2026-03-17T11:16:09.000Z,2694,0.950852183243913,0.950852183243913,0.997442,0.999564,live
87714,sbc-brale,SBC,below,-446,2026-03-17T10:31:15.000Z,2026-03-17T11:16:09.000Z,2694,0.9550119215159493,0.9550119215159493,1.000318,0.999564,live
87707,reusd-resupply,REUSD,below,-493,2026-03-17T09:46:06.000Z,2026-03-17T10:16:08.000Z,1802,0.9503662672927059,0.9503662672927059,0.997375,0.999618,live
87708,sbc-brale,SBC,below,-446,2026-03-17T09:46:06.000Z,2026-03-17T10:16:08.000Z,1802,0.9550119215159494,0.9550119215159494,1.000318,0.999618,live
87709,dusd-dtrinity,dUSD,below,-517,2026-03-17T09:46:06.000Z,2026-03-17T12:01:22.000Z,8116,0.9486580133355662,0.9479081804196121,0.999991,0.999618,live
87706,pusd-plume,pUSD,below,-3727,2026-03-17T09:16:06.000Z,2026-03-18T23:16:52.000Z,136846,0.7006789562923335,0.6272003064952175,1.001,0.999822,live
87703,usdb-blast,USDB,below,-113,2026-03-17T07:01:07.000Z,2026-03-17T07:31:13.000Z,1806,0.988543,0.988543,1.0004989,0.999871,live
87698,usdb-blast,USDB,below,-132,2026-03-17T05:45:58.000Z,2026-03-17T06:46:10.000Z,3612,0.98741,0.986611,0.991637,0.999813,live
87699,gyen-gyen,GYEN,above,306,2026-03-17T05:45:58.000Z,2026-03-17T11:16:09.000Z,19811,0.00643308,0.00642522,0.00593346,0.00625825,live
87700,usdaf-asymmetry,USDaf,below,-114,2026-03-17T05:31:00.000Z,2026-03-17T06:16:07.000Z,2707,0.9883935549596247,0.9883935549596247,0.994472,0.9998290045476685,live
87695,usdb-blast,USDB,below,-110,2026-03-17T05:01:00.000Z,2026-03-17T05:15:59.000Z,899,0.988905,0.988905,0.989996,0.999868,live
87696,usdaf-asymmetry,USDaf,below,-116,2026-03-17T04:45:59.000Z,2026-03-17T05:15:59.000Z,1800,0.9883378506276784,0.9883378506276784,0.994432,0.9998867904368098,live
87697,dusd-dtrinity,dUSD,below,-519,2026-03-17T04:45:59.000Z,2026-03-17T08:46:08.000Z,14409,0.9485487719957737,0.9479810321932685,0.998791,0.9998867904368098,live
87694,usdb-blast,USDB,below,-107,2026-03-17T04:31:08.000Z,2026-03-17T04:45:59.000Z,891,0.989194,0.989194,0.99804828,0.999883,live
87693,pmusd-precious-metals,pmUSD,below,-152,2026-03-17T04:16:07.000Z,2026-03-17T04:31:08.000Z,901,0.984372,0.984372,0.9937722450496431,0.999576,live
87690,tgbp-tokenised,tGBP,above,163,2026-03-17T04:01:02.000Z,2026-03-17T04:45:59.000Z,2697,1.35,1.35,1.34,1.328356,live
87688,eurs-stasis,EURS,above,783,2026-03-17T03:31:02.000Z,2026-03-20T03:00:31.000Z,257369,1.209099,1.24,0.852307,1.15,live
87691,usdaf-asymmetry,USDaf,below,-113,2026-03-17T03:31:02.000Z,2026-03-17T04:16:07.000Z,2705,0.9881819188535457,0.9881819188535457,0.994069,0.999464,live
87692,dusd-dtrinity,dUSD,below,-514,2026-03-17T03:31:02.000Z,2026-03-17T04:16:07.000Z,2705,0.948121088846075,0.948121088846075,0.993988,0.999464,live
87687,tgbp-tokenised,tGBP,above,163,2026-03-17T03:01:01.000Z,2026-03-17T03:46:01.000Z,2700,1.35,1.35,1.35,1.328356,live
87685,tgbp-tokenised,tGBP,above,163,2026-03-17T02:31:02.000Z,2026-03-17T02:46:07.000Z,905,1.35,1.35,1.35,1.328356,live
87686,usdaf-asymmetry,USDaf,below,-118,2026-03-17T02:31:02.000Z,2026-03-17T03:16:02.000Z,2700,0.9880750026405305,0.9880750026405305,0.994444,0.9998992701418096,live
87684,usdaf-asymmetry,USDaf,below,-119,2026-03-17T01:31:03.000Z,2026-03-17T02:15:59.000Z,2696,0.9880221644554552,0.9880221644554552,0.994444,0.9998992701418096,live
87683,usdb-blast,USDB,above,101,2026-03-17T01:16:01.000Z,2026-03-17T01:46:01.000Z,1800,1.01,1.01,0.9991261,0.999948294583783,live
87682,usdaf-asymmetry,USDaf,below,-120,2026-03-17T00:31:05.000Z,2026-03-17T01:16:01.000Z,2696,0.987919187530263,0.987919187530263,0.994526,0.999948294583783,live
87681,usda-anzens,USDA,above,112,2026-03-17T00:16:00.000Z,2026-03-17T00:31:05.000Z,905,1.011,1.011,0.9973600300000001,0.9998180692128255,live
87680,usdaf-asymmetry,USDaf,below,-120,2026-03-16T23:31:05.000Z,2026-03-17T00:16:00.000Z,2695,0.9878117378718546,0.9878117378718546,0.994526,0.9998180692128255,live
87679,usdaf-asymmetry,USDaf,below,-121,2026-03-16T22:31:03.000Z,2026-03-16T23:16:03.000Z,2700,0.9877122420335286,0.9877122420335286,0.994517,0.9998180692128255,live
87678,usdaf-asymmetry,USDaf,below,-122,2026-03-16T21:31:35.000Z,2026-03-16T22:16:28.000Z,2693,0.9876307396452743,0.9876307396452743,0.994517,0.9998180692128255,live
87677,usdaf-asymmetry,USDaf,below,-124,2026-03-16T20:31:29.000Z,2026-03-16T21:16:32.000Z,2703,0.9874584203071518,0.9874584203071518,0.994544,0.9998875734559088,live
87675,pusd-plume,pUSD,below,-3133,2026-03-16T19:31:36.000Z,2026-03-17T04:16:07.000Z,31471,0.6866463538195864,0.6866463538195866,1,0.99964,live
87676,usdaf-asymmetry,USDaf,below,-123,2026-03-16T19:31:36.000Z,2026-03-16T20:16:29.000Z,2693,0.9873647472240985,0.9873647472240985,0.994418,0.99964,live
87674,usnd-nerite,USND,above,302,2026-03-16T18:01:28.000Z,2026-03-16T19:16:27.000Z,4499,1.03,1.03,1.002,0.9998180692128255,live
87672,eure-monerium,EURE,above,174,2026-03-16T17:01:23.000Z,2026-03-16T19:16:27.000Z,8104,1.17,1.17,1.15,1.15,live
87673,idrt-rupiah-token,IDRT,below,-341,2026-03-16T17:01:23.000Z,2026-03-19T23:30:39.000Z,282556,0.00005808,0.00005718,0.00005718,0.000059,live
87671,dgld-gold-token-sa,DGLD,above,198,2026-03-16T16:31:22.000Z,2026-03-16T18:01:28.000Z,5406,5073.79,5075.54,5017.14,4978.992587500001,live
87670,dgld-gold-token-sa,DGLD,above,166,2026-03-16T15:31:23.000Z,2026-03-16T16:16:20.000Z,2697,5067.14,5064.43,5064.43,4989.594999999999,live
87669,dgld-gold-token-sa,DGLD,above,162,2026-03-16T15:01:23.000Z,2026-03-16T15:16:21.000Z,898,5068.11,5068.11,5067.14,4987.323455,live
87666,aeur-anchored-coins,AEUR,below,-174,2026-03-16T10:16:07.000Z,2026-03-16T10:31:13.000Z,906,1.13,1.13,1.14,1.15,live
87662,usda-anzens,USDA,above,131,2026-03-16T07:31:07.000Z,2026-03-16T08:31:08.000Z,3601,1.013,1.013,0.995803,0.9999970600954626,live
87661,usda-anzens,USDA,above,130,2026-03-16T06:00:57.000Z,2026-03-16T06:15:53.000Z,896,1.013,1.013,1.008,0.9999994999999999,live
87660,kag-kinesis,KAG,above,163,2026-03-16T04:00:55.000Z,2026-03-16T05:00:54.000Z,3599,81.55,81.64,81.05,80.332001,live
87657,aeur-anchored-coins,AEUR,below,-174,2026-03-16T00:45:53.000Z,2026-03-16T01:00:55.000Z,902,1.13,1.13,1.14,1.15,live
88749,idrt-rupiah-token,IDRT,below,-301,2026-03-16T00:00:00.000Z,2026-03-20T00:00:00.000Z,345600,0.9844087564914054,0.9698773882194541,0.9941064100821316,1,backfill
87654,idrt-rupiah-token,IDRT,below,-308,2026-03-15T21:15:56.000Z,2026-03-16T16:46:19.000Z,70223,0.00005811,0.00005718,0.00005808,0.000059,live
87652,idrt-rupiah-token,IDRT,below,-151,2026-03-15T20:16:27.000Z,2026-03-15T21:00:57.000Z,2670,0.00005811,0.00005811,0.00005811,0.000059,live
87650,kau-kinesis,KAU,above,250,2026-03-15T20:01:48.000Z,2026-03-15T23:00:55.000Z,10747,163.74,164.35,161.86,160.27521018534893,live
87649,idrt-rupiah-token,IDRT,below,-151,2026-03-15T19:16:32.000Z,2026-03-15T20:01:48.000Z,2716,0.00005811,0.00005811,0.00005811,0.000059,live
87647,idrt-rupiah-token,IDRT,below,-151,2026-03-15T18:16:25.000Z,2026-03-15T19:01:45.000Z,2720,0.00005811,0.00005811,0.00005811,0.000059,live
87645,idrt-rupiah-token,IDRT,below,-153,2026-03-15T17:16:29.000Z,2026-03-15T18:01:43.000Z,2714,0.0000581,0.0000581,0.00005811,0.000059,live
87642,europ-schuman,EUROP,above,175,2026-03-15T16:01:34.000Z,2026-03-15T17:16:29.000Z,4495,1.16,1.16,1.139839,1.14,live
87641,pmusd-precious-metals,pmUSD,below,-236,2026-03-15T15:31:34.000Z,2026-03-15T16:01:34.000Z,1800,0.976229,0.976229,0.993406,0.999826,live
87638,pmusd-precious-metals,pmUSD,below,-227,2026-03-15T15:01:24.000Z,2026-03-15T15:16:30.000Z,906,0.977233,0.977233,0.993512,0.9999311890436956,live
87639,europ-schuman,EUROP,above,175,2026-03-15T15:01:24.000Z,2026-03-15T15:46:25.000Z,2701,1.16,1.16,1.138619,1.14,live
87637,tgbp-tokenised,tGBP,above,176,2026-03-15T14:46:26.000Z,2026-03-15T15:01:24.000Z,898,1.35,1.35,1.34,1.326665,live
87636,usdm-moneta,USDM,below,-122,2026-03-15T14:31:26.000Z,2026-03-15T15:01:24.000Z,1798,0.988911,0.987697,1.001,0.999925,live
87635,tgbp-tokenised,tGBP,above,176,2026-03-15T14:16:24.000Z,2026-03-15T14:31:26.000Z,902,1.35,1.35,1.34,1.326665,live
87631,pmusd-precious-metals,pmUSD,below,-238,2026-03-15T14:01:27.000Z,2026-03-15T14:46:26.000Z,2699,0.976979,0.976044,0.993762,0.9998999900000001,live
87632,lusd-liquity,LUSD,above,161,2026-03-15T14:01:27.000Z,2026-03-17T07:16:07.000Z,148480,1.011,1.0155358094662401,1.008855,0.9998999900000001,live
87633,europ-schuman,EUROP,above,175,2026-03-15T14:01:27.000Z,2026-03-15T14:46:26.000Z,2699,1.16,1.16,1.138619,1.14,live
87629,lusd-liquity,LUSD,above,111,2026-03-15T13:16:24.000Z,2026-03-15T13:46:26.000Z,1802,1.011,1.011,1.009,0.9998849999999999,live
87626,pmusd-precious-metals,pmUSD,below,-201,2026-03-15T12:31:36.000Z,2026-03-15T13:16:24.000Z,2688,0.98426,0.979794,0.993677,0.9997865,live
87627,gyen-gyen,GYEN,below,-2611,2026-03-15T12:31:36.000Z,2026-03-17T05:45:58.000Z,148462,0.00611607,0.00462355,0.00643308,0.00624143,live
87623,usdm-moneta,USDM,above,101,2026-03-15T11:16:01.000Z,2026-03-15T11:31:04.000Z,903,1.01,1.01,1.009,0.99986816,live
87624,europ-schuman,EUROP,above,175,2026-03-15T11:16:01.000Z,2026-03-15T11:46:01.000Z,1800,1.16,1.16,1.140446,1.14,live
87622,pmusd-precious-metals,pmUSD,below,-152,2026-03-15T10:31:03.000Z,2026-03-15T10:46:01.000Z,898,0.984713,0.984713,0.9938629342184129,0.99988,live
87621,tgbp-tokenised,tGBP,above,199,2026-03-15T10:16:02.000Z,2026-03-15T12:31:36.000Z,8134,1.35,1.35,1.34,1.326665,live
87620,kau-kinesis,KAU,above,667,2026-03-15T10:01:00.000Z,2026-03-15T15:01:24.000Z,18024,163.75,171.39,159.37,160.5388461105663,live
87616,pmusd-precious-metals,pmUSD,below,-184,2026-03-15T09:01:01.000Z,2026-03-15T10:16:02.000Z,4501,0.981553,0.981553,0.993214,0.999903,live
87617,europ-schuman,EUROP,above,175,2026-03-15T09:01:01.000Z,2026-03-15T10:16:02.000Z,4501,1.16,1.16,1.140446,1.14,live
87619,idrt-rupiah-token,IDRT,below,-353,2026-03-15T09:01:01.000Z,2026-03-15T17:01:31.000Z,28830,0.00005692,0.00005692,0.0000581,0.000059,live
87615,pmusd-precious-metals,pmUSD,below,-189,2026-03-15T08:31:07.000Z,2026-03-15T08:46:01.000Z,894,0.981005,0.981005,0.9936717144678968,0.9999405937982201,live
87613,europ-schuman,EUROP,above,175,2026-03-15T08:01:00.000Z,2026-03-15T08:46:01.000Z,2701,1.16,1.16,1.140446,1.14,live
87612,pmusd-precious-metals,pmUSD,below,-195,2026-03-15T07:31:00.000Z,2026-03-15T08:16:03.000Z,2703,0.981198,0.98004,0.99322,0.9994957886788689,live
87608,pmusd-precious-metals,pmUSD,below,-190,2026-03-15T07:01:03.000Z,2026-03-15T07:16:04.000Z,901,0.980861,0.980861,0.9936747324459375,0.9998994509870763,live
87609,usdm-moneta,USDM,below,-104,2026-03-15T07:01:03.000Z,2026-03-15T07:16:04.000Z,901,0.989533,0.989533,0.995226,0.9998994509870763,live
87610,europ-schuman,EUROP,above,175,2026-03-15T07:01:03.000Z,2026-03-15T07:46:06.000Z,2703,1.16,1.16,1.140446,1.14,live
87605,pmusd-precious-metals,pmUSD,below,-197,2026-03-15T06:00:58.000Z,2026-03-15T06:46:02.000Z,2704,0.980908,0.980208,0.99322,0.999865,live
87606,europ-schuman,EUROP,above,175,2026-03-15T06:00:58.000Z,2026-03-15T06:46:02.000Z,2704,1.16,1.16,1.137768,1.14,live
87602,pmusd-precious-metals,pmUSD,below,-201,2026-03-15T05:01:01.000Z,2026-03-15T05:15:56.000Z,895,0.979641,0.979641,0.9935601176231315,0.9996959364841763,live
87603,europ-schuman,EUROP,above,175,2026-03-15T05:01:01.000Z,2026-03-15T05:45:59.000Z,2698,1.16,1.16,1.137768,1.14,live
87601,tgbp-tokenised,tGBP,above,199,2026-03-15T04:45:58.000Z,2026-03-15T10:01:00.000Z,18902,1.35,1.35,1.34,1.32370032,live
87600,kau-kinesis,KAU,below,-693,2026-03-15T04:01:00.000Z,2026-03-15T09:01:01.000Z,18001,149.39,149.39,161.66,160.51617985114214,live
87597,europ-schuman,EUROP,above,175,2026-03-15T03:30:59.000Z,2026-03-15T04:15:58.000Z,2699,1.16,1.16,1.137768,1.14,live
87598,tgbp-tokenised,tGBP,above,199,2026-03-15T03:30:59.000Z,2026-03-15T04:15:58.000Z,2699,1.35,1.35,1.345304,1.326665,live
87595,tgbp-tokenised,tGBP,above,195,2026-03-15T02:31:06.000Z,2026-03-15T03:15:58.000Z,2692,1.35,1.35,1.345304,1.326665,live
87593,tgbp-tokenised,tGBP,above,199,2026-03-15T01:31:02.000Z,2026-03-15T02:15:56.000Z,2694,1.35,1.35,1.345304,1.326665,live
87591,tgbp-tokenised,tGBP,above,199,2026-03-15T00:31:01.000Z,2026-03-15T01:16:00.000Z,2699,1.35,1.35,1.345304,1.326665,live
87589,tgbp-tokenised,tGBP,above,199,2026-03-14T23:30:59.000Z,2026-03-15T00:15:58.000Z,2699,1.35,1.35,1.345304,1.326665,live
87587,tgbp-tokenised,tGBP,above,199,2026-03-14T22:30:58.000Z,2026-03-14T23:15:58.000Z,2700,1.35,1.35,1.345304,1.326665,live
87584,europ-schuman,EUROP,above,175,2026-03-14T21:30:58.000Z,2026-03-14T21:45:57.000Z,899,1.16,1.16,1.15,1.14,live
87585,tgbp-tokenised,tGBP,above,199,2026-03-14T21:30:58.000Z,2026-03-14T22:15:59.000Z,2701,1.35,1.35,1.345304,1.326665,live
87581,europ-schuman,EUROP,above,175,2026-03-14T20:31:18.000Z,2026-03-14T21:15:57.000Z,2679,1.16,1.16,1.142691,1.14,live
87582,tgbp-tokenised,tGBP,above,199,2026-03-14T20:31:18.000Z,2026-03-14T21:15:57.000Z,2679,1.35,1.35,1.345304,1.326665,live
87577,lusd-liquity,LUSD,above,165,2026-03-14T20:01:13.000Z,2026-03-15T13:01:27.000Z,61214,1.0159260456662227,1.0159136606768198,1.009,0.999789,live
87578,europ-schuman,EUROP,above,175,2026-03-14T20:01:13.000Z,2026-03-14T20:16:06.000Z,893,1.16,1.16,1.14,1.14,live
87580,kau-kinesis,KAU,above,810,2026-03-14T20:01:13.000Z,2026-03-15T03:00:59.000Z,25186,165.47,174.08,158.38,161.09360682881348,live
87575,usdm-moneta,USDM,below,-110,2026-03-14T19:01:14.000Z,2026-03-14T19:46:10.000Z,2696,0.988835,0.988835,1.002,0.99986655,live
87573,lusd-liquity,LUSD,above,161,2026-03-14T18:31:15.000Z,2026-03-14T19:46:10.000Z,4495,1.0159264316062093,1.0159264316062093,1.000715,0.999806,live
87574,tgbp-tokenised,tGBP,above,199,2026-03-14T18:31:15.000Z,2026-03-14T20:16:06.000Z,6291,1.35,1.35,1.345304,1.326665,live
87570,lusd-liquity,LUSD,above,161,2026-03-14T17:31:10.000Z,2026-03-14T18:16:07.000Z,2697,1.0159263995071144,1.0159263995071144,1.000715,0.999852,live
87571,tgbp-tokenised,tGBP,above,199,2026-03-14T17:31:10.000Z,2026-03-14T18:16:07.000Z,2697,1.35,1.35,1.345304,1.326665,live
87568,usdm-moneta,USDM,above,101,2026-03-14T17:01:12.000Z,2026-03-14T17:16:06.000Z,894,1.01,1.01,1.006,0.999924,live
87566,lusd-liquity,LUSD,above,161,2026-03-14T16:31:09.000Z,2026-03-14T17:16:06.000Z,2697,1.0159285621285272,1.0159285621285272,1.000715,0.999868,live
87567,tgbp-tokenised,tGBP,above,199,2026-03-14T16:31:09.000Z,2026-03-14T17:16:06.000Z,2697,1.35,1.35,1.345304,1.326665,live
87563,lusd-liquity,LUSD,above,161,2026-03-14T15:31:15.000Z,2026-03-14T16:16:05.000Z,2690,1.0159285620067728,1.0159285621405332,1.000715,0.999909,live
87564,tgbp-tokenised,tGBP,above,199,2026-03-14T15:31:15.000Z,2026-03-14T16:16:05.000Z,2690,1.35,1.35,1.345304,1.326665,live
87560,lusd-liquity,LUSD,above,160,2026-03-14T14:31:08.000Z,2026-03-14T15:16:05.000Z,2697,1.0159279492777753,1.0159279492777753,1.000715,0.999937,live
87561,tgbp-tokenised,tGBP,above,199,2026-03-14T14:31:08.000Z,2026-03-14T15:16:05.000Z,2697,1.35,1.35,1.345304,1.326665,live
87557,usdm-moneta,USDM,below,-132,2026-03-14T14:01:07.000Z,2026-03-14T14:46:09.000Z,2702,0.988302,0.986664,1.000013,0.999858,live
87558,eure-monerium,EURE,above,261,2026-03-14T14:01:07.000Z,2026-03-14T15:31:15.000Z,5408,1.17,1.17,1.14,1.1409900800000001,live
87556,lusd-liquity,LUSD,above,161,2026-03-14T13:31:08.000Z,2026-03-14T14:16:04.000Z,2696,1.014,1.0159279434707893,1.000715,0.999964,live
87555,a7a5-old-vector,A7A5,below,-190,2026-03-14T13:01:09.000Z,2026-03-14T13:31:08.000Z,1799,0.01234213,0.01234213,0.01234241,0.012581,live
87552,lusd-liquity,LUSD,above,146,2026-03-14T12:31:11.000Z,2026-03-14T13:16:10.000Z,2699,1.014,1.014,1.000715,0.9994934400000001,live
87553,aeur-anchored-coins,AEUR,below,-174,2026-03-14T12:31:11.000Z,2026-03-14T12:46:11.000Z,900,1.13,1.13,1.13,1.15,live
87549,usdm-moneta,USDM,below,-142,2026-03-14T12:01:38.000Z,2026-03-14T12:46:11.000Z,2673,0.98837,0.985329,1.000013,0.999798,live
87548,lusd-liquity,LUSD,above,151,2026-03-14T11:31:28.000Z,2026-03-14T12:16:11.000Z,2683,1.015,1.015,1.000715,0.999995,live
87551,idrt-rupiah-token,IDRT,below,-8631,2026-03-14T11:31:28.000Z,2026-03-14T20:01:13.000Z,30585,0.0000471,0.00000808,0.00005847,0.000059,live
87546,usdm-moneta,USDM,below,-140,2026-03-14T11:01:34.000Z,2026-03-14T11:46:26.000Z,2692,0.985802,0.985802,0.998907,0.999797,live
87545,lusd-liquity,LUSD,above,151,2026-03-14T10:32:14.000Z,2026-03-14T11:16:23.000Z,2649,1.014,1.015,1.000715,0.9997,live
87543,usdm-moneta,USDM,below,-154,2026-03-14T10:02:04.000Z,2026-03-14T10:46:21.000Z,2657,0.984349,0.984349,1.000013,0.999702,live
87542,lusd-liquity,LUSD,above,152,2026-03-14T09:32:10.000Z,2026-03-14T10:17:02.000Z,2692,1.015,1.015,1.000715,0.999775,live
87540,lusd-liquity,LUSD,above,153,2026-03-14T08:31:59.000Z,2026-03-14T09:17:03.000Z,2704,1.015,1.015,1.000715,0.99971,live
87539,lusd-liquity,LUSD,above,152,2026-03-14T07:30:43.000Z,2026-03-14T08:16:14.000Z,2731,1.015,1.015,1.000715,0.999816,live
87538,a7a5-old-vector,A7A5,below,-156,2026-03-14T06:45:37.000Z,2026-03-14T07:45:36.000Z,3599,0.01238518,0.01238518,0.01246625,0.012581,live
87537,lusd-liquity,LUSD,above,152,2026-03-14T06:30:38.000Z,2026-03-14T07:15:36.000Z,2698,1.014,1.015,1.000715,0.999694,live
87536,usdm-moneta,USDM,below,-130,2026-03-14T06:00:37.000Z,2026-03-14T06:15:36.000Z,899,0.986835,0.986835,1.000013,0.999818,live
87535,lusd-liquity,LUSD,above,152,2026-03-14T05:30:37.000Z,2026-03-14T06:15:36.000Z,2699,1.015,1.015,1.000715,0.999868,live
87534,lusd-liquity,LUSD,above,155,2026-03-14T04:30:41.000Z,2026-03-14T05:15:37.000Z,2696,1.015,1.015,1.000715,0.9994686932997177,live
87533,lusd-liquity,LUSD,above,165,2026-03-14T03:30:39.000Z,2026-03-14T04:15:36.000Z,2697,1.016,1.016,1.000715,0.9994686932997177,live
87532,lusd-liquity,LUSD,above,165,2026-03-14T02:30:41.000Z,2026-03-14T03:15:37.000Z,2696,1.015,1.016,1.000715,0.999771,live
87531,eure-monerium,EURE,above,263,2026-03-14T02:00:40.000Z,2026-03-14T07:00:38.000Z,17998,1.17,1.17,1.15,1.14,live
87530,lusd-liquity,LUSD,above,161,2026-03-14T01:30:41.000Z,2026-03-14T02:15:37.000Z,2696,1.015,1.016,1.000715,0.999827,live
87529,usda-anzens,USDA,below,-113,2026-03-14T01:15:37.000Z,2026-03-14T01:30:41.000Z,904,0.988402,0.988402,0.993829,0.999649,live
87527,kau-kinesis,KAU,above,1091,2026-03-14T01:00:38.000Z,2026-03-14T07:00:38.000Z,21600,178.97,178.97,159.62,161.36817399971062,live
87528,kag-kinesis,KAG,above,649,2026-03-14T01:00:38.000Z,2026-03-15T10:46:01.000Z,121523,84.4,85.93,81.74,80.695,live
87525,lusd-liquity,LUSD,above,154,2026-03-14T00:30:44.000Z,2026-03-14T01:15:37.000Z,2693,1.015,1.015,1.000715,0.999744,live
87524,usda-anzens,USDA,below,-100,2026-03-14T00:15:37.000Z,2026-03-14T00:30:44.000Z,907,0.989782,0.989782,0.993563,0.999824,live
87523,eure-monerium,EURE,above,263,2026-03-14T00:00:42.000Z,2026-03-14T01:00:38.000Z,3596,1.17,1.17,1.15,1.14,live
89529,tgbp-tokenised,tGBP,above,183,2026-03-14T00:00:00.000Z,2026-03-16T00:00:00.000Z,172800,1.0182985630825616,1.0182985630825616,1.0143517866396419,1,backfill
87522,lusd-liquity,LUSD,above,152,2026-03-13T23:30:37.000Z,2026-03-14T00:15:37.000Z,2700,1.013,1.015,1.000715,0.999773,live
87521,usda-anzens,USDA,below,-109,2026-03-13T23:00:40.000Z,2026-03-13T23:15:36.000Z,896,0.988957,0.988957,0.992693,0.999825,live
87519,lusd-liquity,LUSD,above,152,2026-03-13T22:30:40.000Z,2026-03-13T23:15:36.000Z,2696,1.012,1.015,1.000715,0.999745,live
87520,usdm-moneta,USDM,below,-122,2026-03-13T22:30:40.000Z,2026-03-13T23:15:36.000Z,2696,0.987568,0.987568,0.990972,0.999745,live
87518,usdm-moneta,USDM,below,-155,2026-03-13T22:00:37.000Z,2026-03-13T22:15:36.000Z,899,0.984263,0.984263,1.000064,0.999781,live
87517,lusd-liquity,LUSD,above,152,2026-03-13T21:30:47.000Z,2026-03-13T22:15:36.000Z,2689,1.014,1.015,1.000715,0.999819,live
87516,aeur-anchored-coins,AEUR,below,-174,2026-03-13T21:00:46.000Z,2026-03-13T21:15:44.000Z,898,1.13,1.13,1.13,1.15,live
87514,nect-beraborrow,NECT,below,-402,2026-03-13T20:00:46.000Z,,,0.988875,0.959553,,0.999793,live
87513,usdb-blast,USDB,below,-117,2026-03-13T18:00:46.000Z,2026-03-13T19:00:46.000Z,3600,0.98804,0.98804,0.994453,0.999752,live
87510,mim-abracadabra,MIM,below,-106,2026-03-13T16:00:51.000Z,2026-03-13T18:00:46.000Z,7195,0.989712,0.989285,0.995813,0.999782,live
87511,nect-beraborrow,NECT,below,-123,2026-03-13T16:00:51.000Z,2026-03-13T18:00:46.000Z,7195,0.987511,0.987511,0.998451,0.999782,live
87512,gyen-gyen,GYEN,below,-2840,2026-03-13T16:00:51.000Z,2026-03-15T12:00:58.000Z,158407,0.00503811,0.0044689,0.00615628,0.00624794,live
87509,tgbp-tokenised,tGBP,above,199,2026-03-13T15:15:44.000Z,2026-03-14T14:16:04.000Z,82820,1.35,1.35,1.345304,1.326665,live
87508,usda-anzens,USDA,below,-130,2026-03-13T15:00:48.000Z,2026-03-13T16:00:51.000Z,3603,0.986862,0.986862,0.9934,0.9998739287421766,live
87507,nect-beraborrow,NECT,below,-452,2026-03-13T14:15:39.000Z,2026-03-13T15:00:48.000Z,2709,0.955142,0.954697,1,0.9998739287421766,live
87503,pmusd-precious-metals,pmUSD,below,-168,2026-03-13T14:00:46.000Z,2026-03-13T14:15:39.000Z,893,0.982814,0.982814,0.992503,0.999607,live
87504,usdz-anzen,USDz,below,-125,2026-03-13T14:00:46.000Z,2026-03-13T15:00:48.000Z,3602,0.98709,0.98709,0.993981,0.999607,live
87505,usdo-openeden,USDO,below,-105,2026-03-13T14:00:46.000Z,2026-03-13T15:00:48.000Z,3602,0.989393,0.989393,0.998309,0.999607,live
87506,a7a5-old-vector,A7A5,below,-212,2026-03-13T14:00:46.000Z,2026-03-14T05:30:37.000Z,55791,0.01239281,0.01231452,0.0124095,0.012581,live
87499,usd0-usual,USD0,below,-140,2026-03-13T13:30:41.000Z,2026-03-13T13:45:39.000Z,898,0.985937,0.985937,0.989974,0.999893,live
87500,fdusd-first-digital,FDUSD,below,-127,2026-03-13T13:30:41.000Z,2026-03-13T14:00:46.000Z,1805,0.987208,0.987208,0.99164,0.999893,live
87501,crvusd-curve,crvUSD,below,-135,2026-03-13T13:30:41.000Z,2026-03-13T14:15:39.000Z,2698,0.986359,0.986359,0.999802,0.999893,live
87502,nusd-neutrl,NUSD,below,-147,2026-03-13T13:30:41.000Z,2026-03-13T14:00:46.000Z,1805,0.985154,0.985154,0.990678,0.999893,live
89958,xnk-kinka,XNK,above,154,2026-03-13T13:03:08.000Z,2026-03-13T14:02:18.000Z,3550,5121.915635269923,5121.915635269923,5112.3132609003305,5044.418266143656,backfill
87497,pmusd-precious-metals,pmUSD,below,-125,2026-03-13T12:30:44.000Z,2026-03-13T13:00:45.000Z,1801,0.987393,0.987393,0.990697,0.9998421841063526,live
87498,idrt-rupiah-token,IDRT,below,-8014,2026-03-13T12:00:46.000Z,2026-03-14T01:00:38.000Z,46792,0.00001296,0.00001172,0.00005848,0.000059,live
87496,a7a5-old-vector,A7A5,below,-178,2026-03-13T11:45:36.000Z,2026-03-13T13:30:41.000Z,6305,0.01240824,0.01240824,0.01239416,0.012633,live
87494,pmusd-precious-metals,pmUSD,below,-136,2026-03-13T11:30:39.000Z,2026-03-13T12:15:39.000Z,2700,0.988313,0.986317,0.992219,0.9999240471763329,live
87495,fxusd-f-x-protocol,fxUSD,above,101,2026-03-13T11:30:39.000Z,2026-03-13T11:45:36.000Z,897,1.01,1.01,1.008,0.9999240471763329,live
87493,fxusd-f-x-protocol,fxUSD,above,110,2026-03-13T11:00:41.000Z,2026-03-13T11:15:37.000Z,896,1.011,1.011,1.008,1,live
87492,pmusd-precious-metals,pmUSD,below,-129,2026-03-13T10:30:44.000Z,2026-03-13T11:15:37.000Z,2693,0.98749,0.987052,0.992331,1,live
87491,a7a5-old-vector,A7A5,below,-192,2026-03-13T10:15:38.000Z,2026-03-13T11:30:39.000Z,4501,0.01242359,0.01239053,0.01244692,0.012633,live
87489,pmusd-precious-metals,pmUSD,below,-173,2026-03-13T09:30:39.000Z,2026-03-13T09:45:37.000Z,898,0.982622,0.982622,0.992311,0.9999425,live
87490,bold-liquity,BOLD,above,111,2026-03-13T09:30:39.000Z,2026-03-13T09:45:37.000Z,898,1.011,1.011,1.009,0.9999425,live
87486,pmusd-precious-metals,pmUSD,below,-175,2026-03-13T09:00:40.000Z,2026-03-13T09:15:36.000Z,896,0.982459,0.982459,0.99213,1,live
87487,bold-liquity,BOLD,above,110,2026-03-13T09:00:40.000Z,2026-03-13T09:15:36.000Z,896,1.011,1.011,1.009,1,live
87488,a7a5-old-vector,A7A5,below,-167,2026-03-13T09:00:40.000Z,2026-03-13T09:45:37.000Z,2697,0.0124226,0.0124226,0.0124226,0.012633,live
87485,bold-liquity,BOLD,above,100,2026-03-13T08:30:39.000Z,2026-03-13T08:45:39.000Z,900,1.01,1.01,1.009,0.99998983,live
87483,pmusd-precious-metals,pmUSD,below,-211,2026-03-13T08:00:37.000Z,2026-03-13T08:45:39.000Z,2702,0.981183,0.978794,0.992067,0.999925,live
87484,bold-liquity,BOLD,above,111,2026-03-13T08:00:37.000Z,2026-03-13T08:15:35.000Z,898,1.011,1.011,1.009,0.999925,live
87482,pmusd-precious-metals,pmUSD,below,-226,2026-03-13T07:00:40.000Z,2026-03-13T07:45:36.000Z,2696,0.977257,0.977257,0.992022,0.9999024999999999,live
87480,dgld-gold-token-sa,DGLD,above,322,2026-03-13T06:45:28.000Z,2026-03-16T14:31:35.000Z,287167,5176.11,5125.64,5057.52,5092.17,live
87481,kag-kinesis,KAG,above,160,2026-03-13T06:45:28.000Z,2026-03-13T07:00:40.000Z,912,84.17,84.17,82.88,82.841003,live
87478,pmusd-precious-metals,pmUSD,below,-232,2026-03-13T06:00:26.000Z,2026-03-13T06:45:28.000Z,2702,0.980904,0.976774,0.992186,0.999781,live
87479,usdm-moneta,USDM,above,182,2026-03-13T06:00:26.000Z,2026-03-13T06:15:25.000Z,899,1.018,1.018,1.000064,0.999781,live
87477,pmusd-precious-metals,pmUSD,below,-192,2026-03-13T05:30:27.000Z,2026-03-13T05:45:25.000Z,898,0.980669,0.980669,0.992366,0.9999055445936754,live
87476,usdm-moneta,USDM,above,141,2026-03-13T05:00:27.000Z,2026-03-13T05:45:25.000Z,2698,1.01,1.014,1.000063,0.999766,live
87475,pmusd-precious-metals,pmUSD,below,-189,2026-03-13T04:30:27.000Z,2026-03-13T05:15:26.000Z,2699,0.981879,0.980879,0.992359,0.999838,live
87474,pmusd-precious-metals,pmUSD,below,-195,2026-03-13T03:30:25.000Z,2026-03-13T04:00:25.000Z,1800,0.980524,0.980344,0.991546,0.999733,live
87473,pmusd-precious-metals,pmUSD,below,-202,2026-03-13T02:30:29.000Z,2026-03-13T03:15:27.000Z,2698,0.983702,0.979651,0.99283,0.999874,live
87472,pmusd-precious-metals,pmUSD,below,-164,2026-03-13T01:00:26.000Z,2026-03-13T01:45:27.000Z,2701,0.983369,0.983369,0.99291,0.999775,live
87471,dgld-gold-token-sa,DGLD,above,180,2026-03-12T22:00:26.000Z,2026-03-12T23:30:28.000Z,5402,5160.39,5169.63,5140.47,5074.1321525,live
87470,a7a5-old-vector,A7A5,below,-166,2026-03-12T21:15:31.000Z,2026-03-13T00:30:29.000Z,11698,0.01242709,0.01242391,0.01250316,0.012633,live
87468,mim-abracadabra,MIM,below,-117,2026-03-12T18:45:29.000Z,2026-03-12T20:00:29.000Z,4500,0.989059,0.987599,0.993933,0.9995267703227945,live
87465,pmusd-precious-metals,pmUSD,below,-156,2026-03-12T18:00:28.000Z,2026-03-12T18:45:29.000Z,2701,0.985236,0.983923,0.99306,0.9995267703227945,live
87466,btcusd-btcfi,BtcUSD,above,165,2026-03-12T18:00:28.000Z,2026-03-12T18:45:29.000Z,2701,1.014,1.016,0.999524,0.9995267703227945,live
87464,btcusd-btcfi,BtcUSD,above,155,2026-03-12T17:00:28.000Z,2026-03-12T17:45:31.000Z,2703,1.015,1.015,0.999524,0.9995635417426089,live
87462,pmusd-precious-metals,pmUSD,below,-133,2026-03-12T16:30:30.000Z,2026-03-12T17:15:37.000Z,2707,0.986251,0.986251,0.993039,0.9995635417426089,live
87461,pmusd-precious-metals,pmUSD,below,-121,2026-03-12T16:00:28.000Z,2026-03-12T16:15:31.000Z,903,0.987537,0.987537,0.993173,0.999641,live
87459,satusd-river,satUSD,below,-103,2026-03-12T15:30:28.000Z,2026-03-12T16:00:28.000Z,1800,0.989585,0.989563,0.990974,0.999787,live
87460,dgld-gold-token-sa,DGLD,above,548,2026-03-12T15:30:28.000Z,2026-03-12T17:00:28.000Z,5400,5406.53,5406.53,5168.6,5128.10426,live
87456,gusd-gate,GUSD,below,-100,2026-03-12T15:00:31.000Z,2026-03-12T15:15:31.000Z,900,0.989615,0.989615,0.989834,0.999613,live
87458,pmusd-precious-metals,pmUSD,below,-192,2026-03-12T15:00:31.000Z,2026-03-12T15:45:30.000Z,2699,0.980465,0.980465,0.993173,0.999613,live
87455,mim-abracadabra,MIM,below,-131,2026-03-12T14:45:31.000Z,2026-03-12T16:00:28.000Z,4497,0.986529,0.986529,0.995426,0.999673,live
87454,pmusd-precious-metals,pmUSD,below,-141,2026-03-12T14:30:31.000Z,2026-03-12T14:45:31.000Z,900,0.985624,0.985624,0.993086,0.999675,live
87452,satusd-river,satUSD,below,-101,2026-03-12T14:00:29.000Z,2026-03-12T14:30:31.000Z,1802,0.989733,0.989814,0.989781,0.99974,live
87453,pmusd-precious-metals,pmUSD,below,-136,2026-03-12T14:00:29.000Z,2026-03-12T14:15:31.000Z,902,0.986094,0.986094,0.993086,0.99974,live
89957,xnk-kinka,XNK,above,160,2026-03-12T13:01:21.000Z,2026-03-12T14:01:48.000Z,3627,5185.565696646317,5185.565696646317,5152.988390810302,5103.802745754296,backfill
87451,pmusd-precious-metals,pmUSD,below,-130,2026-03-12T13:00:49.000Z,2026-03-12T13:45:31.000Z,2682,0.9869100741545264,0.9869100741545264,0.993086,0.9998816337965212,live
87449,nect-beraborrow,NECT,below,-517,2026-03-12T11:01:26.000Z,2026-03-13T12:00:46.000Z,89960,0.9545960762852526,0.948084,1,0.9999016935880146,live
87448,pmusd-precious-metals,pmUSD,below,-151,2026-03-12T10:01:17.000Z,2026-03-12T10:46:17.000Z,2700,0.9847544789555026,0.9847544789555026,0.993236,0.999830063479862,live
87446,pmusd-precious-metals,pmUSD,below,-173,2026-03-12T09:01:16.000Z,2026-03-12T09:16:07.000Z,891,0.9823530001550204,0.9823530001550204,0.993291,0.9996278254396876,live
87447,usdm-moneta,USDM,above,111,2026-03-12T09:01:16.000Z,2026-03-12T09:46:09.000Z,2693,1.0107170121279274,1.0107170121279274,1.000063,0.9996278254396876,live
87445,pmusd-precious-metals,pmUSD,below,-186,2026-03-12T08:01:11.000Z,2026-03-12T08:46:08.000Z,2697,0.9813899412131405,0.9811836987707478,0.993586,0.99986399179257,live
87444,kag-kinesis,KAG,below,-208,2026-03-12T07:46:07.000Z,2026-03-12T09:01:16.000Z,4509,85.19556455410152,85.3508219130011,87.00645622565482,86.602997,live
87441,pmusd-precious-metals,pmUSD,below,-206,2026-03-12T07:01:13.000Z,2026-03-12T07:46:07.000Z,2694,0.9791103824707267,0.9791103824707267,0.993544,0.9997531474490691,live
87442,nect-beraborrow,NECT,below,-407,2026-03-12T07:01:13.000Z,2026-03-12T09:01:16.000Z,7203,0.9893767549772896,0.9591412998920019,0.9986803962518519,0.9997531474490691,live
87443,kag-kinesis,KAG,below,-159,2026-03-12T07:01:13.000Z,2026-03-12T07:16:15.000Z,902,85.19556455410152,85.19556455410152,85.19556455410152,86.569,live
87439,pmusd-precious-metals,pmUSD,below,-216,2026-03-12T06:00:57.000Z,2026-03-12T06:46:08.000Z,2711,0.978190891738208,0.978190891738208,0.993501,0.9998027296940828,live
87440,ggbr-goldfish-gold,GGBR,above,161,2026-03-12T06:00:57.000Z,2026-03-12T07:01:13.000Z,3616,5.214446343364272,5.214446343364272,5.221270381773395,5.131889212255759,live
87437,pmusd-precious-metals,pmUSD,below,-205,2026-03-12T05:00:58.000Z,2026-03-12T05:45:53.000Z,2695,0.979287651110448,0.979287651110448,0.993736,0.9997248295503218,live
87438,meusd-mezo,MUSD,below,-296,2026-03-12T05:00:58.000Z,2026-03-12T05:45:53.000Z,2695,0.970246957598046,0.970246957598046,0.992529,0.9997248295503218,live
87436,ggbr-goldfish-gold,GGBR,above,154,2026-03-12T04:45:53.000Z,2026-03-12T05:00:58.000Z,905,5.222455991277967,5.222455991277967,5.222176551258748,5.143489849648199,live
87435,pmusd-precious-metals,pmUSD,below,-209,2026-03-12T04:00:57.000Z,2026-03-12T04:45:53.000Z,2696,0.9790523285208237,0.9790523285208237,0.993658,0.9999175097906439,live
87433,mim-abracadabra,MIM,below,-131,2026-03-12T03:00:55.000Z,2026-03-12T03:45:52.000Z,2697,0.9867341205310053,0.9867341205310053,0.995029,0.9997902978074609,live
87432,pmusd-precious-metals,pmUSD,below,-169,2026-03-12T02:30:57.000Z,2026-03-12T02:45:52.000Z,895,0.9827965435087236,0.9827965435087236,0.993686,0.9996480454829193,live
87431,usdm-moneta,USDM,below,-119,2026-03-12T02:00:53.000Z,2026-03-12T02:15:52.000Z,899,0.987719192391892,0.987719192391892,1.00008,0.9996211230430471,live
87429,nect-beraborrow,NECT,below,-373,2026-03-12T01:00:54.000Z,2026-03-12T04:00:57.000Z,10803,0.9639135945377095,0.9623771376039092,0.9982253196248881,0.9995823268288248,live
87428,ggbr-goldfish-gold,GGBR,above,156,2026-03-12T00:15:52.000Z,2026-03-12T00:45:53.000Z,1801,5.211087921209113,5.211087921209113,5.211087921209113,5.130933033152785,live
87427,pmusd-precious-metals,pmUSD,below,-143,2026-03-12T00:00:54.000Z,2026-03-12T00:45:53.000Z,2699,0.9852859303942929,0.9852859303942929,0.993707,0.9993166305247327,live
87425,nect-beraborrow,NECT,below,-329,2026-03-11T22:02:24.000Z,2026-03-11T22:45:50.000Z,2606,0.9669815083923952,0.9669815083923952,0.999843,0.9995823268288248,live
87423,pmusd-precious-metals,pmUSD,below,-111,2026-03-11T21:02:23.000Z,2026-03-11T22:02:24.000Z,3601,0.988642967243216,0.9884685814126184,0.990027714201846,0.9996187102627241,live
87424,nect-beraborrow,NECT,below,-331,2026-03-11T21:02:23.000Z,2026-03-11T21:46:09.000Z,2626,0.9665427360842298,0.9665427360842298,0.999843,0.9996187102627241,live
87421,nect-beraborrow,NECT,below,-332,2026-03-11T20:02:04.000Z,2026-03-11T20:46:13.000Z,2649,0.9667550415917424,0.9667550415917424,0.999843,0.9999513957318634,live
87422,brz-transfero,BRZ,below,-156,2026-03-11T20:02:04.000Z,2026-03-11T20:16:13.000Z,849,0.19036898932886845,0.19036898932886845,0.19066172481876048,0.193382,live
87420,nect-beraborrow,NECT,below,-328,2026-03-11T19:01:15.000Z,2026-03-11T19:47:19.000Z,2764,0.9671460115432111,0.9671460115432111,0.999843,0.9996466738093371,live
87419,pmusd-precious-metals,pmUSD,below,-115,2026-03-11T18:31:17.000Z,2026-03-11T18:46:09.000Z,892,0.9883972177972546,0.9883972177972546,0.993812,0.9998721533333542,live
87418,nect-beraborrow,NECT,below,-321,2026-03-11T18:02:27.000Z,2026-03-11T18:46:09.000Z,2622,0.9677478344958317,0.9677478344958317,0.999843,0.999833143028735,live
87416,pmusd-precious-metals,pmUSD,below,-118,2026-03-11T17:02:26.000Z,2026-03-11T18:16:05.000Z,4419,0.9881085798810134,0.9881085798810134,0.994668,0.9999102039494612,live
87417,nect-beraborrow,NECT,below,-325,2026-03-11T17:02:26.000Z,2026-03-11T17:47:14.000Z,2688,0.9675108709328046,0.9675108709328046,0.999843,0.9999102039494612,live
87415,pmusd-precious-metals,pmUSD,below,-167,2026-03-11T16:01:15.000Z,2026-03-11T16:46:10.000Z,2695,0.9832519502764442,0.9832519502764442,0.993936,0.99991092434365,live
87414,brz-transfero,BRZ,below,-200,2026-03-11T14:15:57.000Z,2026-03-11T19:01:15.000Z,17118,0.18989010053431116,0.18951369026116352,0.19051795189231527,0.193128,live
87412,gusd-gate,GUSD,below,-119,2026-03-11T14:00:57.000Z,2026-03-11T15:00:53.000Z,3596,0.9877506194700272,0.9877506194700272,0.9982072629884493,0.9996533511618648,live
87413,pmusd-precious-metals,pmUSD,below,-188,2026-03-11T14:00:57.000Z,2026-03-11T14:45:56.000Z,2699,0.9808540422558402,0.9808540422558402,0.994668,0.9996533511618648,live
87411,lusd-liquity,LUSD,above,174,2026-03-11T13:30:54.000Z,2026-03-13T21:15:44.000Z,200690,1.0136923489965142,1.017,1.000715,0.9999108807006789,live
87410,pmusd-precious-metals,pmUSD,below,-237,2026-03-11T13:00:53.000Z,2026-03-11T13:45:54.000Z,2701,0.976208855978063,0.976208855978063,0.994668,0.9998925556742312,live
87409,lusd-liquity,LUSD,above,135,2026-03-11T12:31:08.000Z,2026-03-11T13:15:55.000Z,2687,1.0125248413084373,1.0133603486248808,0.998408,0.9995817131302885,live
87408,pmusd-precious-metals,pmUSD,below,-233,2026-03-11T12:00:57.000Z,2026-03-11T12:45:57.000Z,2700,0.976319676808619,0.976319676808619,0.993815,0.9995372668826749,live
87406,pmusd-precious-metals,pmUSD,below,-211,2026-03-11T11:30:57.000Z,2026-03-11T11:45:52.000Z,895,0.9786217879630985,0.9786217879630985,0.993976,0.9997031415776414,live
87407,lusd-liquity,LUSD,above,137,2026-03-11T11:30:57.000Z,2026-03-11T12:15:52.000Z,2695,1.013413888918827,1.013413888918827,0.998408,0.9997031415776414,live
87404,nect-beraborrow,NECT,below,-397,2026-03-11T11:00:57.000Z,2026-03-11T11:45:52.000Z,2695,0.9601676246735601,0.9601676246735601,0.999843,0.999842246575444,live
87405,kag-kinesis,KAG,below,-601,2026-03-11T11:00:57.000Z,2026-03-11T12:00:57.000Z,3600,81.67008897667229,81.67008897667229,86.06666312437149,86.712997,live
87401,pmusd-precious-metals,pmUSD,below,-239,2026-03-11T10:30:56.000Z,2026-03-11T11:15:53.000Z,2697,0.9757010512536343,0.9757010512536343,0.993974,0.9996001257185881,live
87402,lusd-liquity,LUSD,above,136,2026-03-11T10:30:56.000Z,2026-03-11T11:15:53.000Z,2697,1.0129121528167222,1.013413888918827,0.998408,0.9996001257185881,live
87403,usdm-moneta,USDM,below,-141,2026-03-11T10:30:56.000Z,2026-03-11T10:45:54.000Z,898,0.9855514229238515,0.9855514229238515,1.00008,0.9996001257185881,live
87399,pmusd-precious-metals,pmUSD,below,-240,2026-03-11T09:45:53.000Z,2026-03-11T10:15:54.000Z,1801,0.9770460520689945,0.9757010512536343,0.993969,0.9997350869865222,live
87398,lusd-liquity,LUSD,above,132,2026-03-11T09:30:49.000Z,2026-03-11T10:15:54.000Z,2705,1.0120214828145484,1.0129121528167222,0.998408,0.9997416998384075,live
87396,nect-beraborrow,NECT,below,-398,2026-03-11T09:00:48.000Z,2026-03-11T10:00:57.000Z,3609,0.9600264198940167,0.9600264198940167,0.9942144960318183,0.9997766050209147,live
87397,usdm-moneta,USDM,below,-142,2026-03-11T09:00:48.000Z,2026-03-11T10:15:54.000Z,4506,0.9875803259755283,0.9855514229238515,1.00008,0.9997766050209147,live
87393,pmusd-precious-metals,pmUSD,below,-248,2026-03-11T08:30:48.000Z,2026-03-11T09:15:48.000Z,2700,0.9749863739615612,0.9749863739615612,0.994108,0.9997557240855002,live
87394,lusd-liquity,LUSD,above,128,2026-03-11T08:30:48.000Z,2026-03-11T09:15:48.000Z,2700,1.0118655207506686,1.0124515289075253,0.998408,0.9997557240855002,live
87395,brz-transfero,BRZ,below,-223,2026-03-11T08:30:48.000Z,2026-03-11T14:00:57.000Z,19809,0.19018673581628576,0.18881172075717856,0.19077614573812848,0.193128,live
87392,a7a5-old-vector,A7A5,below,-196,2026-03-11T08:00:48.000Z,2026-03-11T15:47:12.000Z,27984,0.0125104156556583,0.0125104156556583,0.012498114616128918,0.01276,live
87389,pmusd-precious-metals,pmUSD,below,-224,2026-03-11T07:01:00.000Z,2026-03-11T07:45:47.000Z,2687,0.977406709430948,0.977406709430948,0.994,0.9998146077108089,live
87390,lusd-liquity,LUSD,above,132,2026-03-11T07:01:00.000Z,2026-03-11T07:45:47.000Z,2687,1.0128862480091265,1.0128862480091265,0.998408,0.9998146077108089,live
87391,idrt-rupiah-token,IDRT,above,178,2026-03-11T07:01:00.000Z,2026-03-11T20:02:04.000Z,46864,0.000060027807278934,0.000060049171047269705,0.00005900378128757858,0.000059,live
87387,lusd-liquity,LUSD,above,133,2026-03-11T06:00:49.000Z,2026-03-11T06:45:59.000Z,2710,1.0129390325496301,1.0129390325496301,0.998408,0.9996710673091848,live
87388,nect-beraborrow,NECT,below,-400,2026-03-11T06:00:49.000Z,2026-03-11T07:01:00.000Z,3611,0.9596946310052638,0.9596946310052638,0.994697870754327,0.9996710673091848,live
87386,pmusd-precious-metals,pmUSD,below,-236,2026-03-11T05:30:48.000Z,2026-03-11T06:15:49.000Z,2701,0.9812069576104927,0.9760671811887992,0.993977,0.9997971711330719,live
87383,cash-phantom,CASH,above,107,2026-03-11T05:01:58.000Z,2026-03-11T06:00:49.000Z,3531,1.010541379762223,1.010541379762223,1.0000563845631576,0.999821997117881,live
87384,lusd-liquity,LUSD,above,143,2026-03-11T05:01:58.000Z,2026-03-11T05:45:47.000Z,2629,1.01400214315979,1.01400214315979,0.998408,0.999821997117881,live
87385,brz-transfero,BRZ,below,-154,2026-03-11T05:01:58.000Z,2026-03-11T07:01:00.000Z,7142,0.19018024355297347,0.19014592681639444,0.19036276685616466,0.193128,live
87382,pmusd-precious-metals,pmUSD,below,-215,2026-03-11T04:30:50.000Z,2026-03-11T05:16:57.000Z,2767,0.9783887982574326,0.9783887982574326,0.994077,0.9997946866856164,live
87380,lusd-liquity,LUSD,above,111,2026-03-11T04:01:28.000Z,2026-03-11T04:46:57.000Z,2729,1.010884324671419,1.010884324671419,0.998408,0.9997946866856164,live
87381,nect-beraborrow,NECT,below,-386,2026-03-11T04:01:28.000Z,2026-03-11T05:01:58.000Z,3630,0.9612341378192099,0.9612341378192099,0.9975821054528723,0.9997946866856164,live
87379,lusd-liquity,LUSD,above,122,2026-03-11T03:00:46.000Z,2026-03-11T03:46:57.000Z,2771,1.011864551557753,1.011864551557753,0.998408,0.9997483358696126,live
87376,pmusd-precious-metals,pmUSD,below,-206,2026-03-11T02:00:50.000Z,2026-03-11T02:46:57.000Z,2767,0.9801199513636605,0.9791870399956222,0.994198,0.9998485192843074,live
87377,usdx-hex-trust,USDX,below,-3214,2026-03-11T02:00:50.000Z,2026-03-11T10:00:57.000Z,28807,0.6785444124159191,0.6785444124159191,0.9995706855920519,0.9998485192843074,live
87378,lusd-liquity,LUSD,above,136,2026-03-11T02:00:50.000Z,2026-03-11T02:46:57.000Z,2767,1.0133866312296884,1.0133866312296884,0.998408,0.9998485192843074,live
87374,brz-transfero,BRZ,below,-162,2026-03-11T01:15:49.000Z,2026-03-11T04:01:28.000Z,9939,0.19008971468677577,0.1899949677790264,0.19032348814877514,0.193128,live
87372,lusd-liquity,LUSD,above,132,2026-03-11T01:00:59.000Z,2026-03-11T01:45:49.000Z,2690,1.012960447076402,1.012960447076402,0.998408,0.9998053471730279,live
87373,nect-beraborrow,NECT,below,-112,2026-03-11T01:00:59.000Z,2026-03-11T02:46:57.000Z,6358,0.9886470004270586,0.9886470004270586,0.9944819004118391,0.9998053471730279,live
87370,pmusd-precious-metals,pmUSD,below,-198,2026-03-11T00:01:58.000Z,2026-03-11T00:46:57.000Z,2699,0.980149887266979,0.980149887266979,0.9951028600378271,0.9999064671099384,live
87371,lusd-liquity,LUSD,above,143,2026-03-11T00:01:58.000Z,2026-03-11T00:46:57.000Z,2699,1.0141776863475953,1.0141776863475953,0.998408,0.9999064671099384,live
87369,brz-transfero,BRZ,below,-160,2026-03-10T23:30:53.000Z,2026-03-11T00:46:57.000Z,4564,0.1900428830839725,0.1900428830839725,0.19031380933257902,0.193128,live
87367,pmusd-precious-metals,pmUSD,below,-235,2026-03-10T23:00:50.000Z,2026-03-10T23:45:49.000Z,2699,0.9762463690874109,0.9762463690874109,0.994262,0.9996681364346715,live
87368,lusd-liquity,LUSD,above,123,2026-03-10T23:00:50.000Z,2026-03-10T23:45:49.000Z,2699,1.0120028147179487,1.0120028147179487,0.998408,0.9996681364346715,live
87366,nect-beraborrow,NECT,below,-102,2026-03-10T22:45:49.000Z,2026-03-10T23:00:50.000Z,901,0.9895057136246742,0.9895057136246742,0.9957459162717963,0.9997167890192262,live
87363,pmusd-precious-metals,pmUSD,below,-230,2026-03-10T22:01:05.000Z,2026-03-10T22:45:49.000Z,2684,0.9767499085355674,0.9767499085355674,0.993937,0.9997481601142205,live
87364,lusd-liquity,LUSD,above,116,2026-03-10T22:01:05.000Z,2026-03-10T22:45:49.000Z,2684,1.0112535779571208,1.0112535779571208,0.998408,0.9997481601142205,live
87365,brz-transfero,BRZ,below,-152,2026-03-10T22:01:05.000Z,2026-03-10T22:16:03.000Z,898,0.19019884094940576,0.19019884094940576,0.19025942562586257,0.193128,live
87361,nect-beraborrow,NECT,below,-117,2026-03-10T21:46:05.000Z,2026-03-10T22:16:03.000Z,1798,0.9881082200099077,0.9881082200099077,0.998096,0.9997641983220222,live
87358,pmusd-precious-metals,pmUSD,below,-192,2026-03-10T21:01:07.000Z,2026-03-10T21:46:05.000Z,2698,0.9806041637333256,0.9806041637333256,0.994044,0.9997377722962512,live
87359,lusd-liquity,LUSD,above,129,2026-03-10T21:01:07.000Z,2026-03-10T21:46:05.000Z,2698,1.0126427386609833,1.0126427386609833,0.998408,0.9997377722962512,live
87360,nect-beraborrow,NECT,below,-116,2026-03-10T21:01:07.000Z,2026-03-10T21:16:07.000Z,900,0.9881082200099077,0.9881082200099077,0.99747,0.9997377722962512,live
87357,lusd-liquity,LUSD,above,122,2026-03-10T20:01:06.000Z,2026-03-10T20:46:05.000Z,2699,1.0119661498319252,1.0119661498319252,0.998408,0.9997900997033999,live
87354,pmusd-precious-metals,pmUSD,below,-222,2026-03-10T19:01:05.000Z,2026-03-10T19:46:05.000Z,2700,0.9796507471834695,0.97765345960794,0.993935,0.9997176149661443,live
87355,lusd-liquity,LUSD,above,109,2026-03-10T19:01:05.000Z,2026-03-10T19:46:05.000Z,2700,1.0105334405912552,1.0105334405912552,0.998408,0.9997176149661443,live
87352,pmusd-precious-metals,pmUSD,below,-101,2026-03-10T18:01:06.000Z,2026-03-10T18:31:19.000Z,1813,0.9897677316214705,0.9897677316214705,0.996181,0.9997758666717618,live
87353,lusd-liquity,LUSD,above,141,2026-03-10T18:01:06.000Z,2026-03-10T18:46:05.000Z,2699,1.0138910435736264,1.0138910435736264,0.998408,0.9997758666717618,live
87349,lusd-liquity,LUSD,above,146,2026-03-10T17:01:08.000Z,2026-03-10T17:46:10.000Z,2702,1.0144556793448225,1.0144556793448225,0.998408,0.9998486623057949,live
87350,nect-beraborrow,NECT,below,-378,2026-03-10T17:01:08.000Z,2026-03-10T17:31:08.000Z,1800,0.9620815930734621,0.9620815930734621,0.997558,0.9998486623057949,live
87351,usdm-moneta,USDM,above,102,2026-03-10T17:01:08.000Z,2026-03-10T17:31:08.000Z,1800,1.010056777320814,1.010056777320814,1.003,0.9998486623057949,live
87347,lusd-liquity,LUSD,above,148,2026-03-10T16:01:07.000Z,2026-03-10T16:46:18.000Z,2711,1.0143262264334567,1.0143262264334567,0.998408,0.9995626213400538,live
87348,nect-beraborrow,NECT,below,-379,2026-03-10T16:01:07.000Z,2026-03-10T16:16:38.000Z,931,0.961697388030552,0.961697388030552,0.997512,0.9995626213400538,live
87346,idrt-rupiah-token,IDRT,above,156,2026-03-10T15:31:19.000Z,2026-03-10T16:01:07.000Z,1788,0.00005991985154004153,0.00005991985154004153,0.0000589766463260579,0.000059,live
87345,nect-beraborrow,NECT,below,-122,2026-03-10T15:16:20.000Z,2026-03-10T15:31:19.000Z,899,0.9877361449482577,0.9877361449482577,0.99785,0.9999115331138728,live
87344,lusd-liquity,LUSD,above,145,2026-03-10T15:01:12.000Z,2026-03-10T15:46:22.000Z,2710,1.0116450757971305,1.014081239457248,0.998408,0.9998731260153619,live
87343,pmusd-precious-metals,pmUSD,below,-187,2026-03-10T14:31:12.000Z,2026-03-10T15:01:12.000Z,1800,0.9810689347210542,0.9810689347210542,0.995836,0.9998138417940775,live
87341,nect-beraborrow,NECT,below,-121,2026-03-10T13:46:09.000Z,2026-03-10T14:46:12.000Z,3603,0.9890493029740874,0.9877361449482577,0.998101,0.9999097229185792,live
87337,pmusd-precious-metals,pmUSD,below,-112,2026-03-10T13:01:06.000Z,2026-03-10T13:16:05.000Z,899,0.9886253097315082,0.9886253097315082,0.9942339015057508,0.9998536008743331,live
87338,mim-abracadabra,MIM,below,-151,2026-03-10T13:01:06.000Z,2026-03-10T14:46:12.000Z,6306,0.9895484152001841,0.9847466312036992,0.997067,0.9998536008743331,live
87339,nect-beraborrow,NECT,below,-108,2026-03-10T13:01:06.000Z,2026-03-10T13:16:05.000Z,899,0.9890493029740874,0.9890493029740874,0.998222,0.9998536008743331,live
87340,usnd-nerite,USND,below,-115,2026-03-10T13:01:06.000Z,2026-03-10T13:16:05.000Z,899,0.9883214154544604,0.9883214154544604,0.99768,0.9998536008743331,live
87335,brz-transfero,BRZ,below,-268,2026-03-10T12:31:08.000Z,2026-03-10T20:01:06.000Z,26998,0.18636446961577027,0.1860686915889089,0.19088535860596847,0.191197,live
87336,a7a5-old-vector,A7A5,below,-208,2026-03-10T12:31:08.000Z,2026-03-11T07:45:47.000Z,69279,0.012510337188041835,0.012494275164899094,0.0125104156556583,0.01276,live
87333,pmusd-precious-metals,pmUSD,below,-107,2026-03-10T12:01:12.000Z,2026-03-10T12:46:03.000Z,2691,0.9890861264528298,0.9890861264528298,0.992715,0.9997997775057577,live
87334,nect-beraborrow,NECT,below,-380,2026-03-10T12:01:12.000Z,2026-03-10T12:16:06.000Z,894,0.9618258021022423,0.9618258021022423,0.996038,0.9997997775057577,live
87332,eurs-stasis,EURS,above,1043,2026-03-10T11:46:02.000Z,2026-03-17T03:16:02.000Z,574200,1.2203024079628761,1.27,1.15,1.1633744714148522,live
87331,pmusd-precious-metals,pmUSD,below,-104,2026-03-10T11:31:06.000Z,2026-03-10T11:46:02.000Z,896,0.9894768440867879,0.9894768440867879,0.9914179692044313,0.9998994634295227,live
87330,pmusd-precious-metals,pmUSD,below,-106,2026-03-10T10:31:06.000Z,2026-03-10T11:15:59.000Z,2693,0.9898097023024242,0.9893434909563622,0.9911365360348167,0.9998963661904848,live
87329,uty-xsy,UTY,above,128,2026-03-10T10:00:58.000Z,2026-03-10T10:15:54.000Z,896,1.012692415878343,1.012692415878343,0.999512,0.9999063276164676,live
87328,pmusd-precious-metals,pmUSD,below,-112,2026-03-10T09:30:58.000Z,2026-03-10T10:00:58.000Z,1800,0.9886479476823603,0.9886479476823603,0.9909009715486085,0.9998117544963505,live
87327,uty-xsy,UTY,above,129,2026-03-10T09:00:56.000Z,2026-03-10T09:45:56.000Z,2700,1.012692415878343,1.012692415878343,1.004364,0.9998685182961453,live
87325,uty-xsy,UTY,above,128,2026-03-10T08:00:58.000Z,2026-03-10T08:45:54.000Z,2696,1.012692415878343,1.012692415878343,1.004364,0.9999009527120162,live
87326,usnd-nerite,USND,above,788,2026-03-10T08:00:58.000Z,2026-03-10T08:45:54.000Z,2696,1.0787165344933545,1.0787165344933545,0.998924,0.9999009527120162,live
87323,pmusd-precious-metals,pmUSD,below,-114,2026-03-10T07:00:55.000Z,2026-03-10T07:15:54.000Z,899,0.988106397663982,0.988106397663982,0.9904458149977081,0.9994534175984809,live
87324,uty-xsy,UTY,above,132,2026-03-10T07:00:55.000Z,2026-03-10T07:45:54.000Z,2699,1.012692415878343,1.012692415878343,1.004364,0.9994534175984809,live
87322,pmusd-precious-metals,pmUSD,below,-112,2026-03-10T06:00:21.000Z,2026-03-10T06:15:21.000Z,900,0.9885061763191217,0.9885061763191217,0.9910330180094327,0.9996726763225362,live
87321,pmusd-precious-metals,pmUSD,below,-112,2026-03-10T05:00:21.000Z,2026-03-10T05:45:21.000Z,2700,0.988725445074582,0.988725445074582,0.990737,0.9999448815986386,live
87318,usdm-moneta,USDM,below,-105,2026-03-10T04:00:21.000Z,2026-03-10T04:15:21.000Z,900,0.9893152147625774,0.9893152147625774,1.004,0.9998245429339305,live
87319,eurs-stasis,EURS,below,-1952,2026-03-10T04:00:21.000Z,2026-03-10T11:46:02.000Z,27941,0.9370324367536872,0.9371244631630582,1.2203024079628761,1.1608586465747461,live
87317,pmusd-precious-metals,pmUSD,below,-177,2026-03-10T02:15:21.000Z,2026-03-10T03:00:21.000Z,2700,0.9822234219521168,0.9822234219521168,0.9906948705012049,0.9999474217089497,live
87314,mim-abracadabra,MIM,below,-100,2026-03-10T02:01:25.000Z,2026-03-10T03:00:21.000Z,3536,0.9899393964078461,0.9899393964078461,0.9930516556225161,0.9999529122397831,live
87315,usdm-moneta,USDM,above,112,2026-03-10T02:01:25.000Z,2026-03-10T02:45:21.000Z,2636,1.0111122188381596,1.0111122188381596,1.000083,0.9999529122397831,live
87316,kag-kinesis,KAG,below,-194,2026-03-10T02:01:25.000Z,2026-03-10T03:00:21.000Z,3536,87.79691821221597,87.79691821221597,89.7034276531387,89.152,live
87313,pmusd-precious-metals,pmUSD,below,-202,2026-03-10T01:30:22.000Z,2026-03-10T02:01:25.000Z,1863,0.9795526330284444,0.9795526330284444,0.990038,0.9997256801308775,live
87312,nect-beraborrow,NECT,below,-110,2026-03-10T00:30:23.000Z,2026-03-10T00:45:20.000Z,897,0.988848266114358,0.988848266114358,0.995276,0.9998961112471029,live
87311,nect-beraborrow,NECT,below,-111,2026-03-10T00:00:20.000Z,2026-03-10T00:15:21.000Z,901,0.988848266114358,0.988848266114358,0.993829,0.9998977403970266,live
87309,pmusd-precious-metals,pmUSD,below,-265,2026-03-09T23:00:21.000Z,2026-03-10T01:16:27.000Z,8166,0.9880982321210159,0.9734034726898579,0.989947,0.9995975029869043,live
87306,pmusd-precious-metals,pmUSD,below,-173,2026-03-09T22:00:21.000Z,2026-03-09T22:45:20.000Z,2699,0.9824046090516094,0.9824046090516094,0.989774,0.9996391431849366,live
87308,nect-beraborrow,NECT,below,-318,2026-03-09T22:00:21.000Z,2026-03-09T22:30:25.000Z,1804,0.9678802277990681,0.9678802277990681,0.994896,0.9996391431849366,live
87304,mim-abracadabra,MIM,below,-115,2026-03-09T21:00:22.000Z,2026-03-10T01:00:21.000Z,14399,0.9884356804219194,0.9884356804219194,0.9915675649261949,0.99991070050042,live
87305,nect-beraborrow,NECT,below,-322,2026-03-09T21:00:22.000Z,2026-03-09T21:30:21.000Z,1799,0.9677020065419532,0.9677020065419532,0.99582,0.99991070050042,live
87302,pmusd-precious-metals,pmUSD,below,-165,2026-03-09T20:00:38.000Z,2026-03-09T21:00:22.000Z,3584,0.9838583779722733,0.9833504089606152,0.9907928380310632,0.9999085173441197,live
87300,mim-abracadabra,MIM,below,-100,2026-03-09T19:30:43.000Z,2026-03-09T19:45:37.000Z,894,0.9897442415565317,0.9897442415565317,0.9897442415565317,0.9997703101491888,live
87301,kag-kinesis,KAG,below,-226,2026-03-09T19:30:43.000Z,2026-03-09T20:00:38.000Z,1795,84.80919616165781,84.80919616165781,86.41435238661425,86.178001,live
87297,pmusd-precious-metals,pmUSD,below,-164,2026-03-09T19:00:40.000Z,2026-03-09T19:45:37.000Z,2697,0.9833006412842912,0.9833006412842912,0.9903702384879634,0.9996175172453559,live
87298,usdm-moneta,USDM,below,-112,2026-03-09T19:00:40.000Z,2026-03-09T19:30:43.000Z,1803,0.988556810287766,0.988556810287766,1.005,0.9996175172453559,live
87299,idrt-rupiah-token,IDRT,above,193,2026-03-09T19:00:40.000Z,2026-03-10T10:00:58.000Z,54018,0.00006013265064775633,0.00006013831385,0.00005980210985842341,0.000059,live
87294,pmusd-precious-metals,pmUSD,below,-142,2026-03-09T18:00:56.000Z,2026-03-09T18:30:37.000Z,1781,0.9855702266797857,0.9855702266797857,0.9909275945957693,0.999803956674655,live
87295,mim-abracadabra,MIM,below,-102,2026-03-09T18:00:56.000Z,2026-03-09T19:00:40.000Z,3584,0.9895749237650473,0.9895749237650473,0.9903391343090933,0.999803956674655,live
87296,nect-beraborrow,NECT,below,-328,2026-03-09T18:00:56.000Z,2026-03-09T18:45:35.000Z,2679,0.9670544526218492,0.9670544526218492,0.999843,0.999803956674655,live
87293,pmusd-precious-metals,pmUSD,below,-110,2026-03-09T17:30:39.000Z,2026-03-09T17:45:43.000Z,904,0.9889535223040131,0.9889535223040131,0.990111096146933,0.9999368998346099,live
87292,nect-beraborrow,NECT,below,-327,2026-03-09T17:01:08.000Z,2026-03-09T17:45:43.000Z,2675,0.9672455122563302,0.9672455122563302,0.999843,0.9998813754451805,live
87291,pmusd-precious-metals,pmUSD,below,-109,2026-03-09T16:30:51.000Z,2026-03-09T17:15:51.000Z,2700,0.9897547247666878,0.9890390645961025,0.990367,0.9998732892590059,live
87289,nect-beraborrow,NECT,below,-334,2026-03-09T16:00:51.000Z,2026-03-09T16:30:51.000Z,1800,0.9665117550939301,0.9665117550939301,0.994826,0.99990935925169,live
87290,usdm-moneta,USDM,below,-123,2026-03-09T16:00:51.000Z,2026-03-09T16:45:46.000Z,2695,0.9876034676645014,0.9876034676645014,1.000083,0.99990935925169,live
87288,pmusd-precious-metals,pmUSD,below,-107,2026-03-09T15:30:42.000Z,2026-03-09T16:15:49.000Z,2707,0.9891382204252951,0.9891382204252951,0.990488,0.9998180402237186,live
87287,kau-kinesis,KAU,above,183,2026-03-09T14:00:45.000Z,2026-03-09T15:00:46.000Z,3601,166.269618202559,166.269618202559,166.2926661947797,163.29317152993622,live
87286,pmusd-precious-metals,pmUSD,below,-116,2026-03-09T13:00:35.000Z,2026-03-09T13:30:45.000Z,1810,0.9881664190853764,0.9881664190853764,0.993844,0.9997538740534156,live
87285,nect-beraborrow,NECT,below,-370,2026-03-09T12:45:33.000Z,2026-03-09T14:00:45.000Z,4512,0.9627700495728745,0.9627700495728745,0.9953005295466071,0.9997538740534156,live
87282,pmusd-precious-metals,pmUSD,below,-175,2026-03-09T11:30:45.000Z,2026-03-09T12:00:55.000Z,1810,0.9822733969917615,0.9822733969917615,0.9943096454724044,0.9997538740534156,live
87283,nect-beraborrow,NECT,below,-371,2026-03-09T11:30:45.000Z,2026-03-09T12:15:39.000Z,2694,0.9626913450027016,0.9626913450027016,0.992545,0.9997538740534156,live
87279,frax-frax,FRAX,below,-102,2026-03-09T11:00:46.000Z,2026-03-09T11:45:44.000Z,2698,0.9895999575608879,0.9895999575608879,0.992016,0.9996886604727068,live
87280,mim-abracadabra,MIM,below,-107,2026-03-09T11:00:46.000Z,2026-03-09T12:00:55.000Z,3609,0.9893399396541293,0.9890535232807572,0.9910438634515886,0.9996886604727068,live
87281,usdm-moneta,USDM,below,-101,2026-03-09T11:00:46.000Z,2026-03-09T11:45:44.000Z,2698,0.9897379278586723,0.9897379278586723,1.000083,0.9996886604727068,live
87276,frax-frax,FRAX,below,-100,2026-03-09T10:00:43.000Z,2026-03-09T10:45:38.000Z,2695,0.9898195273238062,0.9898195273238062,0.9898195273238062,0.9998266521288539,live
87277,pmusd-precious-metals,pmUSD,below,-100,2026-03-09T10:00:43.000Z,2026-03-09T10:45:38.000Z,2695,0.9898446204976037,0.9898446204976037,0.993316,0.9998266521288539,live
87278,nect-beraborrow,NECT,below,-364,2026-03-09T10:00:43.000Z,2026-03-09T11:00:46.000Z,3603,0.9634164876513887,0.9634164876513887,0.991637,0.9998266521288539,live
87275,pmusd-precious-metals,pmUSD,below,-115,2026-03-09T09:30:44.000Z,2026-03-09T09:45:35.000Z,891,0.9883429248531512,0.9883429248531512,0.994697,0.9997942070209913,live
87274,frax-frax,FRAX,below,-100,2026-03-09T08:30:37.000Z,2026-03-09T08:45:35.000Z,898,0.9898325109481386,0.9898325109481386,0.9898325109481386,0.9998110370815868,live
87271,frax-frax,FRAX,below,-100,2026-03-09T08:00:37.000Z,2026-03-09T08:15:39.000Z,902,0.9898325109481386,0.9898325109481386,0.9898325109481386,0.9998462324249497,live
87272,mim-abracadabra,MIM,below,-102,2026-03-09T08:00:37.000Z,2026-03-09T09:00:40.000Z,3603,0.9896275609912764,0.9896275609912764,0.9917607493956536,0.9998462324249497,live
87273,nect-beraborrow,NECT,below,-380,2026-03-09T08:00:37.000Z,2026-03-09T08:45:35.000Z,2698,0.9618972887046683,0.9618972887046683,0.994291,0.9998462324249497,live
87270,pmusd-precious-metals,pmUSD,below,-208,2026-03-09T07:00:39.000Z,2026-03-09T09:15:35.000Z,8096,0.9846285116878641,0.9788448907470901,0.994226,0.9996008888202889,live
87268,nect-beraborrow,NECT,below,-371,2026-03-09T05:00:27.000Z,2026-03-09T07:00:39.000Z,7212,0.9889389965143178,0.9628137156680309,0.9912240919946583,0.999585268223619,live
87267,nect-beraborrow,NECT,below,-186,2026-03-09T03:45:23.000Z,2026-03-09T04:16:33.000Z,1870,0.981744,0.9810181788976408,0.994069,0.9998645430533853,live
87265,pmusd-precious-metals,pmUSD,below,-158,2026-03-09T03:30:26.000Z,2026-03-09T04:00:31.000Z,1805,0.985771,0.984076,0.9942344545062067,0.9998463348907957,live
87266,lusd-liquity,LUSD,above,159,2026-03-09T03:30:26.000Z,2026-03-10T14:46:12.000Z,126946,1.0153802573346886,1.015787538935683,0.998408,0.9998463348907957,live
87262,pmusd-precious-metals,pmUSD,below,-210,2026-03-09T03:01:27.000Z,2026-03-09T03:16:33.000Z,906,0.9788397785264286,0.9788397785264286,0.99405,0.9998463348907957,live
87263,nect-beraborrow,NECT,below,-493,2026-03-09T03:01:27.000Z,2026-03-09T03:30:26.000Z,1739,0.9505834680974583,0.9505834680974583,0.997318,0.9998463348907957,live
87264,usdm-moneta,USDM,above,133,2026-03-09T03:01:27.000Z,2026-03-09T03:30:26.000Z,1739,1.013108886141184,1.013108886141184,0.996132,0.9998463348907957,live
87260,kag-kinesis,KAG,below,-267,2026-03-09T02:45:20.000Z,2026-03-09T04:00:31.000Z,4511,80.88012542557574,81.08111231735437,82.84189841258417,82.222,live
87258,kag-kinesis,KAG,above,176,2026-03-09T01:30:36.000Z,2026-03-09T02:01:39.000Z,1863,82.29132878218418,82.29132878218418,80.88012542557574,80.870003,live
87256,ggbr-goldfish-gold,GGBR,above,194,2026-03-09T00:00:29.000Z,2026-03-09T03:01:27.000Z,10858,5.15074287654582,5.1510806992302145,5.152235968848891,5.066167683159512,live
87253,usdm-moneta,USDM,above,118,2026-03-08T23:00:23.000Z,2026-03-08T23:45:21.000Z,2698,1.0115426583780898,1.0115426583780898,1.006,0.9998797300494411,live
87254,kau-kinesis,KAU,below,-192,2026-03-08T23:00:23.000Z,2026-03-08T23:45:21.000Z,2698,161.07754955234006,161.07754955234006,161.07754955234006,164.22761525172373,live
87255,kag-kinesis,KAG,above,393,2026-03-08T23:00:23.000Z,2026-03-09T00:00:29.000Z,3606,85.67265894405178,85.67265894405178,81.70855620263144,82.694,live
87251,kag-kinesis,KAG,above,155,2026-03-08T22:30:24.000Z,2026-03-08T22:45:21.000Z,897,84.75849826828657,84.75849826828657,84.75849826828657,83.460999,live
87248,nect-beraborrow,NECT,below,-550,2026-03-08T21:00:25.000Z,2026-03-08T21:15:21.000Z,896,0.9447212751463291,0.9447212751463291,0.997648,0.999712576703956,live
87249,brz-transfero,BRZ,below,-269,2026-03-08T21:00:25.000Z,2026-03-09T16:45:46.000Z,71121,0.18646077541177272,0.18605639997288384,0.18953467855799355,0.18952,live
86797,nect-beraborrow,NECT,below,-554,2026-03-08T20:00:24.000Z,2026-03-08T20:15:21.000Z,897,0.9444407013355991,0.9444407013355991,0.998424,0.9998611241475996,live
86798,usdm-moneta,USDM,above,126,2026-03-08T20:00:24.000Z,2026-03-08T20:45:21.000Z,2697,1.01247718781053,1.01247718781053,1.003,0.9998611241475996,live
84647,kag-kinesis,KAG,above,202,2026-03-08T18:00:22.000Z,2026-03-08T21:00:25.000Z,10803,86.11168504936823,86.30376033619297,84.78745099137565,84.593002,live
84646,usdm-moneta,USDM,below,-116,2026-03-08T17:00:26.000Z,2026-03-08T18:45:26.000Z,6300,0.9881310261945764,0.9881310261945764,0.999838,0.9996428730194862,live
84644,usdx-hex-trust,USDX,below,-3492,2026-03-08T16:00:24.000Z,2026-03-09T15:45:47.000Z,85523,0.7004842486920502,0.6505521149613301,0.991706,0.9995850854107009,live
84645,kau-kinesis,KAU,below,-1752,2026-03-08T16:00:24.000Z,2026-03-08T21:00:25.000Z,18001,137.96242433860363,135.8043724382666,163.71276162258206,164.87395686949628,live
84643,usdm-moneta,USDM,below,-118,2026-03-08T14:00:23.000Z,2026-03-08T15:00:24.000Z,3601,0.9880983778054017,0.9880983778054017,0.9979122486431015,0.9998553379099314,live
84641,mim-abracadabra,MIM,below,-105,2026-03-08T13:30:27.000Z,2026-03-08T14:00:23.000Z,1796,0.9892569951663472,0.9892569951663472,0.9900136471736112,0.9997096313667828,live
84642,nect-beraborrow,NECT,below,-392,2026-03-08T13:30:27.000Z,2026-03-08T14:00:23.000Z,1796,0.988977,0.9605,0.9995201125841616,0.9997096313667828,live
84638,pmusd-precious-metals,pmUSD,below,-278,2026-03-08T12:00:20.000Z,2026-03-08T12:30:28.000Z,1808,0.9719604350965821,0.9719604350965821,1,0.9997103213291538,live
84639,mim-abracadabra,MIM,below,-101,2026-03-08T12:00:20.000Z,2026-03-08T13:00:22.000Z,3602,0.9896571258876743,0.9896571258876743,0.9905332118858523,0.9997103213291538,live
84636,pmusd-precious-metals,pmUSD,below,-236,2026-03-08T10:45:18.000Z,2026-03-08T11:00:19.000Z,901,0.9761849991980921,0.9761849991980921,0.995213867529323,0.9997531445808407,live
84635,pmusd-precious-metals,pmUSD,below,-236,2026-03-08T10:00:18.000Z,2026-03-08T10:15:18.000Z,900,0.9761849991980921,0.9761849991980921,0.995284,0.9997531761924434,live
84633,frax-frax,FRAX,below,-162,2026-03-08T07:01:32.000Z,2026-03-08T17:00:26.000Z,35934,0.9856698650092997,0.9835873901934874,0.9901761020436877,0.9998546376047405,live
84632,pmusd-precious-metals,pmUSD,below,-281,2026-03-08T06:45:19.000Z,2026-03-08T07:01:32.000Z,973,0.9716398642649448,0.9716398642649448,0.9962428359369724,0.9997606750655798,live
84630,satusd-river,satUSD,below,-241,2026-03-08T06:01:35.000Z,2026-03-08T08:45:18.000Z,9823,0.9757978476934934,0.9757973169504273,0.99436,0.9993041038129293,live
84631,pmusd-precious-metals,pmUSD,below,-277,2026-03-08T06:01:35.000Z,2026-03-08T06:30:26.000Z,1731,0.9716398642649448,0.9716398642649448,0.995036,0.9993041038129293,live
84629,usdm-moneta,USDM,below,-103,2026-03-08T05:00:28.000Z,2026-03-08T05:15:18.000Z,890,0.9893591927205411,0.9893591927205411,0.995319,0.9996400073395146,live
84628,mim-abracadabra,MIM,below,-100,2026-03-08T03:45:17.000Z,2026-03-08T04:01:34.000Z,977,0.9897816824127709,0.9897816824127709,0.9899665196723858,0.9997293382978616,live
84627,mim-abracadabra,MIM,below,-100,2026-03-08T03:16:25.000Z,2026-03-08T03:30:20.000Z,835,0.9897816824127709,0.9897816824127709,0.9897816824127709,0.9997293382978616,live
84626,kag-kinesis,KAG,below,-305,2026-03-08T03:00:27.000Z,2026-03-08T08:00:20.000Z,17993,82.01099017107845,82.01099017107845,83.54813149645838,84.593002,live
84624,brz-transfero,BRZ,below,-299,2026-03-08T00:16:28.000Z,2026-03-08T19:45:21.000Z,70133,0.1856600309080175,0.18386181715017566,0.1873168085769012,0.18952,live
84623,kau-kinesis,KAU,above,913,2026-03-08T00:00:22.000Z,2026-03-08T16:00:24.000Z,57602,177.35282424458467,180.5356967256105,137.96242433860363,165.38313781226552,live
89225,brz-transfero,BRZ,below,-253,2026-03-08T00:00:00.000Z,2026-03-10T00:00:00.000Z,172800,0.9845292781843142,0.9747423291355127,0.9861413887717354,1,backfill
84621,frax-frax,FRAX,below,-110,2026-03-07T23:01:28.000Z,2026-03-08T02:00:22.000Z,10734,0.9889556684897004,0.9886818379073986,0.9919957732426884,0.9996199162887235,live
84622,usdm-moneta,USDM,below,-113,2026-03-07T23:01:28.000Z,2026-03-07T23:31:32.000Z,1804,0.988360311264841,0.988360311264841,0.994173,0.9996199162887235,live
84618,frax-frax,FRAX,below,-100,2026-03-07T22:15:19.000Z,2026-03-07T22:30:20.000Z,901,0.9898769057748098,0.9898769057748098,0.9898769057748098,0.999834545302409,live
84619,gusd-gemini,GUSD,above,163,2026-03-07T22:15:19.000Z,2026-03-07T22:45:19.000Z,1800,1.0160951453435398,1.0160951453435398,0.999329,0.999834545302409,live
84620,lusd-liquity,LUSD,above,173,2026-03-07T22:15:19.000Z,2026-03-09T03:16:33.000Z,104474,1.0149059072331457,1.0164134622719152,1.008406,0.999834545302409,live
84617,gusd-gemini,GUSD,above,172,2026-03-07T21:00:46.000Z,2026-03-07T22:00:19.000Z,3573,1.0164533747769204,1.0164533747769204,0.997777,0.9993065214601325,live
84616,frax-frax,FRAX,below,-101,2026-03-07T20:00:41.000Z,2026-03-07T20:30:47.000Z,1806,0.9894681500305084,0.9894681500305084,0.990015226592691,0.9994396691718529,live
84614,nect-beraborrow,NECT,below,-549,2026-03-07T19:00:45.000Z,2026-03-08T13:15:21.000Z,65676,0.9799815215606021,0.9447830025891063,0.997438,0.9996156462764608,live
84615,kau-kinesis,KAU,below,-374,2026-03-07T19:00:45.000Z,2026-03-08T00:00:22.000Z,17977,162.04708990977736,158.8215057058318,177.35282424458467,165.09745707912802,live
84613,pmusd-precious-metals,pmUSD,below,-288,2026-03-07T18:30:44.000Z,2026-03-07T19:45:34.000Z,4490,0.9731641693442835,0.9708617987484286,0.995564,0.9996494407812913,live
84611,pmusd-precious-metals,pmUSD,below,-272,2026-03-07T17:45:34.000Z,2026-03-07T18:15:34.000Z,1800,0.9725833227308324,0.9725833227308324,0.994447,0.9997654640012476,live
84609,frax-frax,FRAX,below,-100,2026-03-07T17:15:34.000Z,2026-03-07T18:00:48.000Z,2714,0.9898065579310849,0.9898065579310849,0.9898163388458973,0.9998015524313584,live
84608,pmusd-precious-metals,pmUSD,below,-272,2026-03-07T17:00:46.000Z,2026-03-07T17:15:34.000Z,888,0.9725833227308324,0.9725833227308324,0.99593,0.999738284556789,live
84604,pmusd-precious-metals,pmUSD,below,-259,2026-03-07T16:00:41.000Z,2026-03-07T16:30:40.000Z,1799,0.9740117316463799,0.9740117316463799,0.9956557841895637,0.9999082100215947,live
84605,nect-beraborrow,NECT,below,-152,2026-03-07T16:00:41.000Z,2026-03-07T18:00:48.000Z,7207,0.9851994278090367,0.9846305407720612,0.9968312904911565,0.9999082100215947,live
84606,kag-kinesis,KAG,below,-247,2026-03-07T16:00:41.000Z,2026-03-08T00:00:22.000Z,28781,83.2748829209601,82.50005195350853,83.42570443839838,84.593002,live
84603,brz-transfero,BRZ,below,-1123,2026-03-07T15:45:30.000Z,2026-03-08T00:00:22.000Z,29692,0.1855966998261839,0.16823159233439433,0.18771971711347465,0.18952,live
84601,satusd-river,satUSD,below,-126,2026-03-07T14:00:33.000Z,2026-03-07T15:15:30.000Z,4497,0.9872656372773222,0.9872633322828418,0.992908,0.999677395103136,live
84600,usda-anzens,USDA,below,-109,2026-03-07T13:30:41.000Z,2026-03-07T13:45:29.000Z,888,0.9888641232205442,0.9888641232205442,0.993883,0.9997414498226893,live
84597,pmusd-precious-metals,pmUSD,below,-265,2026-03-07T13:00:35.000Z,2026-03-07T15:45:30.000Z,9895,0.9733113524902381,0.9733113524902381,0.995699,0.9997679288960559,live
84598,usdm-moneta,USDM,below,-145,2026-03-07T13:00:35.000Z,2026-03-07T14:15:32.000Z,4497,0.9852646353852884,0.9852646353852884,0.992469,0.9997679288960559,live
84599,usda-anzens,USDA,below,-109,2026-03-07T13:00:35.000Z,2026-03-07T13:15:30.000Z,895,0.9888641232205442,0.9888641232205442,0.996393,0.9997679288960559,live
84594,kag-kinesis,KAG,below,-154,2026-03-07T11:00:32.000Z,2026-03-07T12:00:48.000Z,3616,83.2915043190727,83.2915043190727,83.62829259584736,84.593002,live
84593,pmusd-precious-metals,pmUSD,below,-239,2026-03-07T10:00:33.000Z,2026-03-07T12:00:48.000Z,7215,0.9763027767196552,0.9758214723778298,0.9960785882818322,0.9996895913506574,live
84591,usdm-moneta,USDM,below,-128,2026-03-07T07:00:18.000Z,2026-03-07T12:00:48.000Z,18030,0.9872257889927416,0.9869121344318488,0.9912704002556784,0.9996040502975435,live
84590,pmusd-precious-metals,pmUSD,below,-303,2026-03-07T06:45:17.000Z,2026-03-07T08:15:28.000Z,5411,0.9722774724382187,0.9693209760723804,0.996337,0.9998758154738805,live
84588,pmusd-precious-metals,pmUSD,below,-276,2026-03-07T06:00:18.000Z,2026-03-07T06:15:17.000Z,899,0.9722774724382187,0.9722774724382187,0.996153,0.9998800837400951,live
84584,frax-frax,FRAX,below,-111,2026-03-07T05:00:18.000Z,2026-03-07T15:00:35.000Z,36017,0.9889817242269628,0.9887305513850179,0.9900112997591691,0.9997352322263987,live
84585,gusd-gemini,GUSD,above,165,2026-03-07T05:00:18.000Z,2026-03-07T16:30:40.000Z,41422,1.0160479253205972,1.0161456848525694,1.002,0.9997352322263987,live
84586,usdm-moneta,USDM,below,-105,2026-03-07T05:00:18.000Z,2026-03-07T06:00:18.000Z,3600,0.989211829595874,0.989211829595874,0.9908764947143953,0.9997352322263987,live
84583,pmusd-precious-metals,pmUSD,below,-258,2026-03-07T04:45:17.000Z,2026-03-07T05:00:18.000Z,901,0.9738810369536586,0.9738810369536586,0.9968338309570406,0.9997096298864325,live
84582,brz-transfero,BRZ,below,-9843,2026-03-07T04:00:19.000Z,2026-03-07T15:30:37.000Z,41418,0.1786804837242553,0.0029816287471063877,0.18673018474683292,0.18952,live
84581,pmusd-precious-metals,pmUSD,below,-260,2026-03-07T02:45:17.000Z,2026-03-07T04:30:21.000Z,6304,0.9748782483971602,0.9737838280314928,0.99663,0.9996248869007105,live
84578,frax-frax,FRAX,below,-106,2026-03-07T01:30:18.000Z,2026-03-07T04:00:19.000Z,9001,0.9891748529410153,0.9891748529410153,0.9917853452222534,0.9997820552753391,live
84577,kau-kinesis,KAU,above,606,2026-03-07T01:00:17.000Z,2026-03-07T16:00:41.000Z,54024,171.73707014543598,175.30698417185204,167.34577489734568,165.40893844841182,live
84574,frax-frax,FRAX,below,-109,2026-03-07T00:15:18.000Z,2026-03-07T01:00:17.000Z,2699,0.9887348182801389,0.9887348182801389,0.9891748529410153,0.9996366259438658,live
84575,lusd-liquity,LUSD,above,182,2026-03-07T00:15:18.000Z,2026-03-07T22:00:19.000Z,78301,1.0155540962408593,1.017232353677004,1.008854,0.9996366259438658,live
84572,pmusd-precious-metals,pmUSD,below,-261,2026-03-06T23:31:13.000Z,2026-03-07T02:15:19.000Z,9846,0.976727790867071,0.9735008242808803,0.99657,0.99970843477077,live
84569,mim-abracadabra,MIM,below,-110,2026-03-06T21:16:14.000Z,2026-03-06T23:31:13.000Z,8099,0.9888211162938605,0.9885572921723913,0.99050871348085,0.9995293394248306,live
84566,frax-frax,FRAX,below,-109,2026-03-06T21:02:22.000Z,2026-03-07T00:00:18.000Z,10676,0.9888907362560838,0.9887348182801389,0.989795,0.9996081807014124,live
84567,satusd-river,satUSD,below,-154,2026-03-06T21:02:22.000Z,2026-03-06T21:32:21.000Z,1799,0.9842410712246605,0.9842410712246605,0.994395,0.9996081807014124,live
84560,usdx-hex-trust,USDX,below,-1087,2026-03-06T20:02:24.000Z,2026-03-08T07:01:32.000Z,125948,0.9204995274177808,0.8910147304692029,1.0039359058267314,0.9992249760570994,live
84561,lusd-liquity,LUSD,above,162,2026-03-06T20:02:24.000Z,2026-03-07T00:00:18.000Z,14274,1.0153650972509447,1.0153650972509447,1.00416,0.9992249760570994,live
84562,nect-beraborrow,NECT,below,-441,2026-03-06T20:02:24.000Z,2026-03-07T15:45:30.000Z,70986,0.9633781207627219,0.9557671583759642,0.997487,0.9992249760570994,live
84564,eurs-stasis,EURS,above,923,2026-03-06T20:02:24.000Z,2026-03-10T04:00:21.000Z,287877,1.2430027597408808,1.2621394304217666,0.9370324367536872,1.159863289696442,live
84565,gyen-gyen,GYEN,below,-2521,2026-03-06T20:02:24.000Z,2026-03-13T12:00:46.000Z,575902,0.004845914962042709,0.004720439994483296,0.00617357,0.006317137797364598,live
84547,frax-frax,FRAX,below,-124,2026-03-06T18:02:26.000Z,2026-03-06T19:32:25.000Z,5399,0.9880682275257103,0.9870115631508354,,0.9998224693643989,live
84546,kag-kinesis,KAG,below,-211,2026-03-06T15:30:26.000Z,2026-03-06T16:00:20.000Z,1794,82.72173506159415,82.72173506159415,84.7086170873649,84.503998,live
84543,mim-abracadabra,MIM,below,-163,2026-03-06T15:00:24.000Z,2026-03-06T19:17:22.000Z,15418,0.9854727837822933,0.9835708737095415,0.9903748675577387,0.9995640715404159,live
84544,nect-beraborrow,NECT,below,-398,2026-03-06T15:00:24.000Z,2026-03-06T19:32:25.000Z,16321,0.9599391437475342,0.9599391437475342,,0.9995640715404159,live
84545,usdm-moneta,USDM,below,-142,2026-03-06T15:00:24.000Z,2026-03-06T15:15:14.000Z,890,0.9853226886004968,0.9853226886004968,0.994943,0.9995640715404159,live
84542,kag-kinesis,KAG,above,222,2026-03-06T14:15:17.000Z,2026-03-06T15:00:24.000Z,2707,84.36749886112253,84.36749886112253,82.72173506159415,82.814003,live
85057,ebusd-ebisu,ebUSD,below,-119,2026-03-06T14:04:15.000Z,2026-03-06T15:02:53.000Z,3518,0.9881084044407275,0.9881084044407275,0.9935930311752063,1,backfill
84541,meusd-mezo,MUSD,below,-104,2026-03-06T14:00:24.000Z,2026-03-06T14:30:20.000Z,1796,0.9891845360787025,0.9891845360787025,0.9936784934269024,0.9995640715404159,live
84539,nect-beraborrow,NECT,below,-420,2026-03-06T13:00:15.000Z,2026-03-06T13:30:17.000Z,1802,0.9578061242283258,0.9578061242283258,0.998483,0.9998170722401667,live
84538,mim-abracadabra,MIM,below,-124,2026-03-06T12:15:16.000Z,2026-03-06T14:00:24.000Z,6308,0.9893666334124227,0.9873449895635918,0.9897708557510951,0.9996883010010957,live
84537,kag-kinesis,KAG,above,229,2026-03-06T12:00:17.000Z,2026-03-06T14:00:24.000Z,7207,84.3635238470244,84.3635238470244,84.36749886112253,82.593002,live
84536,satusd-river,satUSD,below,-129,2026-03-06T11:00:20.000Z,2026-03-06T12:45:14.000Z,6294,0.9869633726925755,0.9869633726925755,0.99546,0.9998825522691186,live
84535,nect-beraborrow,NECT,below,-420,2026-03-06T10:30:21.000Z,2026-03-06T10:45:11.000Z,890,0.9578117268627598,0.9578117268627598,1.001,0.9998426010416847,live
84534,kag-kinesis,KAG,above,165,2026-03-06T10:15:12.000Z,2026-03-06T10:30:21.000Z,909,84.16623118032429,84.16623118032429,84.16623118032429,82.801003,live
84532,mim-abracadabra,MIM,below,-153,2026-03-06T10:00:16.000Z,2026-03-06T10:15:12.000Z,896,0.9846270670832631,0.9846270670832631,0.990472,0.9998825522691186,live
84533,nect-beraborrow,NECT,below,-421,2026-03-06T10:00:16.000Z,2026-03-06T10:15:12.000Z,896,0.9578117268627598,0.9578117268627598,1.001,0.9998825522691186,live
84531,kag-kinesis,KAG,above,187,2026-03-06T09:45:12.000Z,2026-03-06T10:00:16.000Z,904,84.52510051685667,84.52510051685667,84.16623118032429,82.976997,live
84529,pmusd-precious-metals,pmUSD,below,-260,2026-03-06T09:15:12.000Z,2026-03-06T09:30:12.000Z,900,0.9738863693747141,0.9738863693747141,0.99651,0.9998469001492639,live
84530,usdx-hex-trust,USDX,below,-882,2026-03-06T09:15:12.000Z,2026-03-06T19:32:25.000Z,37033,0.9291393570217704,0.9116964327336613,,0.9998469001492639,live
84528,nect-beraborrow,NECT,below,-432,2026-03-06T06:31:10.000Z,2026-03-06T07:16:06.000Z,2696,0.9878971380796592,0.9565969285815512,1.001,0.9997811389426745,live
84527,nect-beraborrow,NECT,below,-126,2026-03-06T05:46:09.000Z,2026-03-06T06:16:09.000Z,1800,0.9871909769597057,0.9871909769597057,0.998283,0.999787519870869,live
84524,pmusd-precious-metals,pmUSD,below,-260,2026-03-06T05:01:17.000Z,2026-03-06T09:00:13.000Z,14336,0.9758022790013354,0.9738863693747141,0.99604,0.9998214997699668,live
84526,nect-beraborrow,NECT,below,-126,2026-03-06T05:01:17.000Z,2026-03-06T05:31:12.000Z,1795,0.9871909769597057,0.9871909769597057,1.003,0.9998214997699668,live
84523,usdm-moneta,USDM,above,121,2026-03-06T04:01:13.000Z,2026-03-06T04:46:12.000Z,2699,1.0118414816701011,1.0118414816701011,1.004,0.9997756234808656,live
84521,pmusd-precious-metals,pmUSD,below,-204,2026-03-06T03:46:10.000Z,2026-03-06T04:46:12.000Z,3602,0.9802185507529432,0.9794796583786097,0.994591,0.9997756234808656,live
84522,nect-beraborrow,NECT,below,-133,2026-03-06T03:46:10.000Z,2026-03-06T04:01:13.000Z,903,0.986472,0.986472,0.9973740088075943,0.9997756234808656,live
84518,mim-abracadabra,MIM,below,-135,2026-03-06T03:01:15.000Z,2026-03-06T07:01:11.000Z,14396,0.9890348160426014,0.9863282407428621,0.9899563142760505,0.9997808840354157,live
84519,nect-beraborrow,NECT,below,-436,2026-03-06T03:01:15.000Z,2026-03-06T03:16:09.000Z,894,0.956147058580588,0.956147058580588,0.997353,0.9997808840354157,live
84514,pmusd-precious-metals,pmUSD,below,-226,2026-03-06T01:01:12.000Z,2026-03-06T03:01:15.000Z,7203,0.9772836845393266,0.9772836845393266,0.9954467958797198,0.99986188646644,live
84516,nect-beraborrow,NECT,below,-122,2026-03-06T01:01:12.000Z,2026-03-06T01:46:09.000Z,2697,0.9877046088495769,0.9877046088495769,0.998937,0.99986188646644,live
84513,pmusd-precious-metals,pmUSD,below,-231,2026-03-06T00:01:10.000Z,2026-03-06T00:46:07.000Z,2697,0.9765343696078461,0.9765343696078461,0.996348,0.9996753527021265,live
84510,mim-abracadabra,MIM,below,-151,2026-03-05T23:16:06.000Z,2026-03-06T02:01:15.000Z,9909,0.9897713555465711,0.9846872669014289,0.9909028130032133,0.9998825522691186,live
84508,mim-abracadabra,MIM,below,-138,2026-03-05T22:01:09.000Z,2026-03-05T23:01:07.000Z,3598,0.9860260406599055,0.9860260406599055,0.9897713555465711,0.9998674156140994,live
84509,nect-beraborrow,NECT,below,-440,2026-03-05T22:01:09.000Z,2026-03-05T22:31:11.000Z,1802,0.9558796273275818,0.9558796273275818,0.999307,0.9998674156140994,live
84505,nect-beraborrow,NECT,below,-127,2026-03-05T19:31:11.000Z,2026-03-05T20:01:16.000Z,1805,0.9872358408860055,0.9872358408860055,0.9984115659026624,0.999887987253338,live
84504,nect-beraborrow,NECT,below,-120,2026-03-05T18:46:06.000Z,2026-03-05T19:01:07.000Z,901,0.987237,0.987237,0.999379,0.9992597358618132,live
84502,nect-beraborrow,NECT,below,-444,2026-03-05T18:01:10.000Z,2026-03-05T18:16:03.000Z,893,0.955343903296555,0.955343903296555,0.99885,0.999775354760475,live
84503,usda-anzens,USDA,below,-133,2026-03-05T18:01:10.000Z,2026-03-05T18:46:06.000Z,2696,0.9865013134419243,0.9865013134419243,0.992522,0.999775354760475,live
84500,frax-frax,FRAX,below,-140,2026-03-05T17:01:18.000Z,2026-03-06T02:01:15.000Z,32397,0.9864826102545,0.9858966858741474,0.9922896619204034,0.9999022478677897,live
85056,ebusd-ebisu,ebUSD,below,-100,2026-03-05T16:03:15.000Z,2026-03-05T17:02:35.000Z,3560,0.9900123551036555,0.9900123551036555,0.9917977581868052,1,backfill
84499,satusd-river,satUSD,below,-235,2026-03-05T16:01:19.000Z,2026-03-05T23:31:07.000Z,26988,0.9823517960593675,0.9763694704818328,0.994627,0.9996184327478368,live
84497,mim-abracadabra,MIM,below,-121,2026-03-05T15:46:12.000Z,2026-03-05T21:01:10.000Z,18898,0.988311757113901,0.9876240167266436,0.9900080591238479,0.9998424152391457,live
84498,kag-kinesis,KAG,above,214,2026-03-05T15:46:12.000Z,2026-03-05T16:01:19.000Z,907,83.42237935252433,83.42237935252433,82.37276379164074,81.676003,live
84495,usdm-moneta,USDM,above,118,2026-03-05T13:01:05.000Z,2026-03-05T13:46:08.000Z,2703,1.0117102098338233,1.0117102098338233,0.9968,0.9998825522691186,live
84496,usda-anzens,USDA,above,115,2026-03-05T13:01:05.000Z,2026-03-05T13:46:08.000Z,2703,1.011375869665891,1.011375869665891,0.998128,0.9998825522691186,live
84493,pmusd-precious-metals,pmUSD,above,103,2026-03-05T12:31:07.000Z,2026-03-05T12:46:18.000Z,911,1.0099080587225162,1.0099080587225162,0.9971,0.999578665572032,live
84490,pmusd-precious-metals,pmUSD,above,103,2026-03-05T12:00:57.000Z,2026-03-05T12:15:59.000Z,902,1.0099080587225162,1.0099080587225162,0.996236,0.999578665572032,live
84491,mim-abracadabra,MIM,below,-111,2026-03-05T12:00:57.000Z,2026-03-05T15:16:12.000Z,11715,0.9888956830211969,0.988824952473886,0.9900743944932751,0.999578665572032,live
84488,kau-kinesis,KAU,above,183,2026-03-05T11:00:54.000Z,2026-03-05T12:00:57.000Z,3603,168.57330523635304,168.57330523635304,165.29649646414677,165.55158028880962,live
84487,pmusd-precious-metals,pmUSD,above,167,2026-03-05T10:45:52.000Z,2026-03-05T11:45:55.000Z,3603,1.0157835558079078,1.0164128145796552,0.996137,0.9995642781350677,live
84484,pht-pht,PHT,above,208,2026-03-05T09:31:03.000Z,2026-03-05T10:00:55.000Z,1792,0.017459594279536347,0.017459594279536347,0.017262502318588436,0.017103,live
84483,kag-kinesis,KAG,below,-161,2026-03-05T09:15:53.000Z,2026-03-05T09:31:03.000Z,910,83.1575521244389,83.1575521244389,83.1575521244389,84.522003,live
84482,m-m0,M,below,-129,2026-03-05T08:30:53.000Z,2026-03-05T09:45:52.000Z,4499,0.9870788527487432,0.9870788527487432,0.9989817190329474,0.9997397408932156,live
84481,pmusd-precious-metals,pmUSD,below,-254,2026-03-05T07:45:52.000Z,2026-03-05T08:00:56.000Z,904,0.974491767655526,0.974491767655526,0.9970024288304261,0.9998529287538798,live
84480,kag-kinesis,KAG,below,-236,2026-03-05T07:15:47.000Z,2026-03-05T08:00:56.000Z,2709,81.5300840846354,81.5300840846354,82.92715611880419,83.5,live
84477,frax-frax,FRAX,below,-105,2026-03-05T07:00:49.000Z,2026-03-05T09:45:52.000Z,9903,0.9894194813876154,0.9894194813876154,0.9911478490888515,0.9998504293286915,live
84479,pmusd-precious-metals,pmUSD,below,-254,2026-03-05T07:00:49.000Z,2026-03-05T07:30:53.000Z,1804,0.974491767655526,0.974491767655526,0.997378,0.9998504293286915,live
84476,kag-kinesis,KAG,above,300,2026-03-05T06:15:46.000Z,2026-03-05T07:00:49.000Z,2703,84.81062532681904,84.81062532681904,81.5300840846354,82.760002,live
84474,mim-abracadabra,MIM,below,-109,2026-03-05T06:00:52.000Z,2026-03-05T09:15:53.000Z,11701,0.9896533046530929,0.9888309712921867,0.9900507997726851,0.9998993564333843,live
84475,usdm-moneta,USDM,below,-170,2026-03-05T06:00:52.000Z,2026-03-05T06:15:46.000Z,894,0.9829334658941233,0.9829334658941233,0.992661,0.9998993564333843,live
84473,pmusd-precious-metals,pmUSD,above,106,2026-03-05T05:00:47.000Z,2026-03-05T05:30:45.000Z,1798,1.010464061147593,1.010464061147593,1.003,0.9999034553781582,live
84470,pmusd-precious-metals,pmUSD,below,-322,2026-03-05T03:00:46.000Z,2026-03-05T03:15:44.000Z,898,0.9675736568213164,0.9675736568213164,1.004,0.999799192057354,live
84468,mim-abracadabra,MIM,below,-112,2026-03-05T02:00:46.000Z,2026-03-05T05:00:47.000Z,10801,0.9886551236260168,0.9886551236260168,0.9907913790066486,0.9997674073528839,live
84467,mim-abracadabra,MIM,below,-110,2026-03-05T01:00:46.000Z,2026-03-05T01:45:44.000Z,2698,0.9888901880194718,0.9888901880194718,0.9899999077787467,0.9998475010313509,live
84464,mim-abracadabra,MIM,below,-112,2026-03-04T23:00:43.000Z,2026-03-05T00:15:44.000Z,4501,0.9885275867818393,0.9885275867818393,0.9919258962420694,0.999649742079254,live
84465,usdm-moneta,USDM,below,-149,2026-03-04T23:00:43.000Z,2026-03-04T23:15:44.000Z,901,0.9847064206314011,0.9847064206314011,0.99832,0.999649742079254,live
84463,usdm-moneta,USDM,above,125,2026-03-04T22:00:42.000Z,2026-03-04T22:15:41.000Z,899,1.0123366314786577,1.0123366314786577,1.001,0.9998825522691186,live
84462,usdb-blast,USDB,above,125,2026-03-04T21:45:41.000Z,2026-03-04T22:00:42.000Z,901,1.012257673138857,1.012257673138857,1.0055634219435898,0.9997805753894112,live
84461,pmusd-precious-metals,pmUSD,below,-356,2026-03-04T21:30:41.000Z,2026-03-05T02:30:46.000Z,18005,0.9816220883994343,0.9641423147183188,0.997448,0.9998822236804764,live
84459,a7a5-old-vector,A7A5,below,-327,2026-03-04T21:15:44.000Z,2026-03-05T20:46:04.000Z,84620,0.012514207692748722,0.01246037805387038,0.012658216498582295,0.012881,live
84458,pmusd-precious-metals,pmUSD,below,-183,2026-03-04T21:01:19.000Z,2026-03-04T21:15:44.000Z,865,0.9816220883994343,0.9816220883994343,0.9952,0.9998822236804764,live
84456,usdb-blast,USDB,above,190,2026-03-04T20:02:26.000Z,2026-03-04T21:15:44.000Z,4398,1.0188627929018403,1.0188627929018403,1.005,0.9998362158263279,live
84455,eure-monerium,EURE,below,-276,2026-03-04T19:47:09.000Z,2026-03-04T20:16:03.000Z,1734,1.1332448984122003,1.1311578393411885,1.1575742191376026,1.1625120706593097,live
84453,pmusd-precious-metals,pmUSD,above,300,2026-03-04T19:02:26.000Z,2026-03-04T19:16:02.000Z,816,1.030016951015764,1.030016951015764,0.998266,1,live
84454,usdm-moneta,USDM,above,103,2026-03-04T19:02:26.000Z,2026-03-04T19:32:23.000Z,1797,1.010324370345836,1.010324370345836,0.997514,1,live
84451,kag-kinesis,KAG,above,177,2026-03-04T17:46:03.000Z,2026-03-04T18:01:19.000Z,916,84.78591501889488,84.78591501889488,83.63443693349062,83.315002,live
84450,pmusd-precious-metals,pmUSD,below,-131,2026-03-04T17:32:19.000Z,2026-03-04T17:46:03.000Z,824,0.986800154716657,0.986800154716657,0.992301,0.9999267584951329,live
84449,kag-kinesis,KAG,above,157,2026-03-04T15:15:58.000Z,2026-03-04T15:31:06.000Z,908,85.01324328556633,85.01324328556633,85.01324328556633,83.697998,live
84447,frax-frax,FRAX,below,-151,2026-03-04T15:01:06.000Z,2026-03-04T22:30:42.000Z,26976,0.984870972716699,0.984870972716699,0.99293,0.9993967341504945,live
84448,satusd-river,satUSD,below,-580,2026-03-04T15:01:06.000Z,2026-03-05T04:15:45.000Z,47679,0.9867939670728331,0.9419586190961481,0.994312,0.9993967341504945,live
84444,usdb-blast,USDB,above,125,2026-03-04T14:01:02.000Z,2026-03-04T16:02:33.000Z,7291,1.0119806247771341,1.0119806247771341,1.0053992036468602,0.9999073541583408,live
84445,meusd-mezo,MUSD,below,-104,2026-03-04T14:01:02.000Z,2026-03-04T15:01:06.000Z,3604,0.9894893476919912,0.9894893476919912,0.9937332997122968,0.9999073541583408,live
84442,pmusd-precious-metals,pmUSD,below,-199,2026-03-04T13:30:58.000Z,2026-03-04T15:15:58.000Z,6300,0.9799699420488956,0.9799699420488956,0.992294,0.999841794475333,live
84441,pmusd-precious-metals,pmUSD,below,-199,2026-03-04T13:00:56.000Z,2026-03-04T13:15:57.000Z,901,0.9799699420488956,0.9799699420488956,0.995325,0.9998693602310348,live
84438,pmusd-precious-metals,pmUSD,below,-181,2026-03-04T11:31:12.000Z,2026-03-04T12:30:57.000Z,3585,0.9877688428502532,0.9817667637948473,0.9971014814983541,0.9998993141041405,live
84437,usdb-blast,USDB,above,194,2026-03-04T11:01:11.000Z,2026-03-04T11:46:02.000Z,2691,1.0193097769257071,1.0193097769257071,1.004,0.9998770044948878,live
84435,kag-kinesis,KAG,below,-182,2026-03-04T10:15:58.000Z,2026-03-04T10:45:57.000Z,1799,84.9959565780023,84.9959565780023,84.9959565780023,86.360001,live
84434,pmusd-precious-metals,pmUSD,below,-121,2026-03-04T10:01:02.000Z,2026-03-04T11:16:01.000Z,4499,0.9891282144012408,0.9877688428502532,0.99826,0.9998160797227574,live
84433,meusd-mezo,MUSD,below,-126,2026-03-04T09:45:58.000Z,2026-03-04T13:00:56.000Z,11698,0.989234102507252,0.9872745126903375,0.9900131419941225,1.00001808872696,live
84432,nect-beraborrow,NECT,below,-481,2026-03-04T09:15:58.000Z,2026-03-05T17:31:06.000Z,116108,0.987342246965922,0.9517965358956924,0.998274,1.0000788292434684,live
84430,gusd-gate,GUSD,above,171,2026-03-04T09:01:00.000Z,2026-03-04T10:15:58.000Z,4498,1.0105468535908264,1.016923696812061,1.002,1.0000788292434684,live
84431,usda-anzens,USDA,above,113,2026-03-04T09:01:00.000Z,2026-03-04T09:15:58.000Z,898,1.011384388559446,1.011384388559446,1.004,1.0000788292434684,live
84429,pmusd-precious-metals,pmUSD,below,-121,2026-03-04T08:30:57.000Z,2026-03-04T08:45:56.000Z,899,0.9877891845744476,0.9877891845744476,0.997185,0.9998784647147179,live
84428,pmusd-precious-metals,pmUSD,below,-120,2026-03-04T08:00:59.000Z,2026-03-04T08:15:57.000Z,898,0.9877891845744476,0.9877891845744476,0.993134,0.9998081658062824,live
84427,pmusd-precious-metals,pmUSD,below,-211,2026-03-04T06:45:40.000Z,2026-03-04T07:00:58.000Z,918,0.978708,0.978708,0.9968040022908154,0.9998310265641898,live
84425,pmusd-precious-metals,pmUSD,below,-274,2026-03-04T06:00:40.000Z,2026-03-04T06:30:40.000Z,1800,0.9740971712760218,0.9724009514204577,0.996953,0.9998059383497109,live
84422,lusd-liquity,LUSD,above,167,2026-03-04T05:45:41.000Z,2026-03-06T19:32:25.000Z,222404,1.0143397211435354,1.0166785436019186,,0.9998131545701683,live
84423,nect-beraborrow,NECT,below,-124,2026-03-04T05:45:41.000Z,2026-03-04T06:00:40.000Z,899,0.9874347200750244,0.9874347200750244,0.9983631800835508,0.9998131545701683,live
84420,frax-frax,FRAX,below,-102,2026-03-04T05:15:39.000Z,2026-03-04T06:30:40.000Z,4501,0.9897203307796298,0.9896678505645943,0.991802,0.9997944648618496,live
84421,pmusd-precious-metals,pmUSD,below,-319,2026-03-04T05:15:39.000Z,2026-03-04T05:45:41.000Z,1802,0.9679082037828899,0.9679082037828899,1.001,0.9997944648618496,live
84418,lusd-liquity,LUSD,above,144,2026-03-04T04:45:40.000Z,2026-03-04T05:30:40.000Z,2700,1.0140807552530495,1.0141917306758492,1.004227,0.9997980503328978,live
84419,nect-beraborrow,NECT,below,-124,2026-03-04T04:45:40.000Z,2026-03-04T05:15:39.000Z,1799,0.98743489849569,0.98743489849569,0.999609,0.9997980503328978,live
84414,frax-frax,FRAX,below,-101,2026-03-04T04:15:40.000Z,2026-03-04T05:00:40.000Z,2700,0.9897810570924699,0.9897203307796298,0.990261,0.9997903518166494,live
84416,pmusd-precious-metals,pmUSD,below,-337,2026-03-04T04:15:40.000Z,2026-03-04T05:00:40.000Z,2700,0.966138866733457,0.966138866733457,0.997103,0.9997903518166494,live
84417,usdx-hex-trust,USDX,below,-1283,2026-03-04T04:15:40.000Z,2026-03-05T01:30:49.000Z,76509,0.9868044121331762,0.8716848629830936,1.001,0.9997903518166494,live
84413,lusd-liquity,LUSD,above,143,2026-03-04T03:45:40.000Z,2026-03-04T04:30:39.000Z,2699,1.0130202339369252,1.0140807552530495,1.004227,0.9998052788468367,live
84412,nect-beraborrow,NECT,below,-139,2026-03-04T03:15:40.000Z,2026-03-04T04:00:41.000Z,2701,0.9860223966194059,0.9860223966194059,0.999353,0.999848016507381,live
84410,pmusd-precious-metals,pmUSD,below,-220,2026-03-04T02:45:40.000Z,2026-03-04T03:30:43.000Z,2703,0.9803166796200817,0.9778858388113824,0.997209,0.9998449614538921,live
84411,lusd-liquity,LUSD,above,138,2026-03-04T02:45:40.000Z,2026-03-04T03:30:43.000Z,2703,1.013674835873171,1.013674835873171,1.000162,0.9998449614538921,live
84408,kag-kinesis,KAG,below,-261,2026-03-04T02:30:40.000Z,2026-03-04T03:00:40.000Z,1800,83.35010518154331,83.35010518154331,84.33269470872231,85.583,live
84406,lusd-liquity,LUSD,above,138,2026-03-04T01:15:39.000Z,2026-03-04T02:30:40.000Z,4501,1.0134736725157212,1.013674835873171,1.004717,0.9997556324958528,live
84404,frax-frax,FRAX,below,-176,2026-03-04T00:45:39.000Z,2026-03-04T01:15:39.000Z,1800,0.9821657392412713,0.9821657392412713,0.9932245169477799,0.9997114448470201,live
84402,frax-frax,FRAX,below,-109,2026-03-04T00:15:39.000Z,2026-03-04T00:30:40.000Z,901,0.9888898608051364,0.9888898608051364,0.9901009048995814,0.9997985598015493,live
84403,pmusd-precious-metals,pmUSD,below,-208,2026-03-04T00:15:39.000Z,2026-03-04T01:00:40.000Z,2701,0.9790333542390977,0.9790333542390977,0.9968196711192466,0.9997985598015493,live
84400,pmusd-precious-metals,pmUSD,above,223,2026-03-03T23:45:40.000Z,2026-03-04T00:00:40.000Z,900,1.022268428342353,1.022268428342353,0.996735,0.9999612461722981,live
84397,pmusd-precious-metals,pmUSD,above,223,2026-03-03T22:45:40.000Z,2026-03-03T23:15:39.000Z,1799,1.0201038094378758,1.022268428342353,0.999666,0.9999053640194212,live
84398,lusd-liquity,LUSD,above,141,2026-03-03T22:45:40.000Z,2026-03-04T01:00:40.000Z,8100,1.013156701797792,1.0137805937798845,1.004575,0.9999053640194212,live
84394,pmusd-precious-metals,pmUSD,above,173,2026-03-03T21:47:02.000Z,2026-03-03T22:15:39.000Z,1717,1.0171743307846108,1.0171743307846108,0.9981850228979838,0.9998508817284046,live
84395,lusd-liquity,LUSD,above,138,2026-03-03T21:47:02.000Z,2026-03-03T22:30:39.000Z,2617,1.013616655474769,1.013616655474769,1.008463,0.9998508817284046,live
84393,frax-frax,FRAX,below,-160,2026-03-03T21:15:39.000Z,2026-03-03T22:15:39.000Z,3600,0.9877324243406599,0.983869361477115,0.9907374039576707,0.9994004514234553,live
84391,pmusd-precious-metals,pmUSD,above,234,2026-03-03T20:46:10.000Z,2026-03-03T21:30:45.000Z,2675,1.0227802982723553,1.0227802982723553,0.997211,0.9993963892761983,live
84392,lusd-liquity,LUSD,above,157,2026-03-03T20:46:10.000Z,2026-03-03T21:30:45.000Z,2675,1.015065192011227,1.015065192011227,1.008463,0.9993963892761983,live
84390,alusd-alchemix,ALUSD,below,-103,2026-03-03T20:16:14.000Z,2026-03-03T21:01:20.000Z,2706,0.9891002002611765,0.9891002002611765,0.9911315129046968,0.999382,live
84387,pmusd-precious-metals,pmUSD,above,235,2026-03-03T19:46:12.000Z,2026-03-03T20:31:19.000Z,2707,1.0162670978460775,1.0227802982723553,0.997709,0.9994708551305467,live
84388,lusd-liquity,LUSD,above,158,2026-03-03T19:46:12.000Z,2026-03-03T20:31:19.000Z,2707,1.015022169364525,1.015065192011227,1.008463,0.9994708551305467,live
84386,lusd-liquity,LUSD,above,156,2026-03-03T18:46:11.000Z,2026-03-03T19:31:13.000Z,2702,1.014063760450201,1.015022169364525,1.008463,0.9999069935711372,live
89956,xnk-kinka,XNK,below,-156,2026-03-03T18:03:27.000Z,2026-03-03T19:02:51.000Z,3564,5081.04289733283,5081.04289733283,5136.135405109066,5161.5877053272225,backfill
84382,frax-frax,FRAX,below,-108,2026-03-03T17:46:11.000Z,2026-03-03T18:16:10.000Z,1799,0.9898896923888673,0.9891199824179365,0.9909138293374211,0.9999871519129102,live
84383,lusd-liquity,LUSD,above,143,2026-03-03T17:46:11.000Z,2026-03-03T18:31:17.000Z,2706,1.014257082668642,1.014257082668642,1.008463,0.9999871519129102,live
84384,uty-xsy,UTY,above,126,2026-03-03T17:46:11.000Z,2026-03-03T18:01:20.000Z,909,1.01258404386876,1.01258404386876,0.999439122010638,0.9999871519129102,live
84381,pmusd-precious-metals,pmUSD,above,106,2026-03-03T17:16:12.000Z,2026-03-03T18:01:20.000Z,2708,1.0105556831928892,1.0105556831928892,0.9974432858226444,0.9999761519651265,live
84380,meusd-mezo,MUSD,below,-135,2026-03-03T17:01:19.000Z,2026-03-04T09:01:00.000Z,57581,0.9899537286119259,0.9863611063604136,0.9907902376034836,0.99999601801402,live
84376,frax-frax,FRAX,below,-159,2026-03-03T16:46:16.000Z,2026-03-03T17:31:14.000Z,2698,0.9839482746911878,0.9839482746911878,0.992441,0.9998770824352066,live
84377,lusd-liquity,LUSD,above,163,2026-03-03T16:46:16.000Z,2026-03-03T17:31:14.000Z,2698,1.0162024857756162,1.0162024857756162,1.008825,0.9998770824352066,live
84378,uty-xsy,UTY,above,127,2026-03-03T16:46:16.000Z,2026-03-03T17:31:14.000Z,2698,1.01258404386876,1.01258404386876,0.996491,0.9998770824352066,live
84375,kag-kinesis,KAG,below,-212,2026-03-03T16:31:33.000Z,2026-03-03T17:01:19.000Z,1786,81.62695013821907,81.62695013821907,83.14450327953605,83.392998,live
84373,uty-xsy,UTY,above,127,2026-03-03T16:01:23.000Z,2026-03-03T16:31:33.000Z,1810,1.01258404386876,1.01258404386876,0.996491,0.9998901618771185,live
84372,zarp-zarp,ZARP,above,184,2026-03-03T15:31:13.000Z,2026-03-04T07:00:58.000Z,55785,0.06207405446547049,0.06212347929978486,0.06167602305737563,0.061,live
84370,lusd-liquity,LUSD,above,163,2026-03-03T15:16:13.000Z,2026-03-03T16:31:33.000Z,4520,1.0140035568314139,1.0162024857756162,1.008825,0.9996085854115235,live
89955,xnk-kinka,XNK,below,-250,2026-03-03T15:03:46.000Z,2026-03-03T17:03:10.000Z,7164,5041.554164535285,5041.554164535285,5105.98570253377,5171.060753364534,backfill
84369,kag-kinesis,KAG,below,-290,2026-03-03T15:01:26.000Z,2026-03-03T15:31:13.000Z,1787,79.79055275286204,79.79055275286204,79.79055275286204,82.176003,live
84367,frax-frax,FRAX,below,-119,2026-03-03T14:16:20.000Z,2026-03-03T14:31:22.000Z,902,0.9878995527596444,0.9878995527596444,0.9932778991872262,0.9998219954755704,live
84368,lusd-liquity,LUSD,above,144,2026-03-03T14:16:20.000Z,2026-03-03T15:01:26.000Z,2706,1.0140400935309306,1.0140035568314139,1.008825,0.9998219954755704,live
84366,meusd-mezo,MUSD,below,-106,2026-03-03T14:01:24.000Z,2026-03-03T15:01:26.000Z,3602,0.9892619341563362,0.9892619341563362,0.9907789408625757,0.9992832752322789,live
84363,frax-frax,FRAX,below,-114,2026-03-03T13:16:14.000Z,2026-03-03T14:01:24.000Z,2710,0.9889695148441232,0.9879058960005483,0.992154,0.9992570779613102,live
84364,usdx-hex-trust,USDX,below,-142,2026-03-03T13:16:14.000Z,2026-03-03T13:31:23.000Z,909,0.9851019596168199,0.9851019596168199,0.990093,0.9992570779613102,live
84365,lusd-liquity,LUSD,above,152,2026-03-03T13:16:14.000Z,2026-03-03T14:01:24.000Z,2710,1.0144643090689647,1.0144643090689647,1.009169,0.9992570779613102,live
84362,lusd-liquity,LUSD,above,153,2026-03-03T12:16:09.000Z,2026-03-03T13:01:29.000Z,2720,1.014650467329764,1.015075939405587,1.006552,0.9997714928716885,live
84361,kau-kinesis,KAU,above,209,2026-03-03T12:01:09.000Z,2026-03-03T12:31:09.000Z,1800,168.5940269592089,168.5940269592089,168.5940269592089,165.14709171264403,live
84360,kag-kinesis,KAG,above,337,2026-03-03T11:31:06.000Z,2026-03-03T12:31:09.000Z,3603,82.41286073030678,82.41286073030678,81.71602783236584,79.723999,live
84359,lusd-liquity,LUSD,above,153,2026-03-03T11:16:00.000Z,2026-03-03T12:01:09.000Z,2709,1.0136962919710633,1.014650467329764,1.006552,0.9996603884985082,live
84358,kag-kinesis,KAG,below,-176,2026-03-03T11:01:03.000Z,2026-03-03T11:31:06.000Z,1803,82.41286073030678,82.41286073030678,82.41286073030678,83.889,live
84357,frax-frax,FRAX,below,-116,2026-03-03T10:45:58.000Z,2026-03-03T11:01:03.000Z,905,0.9881648987071753,0.9881648987071753,0.9918459762399457,0.9997650801534527,live
84356,lusd-liquity,LUSD,above,141,2026-03-03T10:15:59.000Z,2026-03-03T11:01:03.000Z,2704,1.0134665313535114,1.0136962919710633,1.001588,0.9997650801534527,live
84355,kag-kinesis,KAG,above,218,2026-03-03T09:45:58.000Z,2026-03-03T10:01:02.000Z,904,85.71682957862093,85.71682957862093,84.50611931778535,83.889,live
84353,lusd-liquity,LUSD,above,149,2026-03-03T09:16:01.000Z,2026-03-03T10:01:02.000Z,2701,1.0135184042128749,1.0145511202721829,1.007137,0.9996216430752644,live
84354,alusd-alchemix,ALUSD,below,-106,2026-03-03T09:16:01.000Z,2026-03-03T10:01:02.000Z,2701,0.9890720028886495,0.9890720028886495,0.9910962953667724,0.9996216430752644,live
84351,frax-frax,FRAX,below,-142,2026-03-03T08:45:58.000Z,2026-03-03T09:31:01.000Z,2703,0.9854866518402597,0.9854866518402597,0.991258,0.9997022761966228,live
84352,meusd-mezo,MUSD,below,-121,2026-03-03T08:45:58.000Z,2026-03-03T13:01:29.000Z,15331,0.9887556236326349,0.987521906841113,0.9898970729260549,0.9997022761966228,live
83853,pmusd-precious-metals,pmUSD,below,-226,2026-03-03T07:15:58.000Z,2026-03-03T08:45:58.000Z,5400,0.9772624064765468,0.9772624064765468,0.996792,0.9998061016999729,live
83854,kag-kinesis,KAG,below,-212,2026-03-03T07:15:58.000Z,2026-03-03T08:45:58.000Z,5400,84.57985715714351,84.57985715714351,86.02004615707722,86.411003,live
83851,frax-frax,FRAX,below,-115,2026-03-03T06:15:58.000Z,2026-03-03T06:30:59.000Z,901,0.9882946091160207,0.9882946091160207,0.9925636273082203,0.9997618095682478,live
83850,kag-kinesis,KAG,above,598,2026-03-03T06:01:04.000Z,2026-03-03T07:00:58.000Z,3594,89.62799100004052,89.62799100004052,84.57985715714351,87.013,live
83849,alusd-alchemix,ALUSD,below,-110,2026-03-03T05:46:06.000Z,2026-03-03T07:00:58.000Z,4492,0.9898275033128153,0.9887888577028672,0.990931278606502,0.9997872390138152,live
83847,frax-frax,FRAX,below,-100,2026-03-03T05:16:02.000Z,2026-03-03T05:31:09.000Z,907,0.9896851526174973,0.9896851526174973,0.9948498323345036,0.9996456934995015,live
83848,lusd-liquity,LUSD,above,148,2026-03-03T05:16:02.000Z,2026-03-03T09:01:01.000Z,13499,1.014380530572124,1.0144677793385461,1.002187,0.9996456934995015,live
83846,nect-beraborrow,NECT,below,-454,2026-03-03T05:01:04.000Z,2026-03-04T02:00:40.000Z,75576,0.9851729144119805,0.9542813768845038,0.9988560916512572,0.9996456934995015,live
83843,pmusd-precious-metals,pmUSD,below,-224,2026-03-03T04:46:01.000Z,2026-03-03T05:16:02.000Z,1801,0.9788633760386546,0.9772452905774158,1,0.9996456934995015,live
83844,reusd-resupply,REUSD,below,-111,2026-03-03T04:46:01.000Z,2026-03-03T07:00:58.000Z,8097,0.9885126801667418,0.9885126801667418,0.9899738229124891,0.9996456934995015,live
83842,lusd-liquity,LUSD,above,147,2026-03-03T04:16:01.000Z,2026-03-03T05:01:04.000Z,2703,1.0139301955749764,1.0139301955749764,1.003506,0.999231627988341,live
83840,pmusd-precious-metals,pmUSD,below,-204,2026-03-03T03:46:02.000Z,2026-03-03T04:31:06.000Z,2704,0.9807689101388353,0.9788633760386546,0.997517,0.9994,live
83841,reusd-resupply,REUSD,below,-109,2026-03-03T03:46:02.000Z,2026-03-03T04:31:06.000Z,2704,0.9884886500265838,0.9884886500265838,0.989437,0.9994,live
83837,lusd-liquity,LUSD,above,157,2026-03-03T03:16:03.000Z,2026-03-03T04:01:19.000Z,2716,1.0149962066364169,1.0149962066364169,1.00676,0.9994,live
83838,alusd-alchemix,ALUSD,below,-100,2026-03-03T03:16:03.000Z,2026-03-03T04:01:19.000Z,2716,0.9893644831455556,0.9893644831455556,0.9904452857852396,0.9994,live
83836,meusd-mezo,MUSD,below,-118,2026-03-03T03:01:13.000Z,2026-03-03T07:00:58.000Z,14385,0.9884967175353176,0.9879941499503321,0.9900364174681218,0.999344938587912,live
83835,pmusd-precious-metals,pmUSD,below,-186,2026-03-03T02:16:02.000Z,2026-03-03T03:01:13.000Z,2711,0.9829870631965658,0.9807689101388353,0.997517,0.9994076548728066,live
83834,alusd-alchemix,ALUSD,below,-101,2026-03-03T02:01:09.000Z,2026-03-03T03:01:13.000Z,3604,0.9894379704295898,0.9893127061645485,0.9911592757969131,0.9994076548728066,live
83832,pmusd-precious-metals,pmUSD,below,-164,2026-03-03T01:16:00.000Z,2026-03-03T02:01:09.000Z,2709,0.9841194904028473,0.9829870631965658,0.997517,0.9997759726496629,live
83833,lusd-liquity,LUSD,above,157,2026-03-03T01:16:00.000Z,2026-03-03T03:01:13.000Z,6313,1.014717695350604,1.0149962066364169,1.00676,0.9997759726496629,live
86794,pgold-pleasing,PGOLD,above,399,2026-03-03T01:02:47.000Z,2026-03-03T10:03:55.000Z,32468,5319.045260079639,5322.057630563233,5268.649992285806,5117.73968885637,backfill
83829,nect-beraborrow,NECT,below,-124,2026-03-03T00:45:58.000Z,2026-03-03T01:01:08.000Z,910,0.987457,0.987457,0.9986216727274153,0.9998194469544408,live
83830,alusd-alchemix,ALUSD,below,-104,2026-03-03T00:45:58.000Z,2026-03-03T01:31:03.000Z,2705,0.9895770811651387,0.9895296544835386,0.990223,0.9998194469544408,live
83827,satusd-river,satUSD,below,-242,2026-03-03T00:15:58.000Z,2026-03-03T00:31:06.000Z,908,0.9756073924236314,0.9756073924236314,0.993869,0.9998050981323848,live
83828,lusd-liquity,LUSD,above,149,2026-03-03T00:15:58.000Z,2026-03-03T01:01:08.000Z,2710,1.0133779585732232,1.014717695350604,1.00965,0.9998050981323848,live
83825,crvusd-curve,crvUSD,below,-118,2026-03-02T23:45:58.000Z,2026-03-03T00:01:01.000Z,903,0.9881408468960885,0.9881408468960885,0.992611713477661,0.9999060371878321,live
83826,pmusd-precious-metals,pmUSD,below,-167,2026-03-02T23:45:58.000Z,2026-03-03T00:31:06.000Z,2708,0.9896400493228167,0.9831528291654444,0.997165,0.9999060371878321,live
83821,usdx-hex-trust,USDX,below,-3101,2026-03-02T23:15:58.000Z,2026-03-03T03:01:13.000Z,13515,0.6935863078024441,0.689709979344297,0.9918245098858983,0.9994073563619558,live
83822,lusd-liquity,LUSD,above,153,2026-03-02T23:15:58.000Z,2026-03-03T00:01:01.000Z,2703,1.014625222853477,1.014625222853477,1.00555,0.9994073563619558,live
83823,nect-beraborrow,NECT,below,-443,2026-03-02T23:15:58.000Z,2026-03-03T00:31:06.000Z,4508,0.9875808961549262,0.9555573647353668,0.999843,0.9994073563619558,live
83820,reusd-resupply,REUSD,below,-112,2026-03-02T23:00:58.000Z,2026-03-03T03:31:06.000Z,16208,0.9893839583151391,0.9887466952009567,0.989503,0.9993666483824905,live
83819,pmusd-precious-metals,pmUSD,below,-123,2026-03-02T22:46:01.000Z,2026-03-02T23:00:58.000Z,897,0.9872983339720521,0.9872983339720521,0.9896400493228167,0.9995550648737641,live
83818,reusd-resupply,REUSD,below,-103,2026-03-02T22:30:59.000Z,2026-03-02T22:46:01.000Z,902,0.9896650668744467,0.9896650668744467,0.9896650668744467,1.000001254996548,live
83816,frax-frax,FRAX,below,-107,2026-03-02T22:15:58.000Z,2026-03-02T23:00:58.000Z,2700,0.9893461774585314,0.9893461774585314,0.9897054983810669,0.9999666329636265,live
83817,lusd-liquity,LUSD,above,153,2026-03-02T22:15:58.000Z,2026-03-02T23:00:58.000Z,2700,1.0147652500330824,1.014625222853477,1.00555,0.9999666329636265,live
83814,pmusd-precious-metals,pmUSD,below,-120,2026-03-02T21:45:57.000Z,2026-03-02T22:00:58.000Z,901,0.9879609343923937,0.9879609343923937,0.997303,0.9999650022374189,live
83815,reusd-resupply,REUSD,below,-100,2026-03-02T21:45:57.000Z,2026-03-02T22:00:58.000Z,901,0.9900000211696238,0.9900000211696238,0.9906965442189188,0.9999650022374189,live
83812,frax-frax,FRAX,below,-106,2026-03-02T21:15:57.000Z,2026-03-02T22:00:58.000Z,2701,0.989380965165059,0.989380965165059,0.991879,0.9999018123781872,live
83813,lusd-liquity,LUSD,above,155,2026-03-02T21:15:57.000Z,2026-03-02T22:00:58.000Z,2701,1.0154379267273514,1.0154379267273514,1.007261,0.9999018123781872,live
83810,pmusd-precious-metals,pmUSD,below,-121,2026-03-02T20:45:21.000Z,2026-03-02T21:30:58.000Z,2737,0.9877779856060266,0.9877779856060266,0.997654,0.9999018123781872,live
83811,kag-kinesis,KAG,below,-169,2026-03-02T20:45:21.000Z,2026-03-02T21:01:00.000Z,939,89.35064133283637,89.35064133283637,90.19225278170597,90.890999,live
83806,frax-frax,FRAX,below,-108,2026-03-02T20:17:11.000Z,2026-03-02T21:01:00.000Z,2629,0.9888445034062209,0.9888445034062209,0.991823,0.9996632475329762,live
83807,lusd-liquity,LUSD,above,170,2026-03-02T20:17:11.000Z,2026-03-02T21:01:00.000Z,2629,1.01664855731319,1.01664855731319,1.006588,0.9996632475329762,live
83808,alusd-alchemix,ALUSD,below,-103,2026-03-02T20:17:11.000Z,2026-03-02T20:30:21.000Z,790,0.9893699826912157,0.9893699826912157,0.9900860730414666,0.9996632475329762,live
86793,pgold-pleasing,PGOLD,above,253,2026-03-02T20:04:00.000Z,2026-03-02T22:04:22.000Z,7222,5285.247023982554,5285.247023982554,5282.338737872907,5155.01263770683,backfill
89954,xnk-kinka,XNK,above,311,2026-03-02T20:03:30.000Z,2026-03-03T11:04:04.000Z,54034,5327.9358148755155,5364.7031424214365,5249.738710582983,5239.340988692948,backfill
83804,lusd-liquity,LUSD,above,170,2026-03-02T19:15:21.000Z,2026-03-02T20:02:52.000Z,2851,1.015497385442649,1.01664855731319,1.004331,0.9996234503918612,live
83803,meusd-mezo,MUSD,below,-119,2026-03-02T19:01:58.000Z,2026-03-03T02:45:59.000Z,27841,0.9887969187233797,0.9881473419773869,0.9897127097461011,0.9996711069032981,live
83801,pmusd-precious-metals,pmUSD,below,-150,2026-03-02T18:45:21.000Z,2026-03-02T19:30:25.000Z,2704,0.9877786958270499,0.9846300447680612,0.99778,0.999604222008903,live
83799,lusd-liquity,LUSD,above,158,2026-03-02T18:15:26.000Z,2026-03-02T19:01:58.000Z,2792,1.0152606008115308,1.015497385442649,1.008334,0.999729112710397,live
83800,alusd-alchemix,ALUSD,below,-137,2026-03-02T18:15:26.000Z,2026-03-02T20:02:52.000Z,6446,0.9889907967798823,0.9859909934350102,0.9908120119680774,0.999729112710397,live
83797,mim-abracadabra,MIM,below,-405,2026-03-02T17:45:22.000Z,2026-03-04T18:16:03.000Z,174641,0.9848293196533874,0.9594672728996049,0.9925633763247386,0.999652836286494,live
83795,lusd-liquity,LUSD,above,169,2026-03-02T17:15:22.000Z,2026-03-02T18:00:25.000Z,2703,1.016439135264804,1.016439135264804,1.008334,0.999985532743566,live
83796,uty-xsy,UTY,above,126,2026-03-02T17:15:22.000Z,2026-03-02T17:30:32.000Z,910,1.01258404386876,1.01258404386876,0.999529,0.999985532743566,live
83794,meusd-mezo,MUSD,below,-118,2026-03-02T17:02:21.000Z,2026-03-02T18:00:25.000Z,3484,0.9881811229835623,0.9881811229835623,0.9906301010720537,1.0000250008220635,live
83793,alusd-alchemix,ALUSD,below,-123,2026-03-02T16:45:21.000Z,2026-03-02T18:00:25.000Z,4504,0.9896240952686043,0.9877148263405802,0.9905062970407785,0.9999188366456067,live
83789,reusd-resupply,REUSD,below,-104,2026-03-02T16:15:22.000Z,2026-03-02T17:30:32.000Z,4510,0.9896022858748345,0.9895156523397081,0.9899866612202186,0.9999155589856582,live
83790,uty-xsy,UTY,above,127,2026-03-02T16:15:22.000Z,2026-03-02T17:02:21.000Z,2819,1.01258404386876,1.01258404386876,1.00001,0.9999155589856582,live
83791,nect-beraborrow,NECT,below,-430,2026-03-02T16:15:22.000Z,2026-03-02T21:30:58.000Z,18936,0.98722893861666,0.9567480388069765,1.001,0.9999155589856582,live
83792,kag-kinesis,KAG,above,253,2026-03-02T16:15:22.000Z,2026-03-02T17:02:21.000Z,2819,89.91541696049293,89.91541696049293,88.47395808888534,88.393997,live
83788,aid-gaib,AID,below,-4258,2026-03-02T16:00:26.000Z,2026-03-02T17:15:22.000Z,4496,0.5741826879175402,0.5741826879175402,0.996814,0.9998853782444801,live
83786,mim-abracadabra,MIM,below,-112,2026-03-02T15:45:22.000Z,2026-03-02T17:30:32.000Z,6310,0.9890259404325996,0.9883947617650208,0.991678,0.9999947838479368,live
83787,lusd-liquity,LUSD,above,164,2026-03-02T15:45:22.000Z,2026-03-02T17:02:21.000Z,4619,1.0150577034995611,1.016439135264804,1.005057,0.9999947838479368,live
83785,meusd-mezo,MUSD,below,-114,2026-03-02T15:30:27.000Z,2026-03-02T16:00:26.000Z,1799,0.9885599421491574,0.9885599421491574,0.9901663797129977,0.9999008831840291,live
83784,uty-xsy,UTY,above,127,2026-03-02T15:15:21.000Z,2026-03-02T16:00:26.000Z,2705,1.01258404386876,1.01258404386876,1.00001,0.9998704868782162,live
83782,usn-noon,USN,above,1200,2026-03-02T15:00:28.000Z,2026-03-02T15:15:21.000Z,893,1.1197218471832637,1.1197218471832637,0.999574,0.9997840676552292,live
83783,meusd-mezo,MUSD,below,-112,2026-03-02T15:00:28.000Z,2026-03-02T15:15:21.000Z,893,0.9885599421491574,0.9885599421491574,0.996339,0.9997840676552292,live
83779,pmusd-precious-metals,pmUSD,below,-136,2026-03-02T14:45:19.000Z,2026-03-02T15:00:28.000Z,909,0.985983,0.985983,0.9916225476699106,0.999590292423986,live
83780,lusd-liquity,LUSD,above,153,2026-03-02T14:45:19.000Z,2026-03-02T15:30:27.000Z,2708,1.0126270646389066,1.0150577034995611,1.005897,0.999590292423986,live
83781,kag-kinesis,KAG,above,370,2026-03-02T14:45:19.000Z,2026-03-02T15:00:28.000Z,909,93.7630488326746,93.7630488326746,89.8249349157457,90.417999,live
83777,reusd-resupply,REUSD,below,-101,2026-03-02T14:15:19.000Z,2026-03-02T14:30:23.000Z,904,0.9895379889234938,0.9895379889234938,0.9899328133281545,0.9996610895730093,live
83778,mim-abracadabra,MIM,below,-113,2026-03-02T14:15:19.000Z,2026-03-02T15:30:27.000Z,4508,0.9883773518430602,0.9883773518430602,0.9905,0.9996610895730093,live
83774,pmusd-precious-metals,pmUSD,below,-215,2026-03-02T13:45:20.000Z,2026-03-02T14:30:23.000Z,2703,0.9819163123861923,0.9781263825391376,0.997628,0.9997264088476305,live
83775,lusd-liquity,LUSD,above,133,2026-03-02T13:45:20.000Z,2026-03-02T14:30:23.000Z,2703,1.0130242776814666,1.0130242776814666,1.005897,0.9997264088476305,live
83776,usdm-moneta,USDM,below,-101,2026-03-02T13:45:20.000Z,2026-03-02T14:00:22.000Z,902,0.9895991906753214,0.9895991906753214,0.9949931225841254,0.9997264088476305,live
83773,a7a5-old-vector,A7A5,below,-212,2026-03-02T13:30:26.000Z,2026-03-02T14:30:23.000Z,3597,0.012667639824466895,0.012667639824466895,0.0127750568893746,0.012931,live
83770,pmusd-precious-metals,pmUSD,below,-178,2026-03-02T13:15:19.000Z,2026-03-02T13:30:26.000Z,907,0.9819163123861923,0.9819163123861923,0.996143,0.9997264088476305,live
83771,mim-abracadabra,MIM,below,-113,2026-03-02T13:15:19.000Z,2026-03-02T14:00:22.000Z,2703,0.9885341172244158,0.9883773518430602,0.992498,0.9997264088476305,live
83772,usdm-moneta,USDM,below,-101,2026-03-02T13:15:19.000Z,2026-03-02T13:30:26.000Z,907,0.9895991906753214,0.9895991906753214,0.995128,0.9997264088476305,live
83768,lusd-liquity,LUSD,above,135,2026-03-02T12:45:18.000Z,2026-03-02T13:30:26.000Z,2708,1.0133858274809142,1.0133858274809142,1.006008,0.9998409185282695,live
83767,meusd-mezo,MUSD,below,-110,2026-03-02T12:30:20.000Z,2026-03-02T13:00:19.000Z,1799,0.9888814737746134,0.9888814737746134,0.9900572726481639,0.9998671059392145,live
86792,pgold-pleasing,PGOLD,above,250,2026-03-02T12:04:29.000Z,2026-03-02T18:03:16.000Z,21527,5355.473806917915,5360.318081856812,5282.241737212795,5229.751356415218,backfill
83766,mim-abracadabra,MIM,below,-112,2026-03-02T12:00:19.000Z,2026-03-02T13:00:19.000Z,3600,0.9893029135230806,0.9885341172244158,0.990738,0.9999,live
83762,pmusd-precious-metals,pmUSD,below,-145,2026-03-02T11:16:06.000Z,2026-03-02T11:31:09.000Z,903,0.9853373792721601,0.9853373792721601,0.997218,0.9998335718524494,live
83763,reusd-resupply,REUSD,below,-101,2026-03-02T11:16:06.000Z,2026-03-02T11:31:09.000Z,903,0.9897440549659672,0.9897440549659672,0.9899350024939592,0.9998335718524494,live
83764,lusd-liquity,LUSD,above,138,2026-03-02T11:16:06.000Z,2026-03-02T12:00:19.000Z,2653,1.013616767665843,1.013616767665843,1.009017,0.9998335718524494,live
84816,usnd-nerite,USND,below,-144,2026-03-02T11:03:18.000Z,2026-03-02T12:04:45.000Z,3687,0.985635759491093,0.985635759491093,0.9960322492627198,1,backfill
83760,pmusd-precious-metals,pmUSD,below,-145,2026-03-02T10:16:07.000Z,2026-03-02T11:01:07.000Z,2700,0.9854964850442444,0.9853373792721601,0.997872,0.9998171960076545,live
83761,reusd-resupply,REUSD,below,-101,2026-03-02T10:16:07.000Z,2026-03-02T11:01:07.000Z,2700,0.9897871213304793,0.9897742979462716,0.990011,0.9998171960076545,live
83758,lusd-liquity,LUSD,above,147,2026-03-02T09:16:06.000Z,2026-03-02T11:01:07.000Z,6301,1.014514425064338,1.0144651693776925,1.009017,0.9999006048498092,live
83755,pmusd-precious-metals,pmUSD,below,-181,2026-03-02T08:16:06.000Z,2026-03-02T09:01:06.000Z,2700,0.9836021129283928,0.9817518146634461,0.9976662296500161,0.9998909013469959,live
83756,lusd-liquity,LUSD,above,153,2026-03-02T08:16:06.000Z,2026-03-02T09:01:06.000Z,2700,1.015060222591114,1.015060222591114,1.009017,0.9998909013469959,live
89953,xnk-kinka,XNK,above,234,2026-03-02T08:01:43.000Z,2026-03-02T15:03:17.000Z,25294,5409.804193711481,5393.93682328554,5334.34076010418,5302.311438631983,backfill
83754,kag-kinesis,KAG,below,-152,2026-03-02T07:31:07.000Z,2026-03-02T08:01:08.000Z,1801,94.24677546121184,94.24677546121184,95.61534196543572,95.697998,live
83752,pmusd-precious-metals,pmUSD,below,-163,2026-03-02T07:16:06.000Z,2026-03-02T08:01:08.000Z,2702,0.9836551360257166,0.9836021129283928,0.99783,0.9998977595784015,live
83753,lusd-liquity,LUSD,above,152,2026-03-02T07:16:06.000Z,2026-03-02T08:01:08.000Z,2702,1.0136956137307553,1.015060222591114,1.007921,0.9998977595784015,live
81923,kag-kinesis,KAG,below,-153,2026-03-02T06:31:06.000Z,2026-03-02T07:01:06.000Z,1800,93.88388226557925,93.88388226557925,94.24677546121184,95.343002,live
81922,lusd-liquity,LUSD,above,143,2026-03-02T06:15:11.000Z,2026-03-02T07:01:06.000Z,2755,1.0141999823038121,1.0141999823038121,1.00786,0.9998940366949871,live
81921,meusd-mezo,MUSD,below,-101,2026-03-02T06:00:14.000Z,2026-03-02T07:01:06.000Z,3652,0.9897888713309267,0.9897888713309267,0.9906122294648113,0.999899812284603,live
81918,lusd-liquity,LUSD,above,147,2026-03-02T04:45:12.000Z,2026-03-02T06:00:14.000Z,4502,1.0136316967466488,1.0145477813040353,1.008674,0.9999010804375922,live
81917,lusd-liquity,LUSD,above,152,2026-03-02T03:45:19.000Z,2026-03-02T04:30:17.000Z,2698,1.0137630807604066,1.0149492762269727,1.004008,0.999892362669967,live
81916,pmusd-precious-metals,pmUSD,below,-152,2026-03-02T03:15:18.000Z,2026-03-02T03:30:21.000Z,903,0.9846169792461263,0.9846169792461263,0.997372,0.9998588978917775,live
81913,lusd-liquity,LUSD,above,140,2026-03-02T02:45:20.000Z,2026-03-02T03:30:21.000Z,2701,1.0139278050392428,1.0139278050392428,1.004008,0.999913449108582,live
81914,nect-beraborrow,NECT,below,-159,2026-03-02T02:45:20.000Z,2026-03-02T06:00:14.000Z,11694,0.985243,0.9840031438983579,0.9986475045024076,0.999913449108582,live
81915,alusd-alchemix,ALUSD,below,-160,2026-03-02T02:45:20.000Z,2026-03-02T16:30:27.000Z,49507,0.9865517939608934,0.9838641399287065,0.9907377985206445,0.999913449108582,live
81912,pmusd-precious-metals,pmUSD,below,-153,2026-03-02T02:15:18.000Z,2026-03-02T03:00:18.000Z,2700,0.9877406809943438,0.9846169792461263,0.997014,0.9999038428639918,live
81911,meusd-mezo,MUSD,below,-102,2026-03-02T02:00:19.000Z,2026-03-02T03:00:18.000Z,3599,0.9897100549367936,0.9897100549367936,0.990668412038336,0.9999038428639918,live
81909,kag-kinesis,KAG,above,270,2026-03-02T01:30:23.000Z,2026-03-02T02:00:19.000Z,1796,95.99054526168774,95.99054526168774,93.07951716400524,93.471001,live
81907,nect-beraborrow,NECT,below,-471,2026-03-02T01:15:19.000Z,2026-03-02T02:30:24.000Z,4505,0.984854,0.9527819271014274,0.998913,0.9999233208525,live
81906,lusd-liquity,LUSD,above,162,2026-03-02T00:45:21.000Z,2026-03-02T02:30:24.000Z,6303,1.0148116447145086,1.0160908612828214,1.004008,0.9998022575261045,live
81905,pmusd-precious-metals,pmUSD,below,-198,2026-03-02T00:15:20.000Z,2026-03-02T01:00:21.000Z,2701,0.9799795807102433,0.9799795807102433,0.9968,0.9997621945230728,live
81904,lusd-liquity,LUSD,above,151,2026-03-01T23:45:20.000Z,2026-03-02T00:30:22.000Z,2702,1.013080879346415,1.0148116447145086,1.008007,0.9997677704409095,live
81902,pmusd-precious-metals,pmUSD,below,-245,2026-03-01T23:15:21.000Z,2026-03-02T00:00:22.000Z,2701,0.9752548381096405,0.9752548381096405,0.9968,0.9997686266471673,live
81901,kau-kinesis,KAU,above,212,2026-03-01T23:00:21.000Z,2026-03-02T00:00:22.000Z,3601,176.0569959041849,176.0569959041849,172.64352913292674,172.40790488272313,live
81899,lusd-liquity,LUSD,above,142,2026-03-01T22:45:22.000Z,2026-03-01T23:30:25.000Z,2703,1.0141270374844054,1.0141270374844054,1.008007,0.999971156955443,live
81897,europ-schuman,EUROP,below,-182,2026-03-01T22:15:20.000Z,2026-03-01T23:00:21.000Z,2701,1.156870577990471,1.156870577990471,1.1788023029868167,1.178335151775093,live
81895,lusd-liquity,LUSD,above,142,2026-03-01T21:45:18.000Z,2026-03-01T22:30:26.000Z,2708,1.01104816563385,1.0141270374844054,1.004008,0.9998063270787491,live
81894,meusd-mezo,MUSD,below,-107,2026-03-01T21:15:19.000Z,2026-03-01T22:00:22.000Z,2703,0.9891335138975028,0.9891335138975028,0.9903626793577478,0.9998344126060669,live
81893,hollar-hydrated,HOLLAR,below,-134,2026-03-01T21:00:24.000Z,2026-03-01T21:30:28.000Z,1804,0.9864842469854025,0.9864842469854025,0.99279,0.9998063270787491,live
81892,lusd-liquity,LUSD,above,123,2026-03-01T20:45:20.000Z,2026-03-01T21:30:28.000Z,2708,1.01198389666623,1.01198389666623,1.006653,0.9997360220361537,live
81891,usdm-moneta,USDM,below,-122,2026-03-01T20:15:20.000Z,2026-03-01T20:30:24.000Z,904,0.9875733504463916,0.9875733504463916,0.997604,0.9997360220361537,live
81889,pmusd-precious-metals,pmUSD,below,-184,2026-03-01T19:45:19.000Z,2026-03-01T20:00:25.000Z,906,0.9814439532888316,0.9814439532888316,0.9979475278953839,0.9998867831847966,live
81890,lusd-liquity,LUSD,above,123,2026-03-01T19:45:19.000Z,2026-03-01T20:30:24.000Z,2705,1.0121558165118416,1.0121558165118416,1.007614,0.9998867831847966,live
81887,pmusd-precious-metals,pmUSD,below,-230,2026-03-01T18:45:19.000Z,2026-03-01T19:30:27.000Z,2708,0.9768100852781383,0.9768100852781383,0.997045,0.9997725151216815,live
81888,lusd-liquity,LUSD,above,124,2026-03-01T18:45:19.000Z,2026-03-01T19:30:27.000Z,2708,1.0114342117308164,1.0121558165118416,1.00801,0.9997725151216815,live
81885,pmusd-precious-metals,pmUSD,below,-229,2026-03-01T18:00:28.000Z,2026-03-01T18:30:23.000Z,1795,0.9768100852781383,0.9768100852781383,0.996846,0.9997406072388256,live
81882,mim-abracadabra,MIM,below,-255,2026-03-01T17:45:21.000Z,2026-03-02T11:46:05.000Z,64844,0.9864844527593168,0.9742761022053965,0.9904385466953463,0.9997873031184195,live
81883,lusd-liquity,LUSD,above,125,2026-03-01T17:45:21.000Z,2026-03-01T18:30:23.000Z,2702,1.0108264012797652,1.0122165642304115,1.00801,0.9997873031184195,live
81881,pmusd-precious-metals,pmUSD,below,-232,2026-03-01T16:45:19.000Z,2026-03-01T17:30:24.000Z,2705,0.9842055562103328,0.9766255620308698,0.999982,0.999910337625068,live
81880,meusd-mezo,MUSD,below,-100,2026-03-01T16:30:24.000Z,2026-03-01T16:45:19.000Z,895,0.9899680686553723,0.9899680686553723,0.9899680686553723,0.9999496452060387,live
81879,pmusd-precious-metals,pmUSD,below,-164,2026-03-01T15:45:21.000Z,2026-03-01T16:30:24.000Z,2703,0.9834314486427234,0.9834314486427234,0.997204,0.9998761069668507,live
79304,pmusd-precious-metals,pmUSD,below,-165,2026-03-01T15:00:21.000Z,2026-03-01T15:30:23.000Z,1802,0.9834314486427234,0.9834314486427234,0.997562,0.9998810926495302,live
79305,mim-abracadabra,MIM,below,-135,2026-03-01T15:00:21.000Z,2026-03-01T17:30:24.000Z,9003,0.9890937138640521,0.9863021185330063,0.993147,0.9998810926495302,live
79306,usdm-moneta,USDM,below,-111,2026-03-01T15:00:21.000Z,2026-03-01T15:30:23.000Z,1802,0.9887550468062509,0.9887550468062509,0.995902,0.9998810926495302,live
79303,nect-beraborrow,NECT,below,-488,2026-03-01T14:45:19.000Z,2026-03-02T00:00:22.000Z,33303,0.988698,0.9512127036191395,0.998306424230812,0.9998877639186696,live
78557,pmusd-precious-metals,pmUSD,below,-122,2026-03-01T14:15:20.000Z,2026-03-01T14:30:23.000Z,903,0.9876286234732469,0.9876286234732469,0.996804,0.9998386715475138,live
78552,gusd-gate,GUSD,above,151,2026-03-01T14:00:23.000Z,2026-03-01T14:15:20.000Z,897,1.0149819120737118,1.0149819120737118,1.003,0.999892624883604,live
78553,nect-beraborrow,NECT,below,-358,2026-03-01T14:00:23.000Z,2026-03-01T14:15:20.000Z,897,0.9640607816473109,0.9640607816473109,0.998739,0.999892624883604,live
78554,fxusd-f-x-protocol,fxUSD,below,-107,2026-03-01T14:00:23.000Z,2026-03-01T14:15:20.000Z,897,0.9892328528916137,0.9892328528916137,1.002,0.999892624883604,live
78555,kau-kinesis,KAU,above,2036,2026-03-01T14:00:23.000Z,2026-03-01T22:00:22.000Z,28799,178.29046810482333,206.6500462750894,174.4392728544346,172.3116699725978,live
78551,mim-abracadabra,MIM,below,-105,2026-03-01T13:45:19.000Z,2026-03-01T14:00:23.000Z,904,0.9893854447088535,0.9893854447088535,0.9908503742769567,0.9998939720621528,live
78547,frax-frax,FRAX,below,-104,2026-03-01T13:15:18.000Z,2026-03-01T15:00:21.000Z,6303,0.9897894827393106,0.989491613101934,0.9904880656851093,0.9998143122475813,live
78548,satusd-river,satUSD,below,-102,2026-03-01T13:15:18.000Z,2026-03-01T14:00:23.000Z,2705,0.9896964642557784,0.9896964642557784,0.9935678589602163,0.9998143122475813,live
78549,lusd-liquity,LUSD,above,186,2026-03-01T13:15:18.000Z,2026-03-01T17:30:24.000Z,15306,1.015031747125766,1.0184199976490036,1.008124,0.9998143122475813,live
78550,btcusd-btcfi,BtcUSD,below,-251,2026-03-01T13:15:18.000Z,2026-03-01T14:45:19.000Z,5401,0.9748233870923212,0.9748233870923212,1.001,0.9998143122475813,live
78545,mim-abracadabra,MIM,below,-105,2026-03-01T12:45:18.000Z,2026-03-01T13:30:20.000Z,2702,0.9894354627692578,0.9893854447088535,0.990235,0.9997932965177301,live
78546,alusd-alchemix,ALUSD,below,-136,2026-03-01T12:45:18.000Z,2026-03-02T02:30:24.000Z,49506,0.9871816010948651,0.9862618216476481,0.990815,0.9997932965177301,live
78543,satusd-river,satUSD,below,-101,2026-03-01T12:15:13.000Z,2026-03-01T13:00:22.000Z,2709,0.9897076962020632,0.9897076962020632,0.996285,0.9997829951460828,live
78544,btcusd-btcfi,BtcUSD,below,-250,2026-03-01T12:15:13.000Z,2026-03-01T13:00:22.000Z,2709,0.9771832462885325,0.9748233870923212,1.001539,0.9997829951460828,live
78541,mim-abracadabra,MIM,below,-104,2026-03-01T11:45:14.000Z,2026-03-01T12:30:22.000Z,2708,0.9893708338573403,0.9893708338573403,0.990235,0.9998045147702386,live
78542,alusd-alchemix,ALUSD,below,-127,2026-03-01T11:45:14.000Z,2026-03-01T12:30:22.000Z,2708,0.987101217573478,0.987101217573478,0.990071,0.9998045147702386,live
78536,frax-frax,FRAX,below,-101,2026-03-01T11:15:15.000Z,2026-03-01T12:00:22.000Z,2707,0.9897411296255793,0.9897411296255793,0.9898935825374334,0.9997750719645908,live
78537,satusd-river,satUSD,below,-101,2026-03-01T11:15:15.000Z,2026-03-01T12:00:22.000Z,2707,0.9897868012051031,0.9897076962020632,0.996285,0.9997750719645908,live
78538,pmusd-precious-metals,pmUSD,below,-205,2026-03-01T11:15:15.000Z,2026-03-01T12:00:22.000Z,2707,0.9793036325332923,0.9793036325332923,0.9977258298438687,0.9997750719645908,live
78539,btcusd-btcfi,BtcUSD,below,-226,2026-03-01T11:15:15.000Z,2026-03-01T12:00:22.000Z,2707,0.9850727424943365,0.9771832462885325,1.001539,0.9997750719645908,live
78535,cgo-comtech,CGO,below,-252,2026-03-01T11:00:16.000Z,2026-03-02T00:00:22.000Z,46806,167.876198043584,168.38193397256603,172.7140735806394,170.9745337841705,live
78534,mim-abracadabra,MIM,below,-119,2026-03-01T10:45:13.000Z,2026-03-01T11:30:16.000Z,2703,0.9878899721209231,0.9878899721209231,0.990235,0.9998264333696797,live
78529,satusd-river,satUSD,below,-102,2026-03-01T10:15:14.000Z,2026-03-01T11:00:16.000Z,2702,0.9897345225796305,0.9897345225796305,0.996285,0.9998565083081956,live
78530,gusd-gate,GUSD,below,-106,2026-03-01T10:15:14.000Z,2026-03-01T11:00:16.000Z,2702,0.989312946852099,0.989312946852099,0.9899474579715325,0.9998565083081956,live
78531,pmusd-precious-metals,pmUSD,below,-213,2026-03-01T10:15:14.000Z,2026-03-01T11:00:16.000Z,2702,0.978561016136587,0.978561016136587,0.997325,0.9998565083081956,live
78532,btcusd-btcfi,BtcUSD,below,-147,2026-03-01T10:15:14.000Z,2026-03-01T11:00:16.000Z,2702,0.9882752210514901,0.9850727424943365,1.001539,0.9998565083081956,live
78533,europ-schuman,EUROP,below,-189,2026-03-01T10:15:14.000Z,2026-03-01T11:00:16.000Z,2702,1.1572039009375772,1.1572039009375772,1.1800341564973302,1.1794735586620748,live
78526,mim-abracadabra,MIM,below,-120,2026-03-01T09:45:14.000Z,2026-03-01T10:30:18.000Z,2704,0.9885687630040917,0.9878899721209231,0.992316,0.9997748394831893,live
78528,paxg-paxos,PAXG,above,200,2026-03-01T09:30:17.000Z,2026-03-01T11:00:16.000Z,5399,5383.851441108845,5413.777676854906,5385.9184791410635,5300.379843275027,live
78522,frax-frax,FRAX,below,-100,2026-03-01T09:15:16.000Z,2026-03-01T09:45:14.000Z,1798,0.9898433001047198,0.9898433001047198,0.9898598710350452,0.9998324520356296,live
78523,satusd-river,satUSD,below,-111,2026-03-01T09:15:16.000Z,2026-03-01T10:00:18.000Z,2702,0.9886875574392925,0.9886875574392925,0.996285,0.9998324520356296,live
78524,lusd-liquity,LUSD,above,152,2026-03-01T09:15:16.000Z,2026-03-01T13:00:22.000Z,13506,1.0132731045160723,1.015031747125766,1.005514,0.9998324520356296,live
78525,btcusd-btcfi,BtcUSD,below,-117,2026-03-01T09:15:16.000Z,2026-03-01T10:00:18.000Z,2702,0.9881541700740898,0.9881541700740898,1.001539,0.9998324520356296,live
78520,mim-abracadabra,MIM,below,-113,2026-03-01T09:00:15.000Z,2026-03-01T09:30:17.000Z,1802,0.9885687630040917,0.9885687630040917,0.990861,0.9998358148663296,live
78521,kag-kinesis,KAG,above,755,2026-03-01T09:00:15.000Z,2026-03-02T00:00:22.000Z,54007,98.77241968954266,101.00116576857094,95.85986437277367,93.914001,live
76783,cgo-comtech,CGO,below,-161,2026-03-01T08:30:14.000Z,2026-03-01T10:00:18.000Z,5404,167.85578500697116,167.85578500697116,168.1520035484804,170.5075251397871,live
76779,pmusd-precious-metals,pmUSD,below,-146,2026-03-01T08:15:13.000Z,2026-03-01T08:45:14.000Z,1801,0.985307509905846,0.985307509905846,0.997585,0.9998999399999999,live
76780,mim-abracadabra,MIM,below,-100,2026-03-01T08:15:13.000Z,2026-03-01T08:30:14.000Z,901,0.9899480464845606,0.9899480464845606,0.9899480464845606,0.9998999399999999,live
76781,lusd-liquity,LUSD,above,144,2026-03-01T08:15:13.000Z,2026-03-01T09:00:15.000Z,2702,1.0142095174500771,1.0142095174500771,1.007145,0.9998999399999999,live
76782,btcusd-btcfi,BtcUSD,below,-118,2026-03-01T08:15:13.000Z,2026-03-01T09:00:15.000Z,2702,0.9881001521770332,0.9881001521770332,1.001539,0.9998999399999999,live
76778,kau-kinesis,KAU,below,-260,2026-03-01T08:00:16.000Z,2026-03-01T09:00:15.000Z,3599,166.17693482604392,166.17693482604392,169.46901568600668,170.15272511923885,live
76774,mim-abracadabra,MIM,below,-119,2026-03-01T07:16:05.000Z,2026-03-01T08:00:16.000Z,2651,0.9879989671682904,0.9879989671682904,0.9899480464845606,0.9999164483605301,live
76775,lusd-liquity,LUSD,above,143,2026-03-01T07:16:05.000Z,2026-03-01T08:00:16.000Z,2651,1.0128230510419192,1.0142095174500771,1.007145,0.9999164483605301,live
76776,alusd-alchemix,ALUSD,below,-131,2026-03-01T07:16:05.000Z,2026-03-01T11:30:16.000Z,15251,0.9875465562671364,0.9868257682092016,0.991207,0.9999164483605301,live
76777,btcusd-btcfi,BtcUSD,below,-120,2026-03-01T07:16:05.000Z,2026-03-01T08:00:16.000Z,2651,0.9879540901732491,0.9879540901732491,1.001539,0.9999164483605301,live
76770,pmusd-precious-metals,pmUSD,below,-129,2026-03-01T06:16:04.000Z,2026-03-01T06:46:04.000Z,1800,0.9869694616708464,0.9869694616708464,0.997189,0.9998139979340357,live
76771,mim-abracadabra,MIM,below,-119,2026-03-01T06:16:04.000Z,2026-03-01T07:01:05.000Z,2701,0.9891549955021249,0.9879989671682904,0.991576,0.9998139979340357,live
76772,lusd-liquity,LUSD,above,147,2026-03-01T06:16:04.000Z,2026-03-01T07:01:05.000Z,2701,1.0145418410646836,1.0145418410646836,1.005969,0.9998139979340357,live
76773,btcusd-btcfi,BtcUSD,below,-119,2026-03-01T06:16:04.000Z,2026-03-01T07:01:05.000Z,2701,0.988873899736113,0.9879540901732491,1.001539,0.9998139979340357,live
76768,cgo-comtech,CGO,below,-167,2026-03-01T06:01:06.000Z,2026-03-01T08:00:16.000Z,7150,167.87667793020097,167.87055139479708,167.85578500697116,170.50073487512086,live
76769,kag-kinesis,KAG,below,-564,2026-03-01T06:01:06.000Z,2026-03-01T09:00:15.000Z,10749,92.4543442789416,88.61860984477111,98.77241968954266,93.914001,live
76765,pmusd-precious-metals,pmUSD,below,-118,2026-03-01T05:16:05.000Z,2026-03-01T05:46:06.000Z,1801,0.9880234454486901,0.9880234454486901,0.997156,0.9998516032923187,live
76766,lusd-liquity,LUSD,above,150,2026-03-01T05:16:05.000Z,2026-03-01T06:01:06.000Z,2701,1.014793589870458,1.014793589870458,1.003227,0.9998516032923187,live
76767,btcusd-btcfi,BtcUSD,below,-110,2026-03-01T05:16:05.000Z,2026-03-01T06:01:06.000Z,2701,0.9888666376991737,0.9888666376991737,1.001539,0.9998516032923187,live
76764,kau-kinesis,KAU,above,1015,2026-03-01T05:01:07.000Z,2026-03-01T08:00:16.000Z,10749,187.70660538072366,187.70660538072366,166.17693482604392,170.40740454176455,live
76759,mim-abracadabra,MIM,below,-113,2026-03-01T04:16:05.000Z,2026-03-01T06:01:06.000Z,6301,0.9885736857607942,0.9885736857607942,0.989955,0.9999106622248466,live
76760,usdm-moneta,USDM,below,-100,2026-03-01T04:16:05.000Z,2026-03-01T04:31:05.000Z,900,0.989888473490848,0.989888473490848,0.997658,0.9999106622248466,live
76761,alusd-alchemix,ALUSD,below,-129,2026-03-01T04:16:05.000Z,2026-03-01T07:01:05.000Z,9900,0.9872267837094366,0.9869990506438706,0.990903,0.9999106622248466,live
76762,btcusd-btcfi,BtcUSD,below,-110,2026-03-01T04:16:05.000Z,2026-03-01T05:01:07.000Z,2702,0.9888660602976371,0.9888660602976371,1.001539,0.9999106622248466,live
76758,meusd-mezo,MUSD,below,-100,2026-03-01T03:46:05.000Z,2026-03-01T04:01:05.000Z,900,0.9898776397504484,0.9898776397504484,0.9906194004056418,0.9999128137993692,live
76757,btcusd-btcfi,BtcUSD,below,-129,2026-03-01T03:16:07.000Z,2026-03-01T04:01:05.000Z,2698,0.9869922585147931,0.9869922585147931,1.001539,0.9999388618426999,live
76755,lusd-liquity,LUSD,above,170,2026-03-01T02:16:06.000Z,2026-03-01T05:01:07.000Z,9901,1.0168998117324224,1.0168998117324224,1.003227,0.9999170959778939,live
76756,btcusd-btcfi,BtcUSD,below,-140,2026-03-01T02:16:06.000Z,2026-03-01T02:46:05.000Z,1799,0.9860074370897584,0.9860074370897584,0.991898,0.9999170959778939,live
84815,usnd-nerite,USND,above,100,2026-03-01T02:04:21.000Z,2026-03-01T03:04:46.000Z,3625,1.0100279008734534,1.0100279008734534,1.0020296070724368,1,backfill
76754,kau-kinesis,KAU,below,-152,2026-03-01T02:01:06.000Z,2026-03-01T02:16:06.000Z,900,167.68390185682048,167.68390185682048,167.68390185682048,170.2723203786554,live
76752,mim-abracadabra,MIM,below,-106,2026-03-01T01:16:06.000Z,2026-03-01T02:01:06.000Z,2700,0.9892876565058286,0.9892876565058286,0.9903280203433973,0.9997696777793814,live
76753,btcusd-btcfi,BtcUSD,below,-139,2026-03-01T01:16:06.000Z,2026-03-01T02:01:06.000Z,2700,0.988247445138541,0.9860074370897584,1.00344,0.9997696777793814,live
76751,kag-kinesis,KAG,above,462,2026-03-01T01:01:06.000Z,2026-03-01T06:01:06.000Z,18000,97.96782395764802,98.25331091574068,92.4543442789416,93.914001,live
76747,mim-abracadabra,MIM,below,-105,2026-03-01T00:16:05.000Z,2026-03-01T01:01:06.000Z,2701,0.9896141823608873,0.9892876565058286,0.991104,0.9999033136716983,live
76748,lusd-liquity,LUSD,above,170,2026-03-01T00:16:05.000Z,2026-03-01T02:01:06.000Z,6301,1.0150591675603307,1.0168998117324224,1.006652,0.9999033136716983,live
76749,usdm-moneta,USDM,above,104,2026-03-01T00:16:05.000Z,2026-03-01T00:31:07.000Z,902,1.0103162015465283,1.0103162015465283,1.005,0.9999033136716983,live
76750,btcusd-btcfi,BtcUSD,below,-134,2026-03-01T00:16:05.000Z,2026-03-01T01:01:06.000Z,2701,0.9865463095308803,0.9865463095308803,1.00344,0.9999033136716983,live
76746,btcusd-btcfi,BtcUSD,below,-133,2026-02-28T23:16:05.000Z,2026-03-01T00:01:07.000Z,2702,0.9880227016183135,0.9865463095308803,1.00344,0.9999345464395167,live
76745,btcusd-btcfi,BtcUSD,below,-127,2026-02-28T22:16:07.000Z,2026-02-28T23:01:06.000Z,2699,0.9872956706426886,0.9872956706426886,1.00344,1.0000186099040493,live
76744,usdm-moneta,USDM,above,110,2026-02-28T21:46:04.000Z,2026-02-28T22:01:05.000Z,901,1.011,1.011,1.0091483936852144,0.9999632162938219,live
76742,usdm-moneta,USDM,above,100,2026-02-28T21:16:05.000Z,2026-02-28T21:31:05.000Z,900,1.01,1.01,1.006,0.9999994676381083,live
76743,btcusd-btcfi,BtcUSD,below,-127,2026-02-28T21:16:05.000Z,2026-02-28T22:01:05.000Z,2700,0.9890035245651383,0.9872956706426886,1.00344,0.9999994676381083,live
76740,meusd-mezo,MUSD,below,-100,2026-02-28T20:15:22.000Z,2026-02-28T21:01:07.000Z,2745,0.989951355574166,0.989951355574166,0.991905509300875,0.9999916213474588,live
76741,btcusd-btcfi,BtcUSD,below,-126,2026-02-28T20:15:22.000Z,2026-02-28T21:01:07.000Z,2745,0.9874188454071982,0.9874188454071982,1.00344,0.9999916213474588,live
76737,gusd-gate,GUSD,above,123,2026-02-28T19:45:24.000Z,2026-02-28T20:02:53.000Z,1049,1.0123266853425454,1.0123266853425454,1.009026896084517,0.9999916213474588,live
76738,usdm-moneta,USDM,above,114,2026-02-28T19:45:24.000Z,2026-02-28T20:02:53.000Z,1049,1.0114279681088445,1.0114279681088445,1.0085997437764775,0.9999916213474588,live
76739,usda-anzens,USDA,above,127,2026-02-28T19:45:24.000Z,2026-02-28T20:45:23.000Z,3599,1.011564713871023,1.0125704578018333,1.006,0.9999916213474588,live
76735,btcusd-btcfi,BtcUSD,below,-147,2026-02-28T19:15:23.000Z,2026-02-28T20:02:53.000Z,2850,0.9852758631064739,0.9852758631064739,1.00344,0.9999516467491746,live
76736,paxg-paxos,PAXG,above,176,2026-02-28T19:15:23.000Z,2026-02-28T20:02:53.000Z,2850,5436.0091414842,5436.132344094961,5399.448164387759,5342.115068098812,live
76733,gusd-gate,GUSD,above,124,2026-02-28T19:00:40.000Z,2026-02-28T19:15:23.000Z,883,1.0123266853425454,1.0123266853425454,1.005,0.9999516467491746,live
76734,usda-anzens,USDA,above,116,2026-02-28T19:00:40.000Z,2026-02-28T19:15:23.000Z,883,1.011564713871023,1.011564713871023,1.003,0.9999516467491746,live
76731,mim-abracadabra,MIM,below,-103,2026-02-28T18:45:21.000Z,2026-02-28T19:00:40.000Z,919,0.9895961711130654,0.9895961711130654,0.9906606957458188,0.999920333984857,live
76730,btcusd-btcfi,BtcUSD,below,-147,2026-02-28T18:15:25.000Z,2026-02-28T19:00:40.000Z,2715,0.9886750766166448,0.9852758631064739,1.00344,0.9999133478309372,live
76728,mim-abracadabra,MIM,below,-103,2026-02-28T18:00:46.000Z,2026-02-28T18:32:20.000Z,1894,0.9895961711130654,0.9895961711130654,0.993827,0.9999198761972118,live
76729,kag-kinesis,KAG,above,605,2026-02-28T18:00:46.000Z,2026-02-28T22:01:05.000Z,14419,95.81082892289515,99.59710053368933,94.54826706982546,93.914001,live
76732,paxg-paxos,PAXG,above,184,2026-02-28T18:00:46.000Z,2026-02-28T19:00:40.000Z,3594,5437.022943909752,5431.00919025491,5416.361783300542,5338.672320118257,live
76727,btcusd-btcfi,BtcUSD,below,-112,2026-02-28T17:15:24.000Z,2026-02-28T18:00:46.000Z,2722,0.9887031869348775,0.9887031869348775,1.00344,0.9999023419260235,live
76725,aeur-anchored-coins,AEUR,below,-162,2026-02-28T17:00:44.000Z,2026-02-28T21:01:07.000Z,14423,1.160062294956683,1.1600691002946746,1.1637109091229303,1.1782440997863255,live
76724,pmusd-precious-metals,pmUSD,below,-101,2026-02-28T16:45:21.000Z,2026-02-28T17:00:44.000Z,923,0.989782933271045,0.989782933271045,0.9919221827407417,0.9999023419260235,live
76726,paxg-paxos,PAXG,above,182,2026-02-28T16:45:21.000Z,2026-02-28T17:15:24.000Z,1803,5439.898024388227,5431.628842127344,5424.9721896926,5342.5190054440645,live
76723,btcusd-btcfi,BtcUSD,below,-112,2026-02-28T16:15:21.000Z,2026-02-28T17:00:44.000Z,2723,0.9886877453024152,0.9886877453024152,1.00344,0.9999088072406982,live
76722,mim-abracadabra,MIM,below,-114,2026-02-28T16:00:27.000Z,2026-02-28T17:00:44.000Z,3617,0.9885591915592152,0.9885591915592152,0.990292448946531,0.9999088072406982,live
76720,pmusd-precious-metals,pmUSD,below,-132,2026-02-28T15:47:44.000Z,2026-02-28T16:30:31.000Z,2567,0.9866912115937796,0.9866912115937796,0.99615,0.9998722532485558,live
76718,btcusd-btcfi,BtcUSD,below,-130,2026-02-28T15:15:28.000Z,2026-02-28T16:00:27.000Z,2699,0.9869117385572224,0.9869117385572224,1.00344,0.9997273031321051,live
76715,cgusd-cygnus-finance,cgUSD,below,-251,2026-02-28T15:00:34.000Z,2026-02-28T22:31:07.000Z,27033,0.9749155368877902,0.9749111666019906,0.997274,0.9997783054557855,live
76716,kau-kinesis,KAU,above,783,2026-02-28T15:00:34.000Z,2026-03-01T02:01:06.000Z,39632,176.47731131578504,185.01173354545753,167.68390185682048,172.12093340529793,live
76717,kag-kinesis,KAG,above,275,2026-02-28T15:00:34.000Z,2026-02-28T16:00:27.000Z,3593,96.4965518057299,96.4965518057299,94.77440696605005,93.914001,live
76712,mim-abracadabra,MIM,below,-105,2026-02-28T14:45:20.000Z,2026-02-28T15:00:34.000Z,914,0.9893681356430516,0.9893681356430516,0.9900858180183434,0.9999104034376253,live
76713,usdm-moneta,USDM,above,132,2026-02-28T14:45:20.000Z,2026-02-28T15:00:34.000Z,914,1.013064136967288,1.013064136967288,1.0006113747803125,0.9999104034376253,live
76710,lusd-liquity,LUSD,above,178,2026-02-28T14:15:19.000Z,2026-03-01T00:01:07.000Z,35148,1.0154709469345566,1.0177906814691673,1.005437,0.9999184290895733,live
76711,btcusd-btcfi,BtcUSD,below,-130,2026-02-28T14:15:19.000Z,2026-02-28T15:00:34.000Z,2715,0.9869108515880419,0.9869108515880419,1.00344,0.9999184290895733,live
76708,gusd-gate,GUSD,above,137,2026-02-28T14:00:25.000Z,2026-02-28T14:15:19.000Z,894,1.013632140729034,1.013632140729034,1.004,0.9999156413935207,live
76709,usda-anzens,USDA,above,121,2026-02-28T14:00:25.000Z,2026-02-28T15:00:34.000Z,3609,1.0119938522984497,1.0119938522984497,1.0023851961218024,0.9999156413935207,live
76707,crvusd-curve,crvUSD,below,-124,2026-02-28T13:15:17.000Z,2026-02-28T13:45:19.000Z,1802,0.9879250185906148,0.9874192030158033,0.9942819797611392,0.9997753616732873,live
76705,mim-abracadabra,MIM,below,-106,2026-02-28T13:00:18.000Z,2026-02-28T14:30:25.000Z,5407,0.9897241627502429,0.9893681356430516,0.99247,0.9997753616732873,live
76706,kag-kinesis,KAG,above,156,2026-02-28T13:00:18.000Z,2026-02-28T14:00:25.000Z,3607,95.37619602567236,95.37619602567236,95.0401635228724,93.914001,live
76701,pmusd-precious-metals,pmUSD,below,-186,2026-02-28T12:45:18.000Z,2026-02-28T14:00:25.000Z,4507,0.9816441950599587,0.9812041274854214,0.99622789463592,0.9997902621456065,live
76702,lusd-liquity,LUSD,above,161,2026-02-28T12:45:18.000Z,2026-02-28T14:00:25.000Z,4507,1.0158989055326961,1.0158989055326961,1.002727,0.9997902621456065,live
76703,btcusd-btcfi,BtcUSD,below,-130,2026-02-28T12:45:18.000Z,2026-02-28T14:00:25.000Z,4507,0.9881779503617566,0.9869108515880419,1.00344,0.9997902621456065,live
76700,paxg-paxos,PAXG,above,221,2026-02-28T12:00:28.000Z,2026-02-28T13:30:22.000Z,5394,5458.329275665381,5486.745576037759,5430.673768543646,5368.196214374985,live
76694,frax-frax,FRAX,below,-123,2026-02-28T11:45:18.000Z,2026-02-28T12:30:18.000Z,2700,0.9876155919611977,0.9876155919611977,0.999117,0.99989501853909,live
76696,pmusd-precious-metals,pmUSD,below,-183,2026-02-28T11:45:18.000Z,2026-02-28T12:30:18.000Z,2700,0.9816407139488276,0.9816407139488276,0.994503,0.99989501853909,live
76697,mim-abracadabra,MIM,below,-107,2026-02-28T11:45:18.000Z,2026-02-28T12:00:28.000Z,910,0.989228456329747,0.989228456329747,0.9904783596011112,0.99989501853909,live
76698,lusd-liquity,LUSD,above,161,2026-02-28T11:45:18.000Z,2026-02-28T12:30:18.000Z,2700,1.016015314797605,1.016015314797605,1.006228,0.99989501853909,live
76699,btcusd-btcfi,BtcUSD,below,-119,2026-02-28T11:45:18.000Z,2026-02-28T12:30:18.000Z,2700,0.9880041054260325,0.9880041054260325,1.003123,0.99989501853909,live
86791,pgold-pleasing,PGOLD,above,164,2026-02-28T11:04:02.000Z,2026-02-28T12:03:51.000Z,3589,5427.949082699647,5427.949082699647,5389.566317068969,5340.332268223427,backfill
76693,usdm-moneta,USDM,below,-117,2026-02-28T10:45:17.000Z,2026-02-28T11:00:25.000Z,908,0.9881010139076086,0.9881010139076086,1.0042010777185373,0.9997716652801105,live
76687,frax-frax,FRAX,below,-125,2026-02-28T10:00:21.000Z,2026-02-28T11:15:16.000Z,4495,0.9873752675267352,0.9873752675267352,0.991594,0.9997293338116797,live
76688,pmusd-precious-metals,pmUSD,below,-221,2026-02-28T10:00:21.000Z,2026-02-28T11:15:16.000Z,4495,0.9792156870954278,0.9777320906201447,0.996719,0.9997293338116797,live
76689,mim-abracadabra,MIM,below,-108,2026-02-28T10:00:21.000Z,2026-02-28T11:15:16.000Z,4495,0.9890663641153916,0.9890663641153916,0.990814,0.9997293338116797,live
76690,lusd-liquity,LUSD,above,161,2026-02-28T10:00:21.000Z,2026-02-28T11:15:16.000Z,4495,1.0157731024140184,1.0157731024140184,1.006228,0.9997293338116797,live
76691,usdm-moneta,USDM,below,-116,2026-02-28T10:00:21.000Z,2026-02-28T10:15:15.000Z,894,0.9881010139076086,0.9881010139076086,0.998818,0.9997293338116797,live
76692,btcusd-btcfi,BtcUSD,below,-126,2026-02-28T10:00:21.000Z,2026-02-28T11:15:16.000Z,4495,0.9872584819776118,0.9872584819776118,1.003123,0.9997293338116797,live
76685,usda-anzens,USDA,below,-100,2026-02-28T09:30:35.000Z,2026-02-28T10:00:21.000Z,1786,0.9896365007525839,0.9896365007525839,0.9919440620026686,0.9996129433205284,live
76675,crvusd-curve,crvUSD,below,-173,2026-02-28T09:00:18.000Z,2026-02-28T11:15:16.000Z,8098,0.9873131112476022,0.9824612308923383,0.994615,0.9997499532830284,live
76676,frax-frax,FRAX,below,-102,2026-02-28T09:00:18.000Z,2026-02-28T09:30:35.000Z,1817,0.9895444618060423,0.9895444618060423,0.991742,0.9997499532830284,live
76678,pmusd-precious-metals,pmUSD,below,-216,2026-02-28T09:00:18.000Z,2026-02-28T09:30:35.000Z,1817,0.9781099495784313,0.9781099495784313,0.995406,0.9997499532830284,live
76679,mim-abracadabra,MIM,below,-117,2026-02-28T09:00:18.000Z,2026-02-28T09:30:35.000Z,1817,0.9880663289775913,0.9880663289775913,0.992266,0.9997499532830284,live
76680,lusd-liquity,LUSD,above,158,2026-02-28T09:00:18.000Z,2026-02-28T09:30:35.000Z,1817,1.0153919792990271,1.0153919792990271,1.006228,0.9997499532830284,live
76681,uty-xsy,UTY,above,128,2026-02-28T09:00:18.000Z,2026-02-28T09:15:15.000Z,897,1.01258404386876,1.01258404386876,1,0.9997499532830284,live
76682,usdm-moneta,USDM,below,-162,2026-02-28T09:00:18.000Z,2026-02-28T09:15:15.000Z,897,0.9835371005802931,0.9835371005802931,1.001,0.9997499532830284,live
76683,usda-anzens,USDA,below,-101,2026-02-28T09:00:18.000Z,2026-02-28T09:15:15.000Z,897,0.9896365007525839,0.9896365007525839,0.995607,0.9997499532830284,live
76684,kag-kinesis,KAG,below,-304,2026-02-28T09:00:18.000Z,2026-02-28T10:00:21.000Z,3603,91.05984654576994,91.05984654576994,92.91159005313617,93.914001,live
76686,paxg-paxos,PAXG,above,339,2026-02-28T09:00:18.000Z,2026-02-28T11:15:16.000Z,8098,5426.634232381882,5520.491547177016,5482.915531656188,5339.293338722836,live
76674,crvusd-curve,crvUSD,below,-167,2026-02-28T08:30:17.000Z,2026-02-28T08:45:16.000Z,899,0.9830583922630699,0.9830583922630699,0.9933245310386677,0.9998,live
76673,cgo-comtech,CGO,below,-387,2026-02-28T08:15:13.000Z,2026-03-01T02:01:06.000Z,63953,168.22304585074446,167.6989127348172,168.18344517732777,171.39401468501697,live
76669,mim-abracadabra,MIM,below,-100,2026-02-28T08:00:16.000Z,2026-02-28T08:30:17.000Z,1801,0.9898010497341736,0.9898010497341736,0.995029,0.999838548497526,live
76670,lusd-liquity,LUSD,above,157,2026-02-28T08:00:16.000Z,2026-02-28T08:30:17.000Z,1801,1.015458758425232,1.015458758425232,1.008461,0.999838548497526,live
76671,uty-xsy,UTY,above,128,2026-02-28T08:00:16.000Z,2026-02-28T08:30:17.000Z,1801,1.01258404386876,1.01258404386876,0.999124,0.999838548497526,live
76672,kau-kinesis,KAU,above,253,2026-02-28T08:00:16.000Z,2026-02-28T09:00:18.000Z,3602,175.09628783904446,175.09628783904446,171.43052032664866,170.77456606780368,live
84814,usnd-nerite,USND,below,-103,2026-02-28T07:04:23.000Z,2026-02-28T08:03:58.000Z,3575,0.9897272087718455,0.9897272087718455,1.0019839457939383,1,backfill
89721,usdglo-glo,USDGLO,below,-133,2026-02-28T07:04:10.000Z,2026-02-28T08:03:46.000Z,3576,0.9866923404837258,0.9866923404837258,0.9992122209492751,1,backfill
76665,fxusd-f-x-protocol,fxUSD,below,-101,2026-02-28T07:00:16.000Z,2026-02-28T07:15:15.000Z,899,0.9896878492908494,0.9896878492908494,1.004,0.9997508445978754,live
76666,kag-kinesis,KAG,below,-355,2026-02-28T07:00:16.000Z,2026-02-28T08:00:16.000Z,3600,90.57843024993339,90.57843024993339,94.5144609144312,93.914001,live
76663,frax-frax,FRAX,below,-107,2026-02-28T06:00:13.000Z,2026-02-28T08:30:17.000Z,9004,0.9896345912581233,0.989175878980727,0.994362,0.9997720294615972,live
76664,meusd-mezo,MUSD,below,-109,2026-02-28T06:00:13.000Z,2026-02-28T07:30:16.000Z,5403,0.9895801276663797,0.9890504860022556,0.989936,0.9997720294615972,live
76662,pmusd-precious-metals,pmUSD,below,-166,2026-02-28T05:45:10.000Z,2026-02-28T06:00:13.000Z,903,0.983178608120563,0.983178608120563,0.9960136427029698,0.9998063231268366,live
76661,pmusd-precious-metals,pmUSD,below,-166,2026-02-28T05:00:14.000Z,2026-02-28T05:15:11.000Z,897,0.983178608120563,0.983178608120563,0.996081,0.9997828959760233,live
76657,mim-abracadabra,MIM,below,-109,2026-02-28T04:00:43.000Z,2026-02-28T07:30:16.000Z,12573,0.9897089453470019,0.9889529875150728,0.993371,0.9997731829401479,live
76658,lusd-liquity,LUSD,above,188,2026-02-28T04:00:43.000Z,2026-02-28T07:30:16.000Z,12573,1.0165012638022974,1.0186176470613835,1.002987,0.9997731829401479,live
76659,uty-xsy,UTY,above,128,2026-02-28T04:00:43.000Z,2026-02-28T07:30:16.000Z,12573,1.01258404386876,1.01258404386876,0.999124,0.9997731829401479,live
76652,pmusd-precious-metals,pmUSD,below,-153,2026-02-28T03:00:43.000Z,2026-02-28T03:30:42.000Z,1799,0.9845381669387958,0.9845381669387958,0.996182,0.9997780027654378,live
76653,lusd-liquity,LUSD,above,184,2026-02-28T03:00:43.000Z,2026-02-28T03:45:43.000Z,2700,1.0181627950295244,1.0181627950295244,1.005816,0.9997780027654378,live
76654,uty-xsy,UTY,above,128,2026-02-28T03:00:43.000Z,2026-02-28T03:45:43.000Z,2700,1.01258404386876,1.01258404386876,0.999124,0.9997780027654378,live
76655,meusd-mezo,MUSD,below,-101,2026-02-28T03:00:43.000Z,2026-02-28T03:45:43.000Z,2700,0.9897089865301075,0.9897089865301075,0.990672,0.9997780027654378,live
76656,usdm-moneta,USDM,above,125,2026-02-28T03:00:43.000Z,2026-02-28T03:45:43.000Z,2700,1.0122630586698593,1.0122630586698593,1.005,0.9997780027654378,live
76650,meusd-mezo,MUSD,below,-100,2026-02-28T02:15:42.000Z,2026-02-28T02:45:43.000Z,1801,0.989889231907712,0.989889231907712,0.989889231907712,0.9998500770251922,live
76646,pmusd-precious-metals,pmUSD,below,-156,2026-02-28T02:00:42.000Z,2026-02-28T02:30:45.000Z,1803,0.9842675216204858,0.9842675216204858,0.99611,0.9998369014041126,live
76647,lusd-liquity,LUSD,above,176,2026-02-28T02:00:42.000Z,2026-02-28T02:30:45.000Z,1803,1.0174286713017369,1.0174286713017369,1.00571,0.9998369014041126,live
76648,uty-xsy,UTY,above,127,2026-02-28T02:00:42.000Z,2026-02-28T02:30:45.000Z,1803,1.01258404386876,1.01258404386876,0.999124,0.9998369014041126,live
76649,kau-kinesis,KAU,above,220,2026-02-28T02:00:42.000Z,2026-02-28T06:45:16.000Z,17074,173.16638091524177,173.1891396016804,173.20283368696767,169.4865201380121,live
76643,pmusd-precious-metals,pmUSD,below,-143,2026-02-28T01:00:40.000Z,2026-02-28T01:30:49.000Z,1809,0.9855616702488115,0.9855616702488115,0.996016,0.9998175027656049,live
76644,uty-xsy,UTY,above,128,2026-02-28T01:00:40.000Z,2026-02-28T01:30:49.000Z,1809,1.01258404386876,1.01258404386876,0.999124,0.9998175027656049,live
76645,kag-kinesis,KAG,below,-297,2026-02-28T01:00:40.000Z,2026-02-28T02:00:42.000Z,3602,91.12597860052,91.12597860052,93.50007359575194,93.914001,live
76641,btcusd-btcfi,BtcUSD,above,165,2026-02-28T00:00:43.000Z,2026-02-28T01:15:47.000Z,4504,1.016308191563055,1.016308191563055,0.991571,0.9998257501891011,live
76640,meusd-mezo,MUSD,below,-109,2026-02-27T23:45:44.000Z,2026-02-28T01:30:49.000Z,6305,0.988938,0.988938,0.990672,0.9998468601930055,live
76637,frax-frax,FRAX,below,-103,2026-02-27T22:00:43.000Z,2026-02-28T01:30:49.000Z,12606,0.9896909600613042,0.9896328134811572,0.990257,0.9997832073381999,live
76638,usdm-moneta,USDM,below,-149,2026-02-27T22:00:43.000Z,2026-02-27T22:45:44.000Z,2701,0.984848515517802,0.984848515517802,1,0.9997832073381999,live
76636,usdm-moneta,USDM,above,121,2026-02-27T21:45:40.000Z,2026-02-27T22:00:43.000Z,903,1.0118376658037376,1.0118376658037376,0.984848515517802,0.9997291513142067,live
76634,frax-frax,FRAX,below,-100,2026-02-27T21:00:45.000Z,2026-02-27T21:15:39.000Z,894,0.9898325331924945,0.9898325331924945,0.9898325331924945,0.9997840325065876,live
76635,usdm-moneta,USDM,above,121,2026-02-27T21:00:45.000Z,2026-02-27T21:15:39.000Z,894,1.0118376658037376,1.0118376658037376,0.99258,0.9997840325065876,live
76633,pmusd-precious-metals,pmUSD,below,-212,2026-02-27T20:00:45.000Z,2026-02-27T22:45:44.000Z,9899,0.9791842799119737,0.978561984271569,1.002,0.999786335412293,live
76632,frax-frax,FRAX,below,-100,2026-02-27T19:45:46.000Z,2026-02-27T20:00:45.000Z,899,0.9897391337771974,0.9897391337771974,0.9898999239797541,0.999695996174572,live
76627,frax-frax,FRAX,below,-100,2026-02-27T19:00:43.000Z,2026-02-27T19:30:45.000Z,1802,0.9897391337771974,0.9897391337771974,0.9897391337771974,0.999756800677797,live
76628,pmusd-precious-metals,pmUSD,below,-210,2026-02-27T19:00:43.000Z,2026-02-27T19:45:46.000Z,2703,0.9787311490632432,0.9787311490632432,0.996619,0.999756800677797,live
76629,usdm-moneta,USDM,below,-177,2026-02-27T19:00:43.000Z,2026-02-27T19:15:44.000Z,901,0.9821024793861659,0.9821024793861659,0.995842,0.999756800677797,live
76630,usda-anzens,USDA,below,-125,2026-02-27T19:00:43.000Z,2026-02-27T19:15:44.000Z,901,0.987268481153597,0.987268481153597,0.995613,0.999756800677797,live
76624,crvusd-curve,crvUSD,below,-125,2026-02-27T18:00:44.000Z,2026-02-27T18:15:45.000Z,901,0.9873135816448756,0.9873135816448756,0.9957977043145004,0.9998155355949659,live
76626,pmusd-precious-metals,pmUSD,below,-200,2026-02-27T18:00:44.000Z,2026-02-27T18:30:44.000Z,1800,0.9799079557743111,0.9799079557743111,0.996726,0.9998155355949659,live
76622,frax-frax,FRAX,below,-171,2026-02-27T17:00:42.000Z,2026-02-27T18:30:44.000Z,5402,0.9827530470781557,0.9827530470781557,0.98987,0.9998220791691974,live
76623,mim-abracadabra,MIM,below,-162,2026-02-27T17:00:42.000Z,2026-02-27T22:00:43.000Z,18001,0.9836634208878622,0.9836634208878622,0.9899581379531535,0.9998220791691974,live
76620,frax-frax,FRAX,below,-171,2026-02-27T16:00:44.000Z,2026-02-27T16:30:50.000Z,1806,0.9828500066689237,0.9828500066689237,0.991693,0.9999074909832657,live
76621,pmusd-precious-metals,pmUSD,below,-209,2026-02-27T16:00:44.000Z,2026-02-27T16:15:40.000Z,896,0.9789937291446692,0.9789937291446692,0.997049,0.9999074909832657,live
76619,kag-kinesis,KAG,below,-155,2026-02-27T15:45:44.000Z,2026-02-27T16:00:44.000Z,900,91.63300957839142,91.63300957839142,93.03941688790958,93.077003,live
76618,pmusd-precious-metals,pmUSD,below,-225,2026-02-27T15:00:44.000Z,2026-02-27T15:30:44.000Z,1800,0.9773498657890527,0.9773498657890527,0.997104,0.9998482009615357,live
76615,frax-frax,FRAX,below,-176,2026-02-27T14:30:45.000Z,2026-02-27T15:30:44.000Z,3599,0.9823689836925766,0.9823689836925766,0.991204,0.9998748953644384,live
76614,nect-beraborrow,NECT,below,-516,2026-02-27T14:00:43.000Z,2026-03-01T09:15:16.000Z,155673,0.9497419192903002,0.948334846606582,0.990464,0.9999481604133857,live
76610,a7a5-old-vector,A7A5,below,-152,2026-02-27T13:31:00.000Z,2026-02-27T14:45:44.000Z,4484,0.01280695313811682,0.01280695313811682,0.012852249609586535,0.013005,live
76611,kag-kinesis,KAG,below,-270,2026-02-27T13:31:00.000Z,2026-02-27T14:00:43.000Z,1783,89.88104496029217,89.88104496029217,92.13362189323885,92.377998,live
76609,frax-frax,FRAX,below,-176,2026-02-27T13:00:49.000Z,2026-02-27T14:15:44.000Z,4495,0.9824686414182155,0.9823689836925766,0.991632,0.9997286536345168,live
76607,usda-anzens,USDA,below,-112,2026-02-27T12:30:52.000Z,2026-02-27T13:00:49.000Z,1797,0.9885009442102657,0.9885009442102657,0.992271505014732,0.999716328211208,live
86790,pgold-pleasing,PGOLD,below,-216,2026-02-27T12:02:56.000Z,2026-02-27T22:03:45.000Z,36049,5170.2269846365525,5170.2269846365525,5244.796755303584,5284.5746418611725,backfill
76605,nect-beraborrow,NECT,below,-171,2026-02-27T12:01:00.000Z,2026-02-27T12:45:45.000Z,2685,0.9826056784548849,0.9826056784548849,0.998353,0.9997115452411989,live
76606,meusd-mezo,MUSD,below,-173,2026-02-27T12:01:00.000Z,2026-02-27T23:30:51.000Z,41391,0.9892225035122807,0.9825258749876253,0.990145,0.9997115452411989,live
76601,lusd-liquity,LUSD,above,177,2026-02-27T11:15:27.000Z,2026-02-28T01:30:49.000Z,51322,1.0166942748386414,1.0175186053095115,1.00571,0.9998877738909164,live
76602,usdm-moneta,USDM,below,-142,2026-02-27T11:15:27.000Z,2026-02-27T12:15:49.000Z,3622,0.9857065880367679,0.9857065880367679,0.996477,0.9998877738909164,live
76603,btcusd-btcfi,BtcUSD,below,-215,2026-02-27T11:15:27.000Z,2026-02-27T12:30:52.000Z,4525,0.9788163840855371,0.9782102254666619,0.997767,0.9998877738909164,live
76604,eure-monerium,EURE,below,-158,2026-02-27T11:15:27.000Z,2026-02-27T11:30:31.000Z,904,1.1598063386668234,1.1598063386668234,1.1610323645494796,1.178390755804121,live
76599,reusd-resupply,REUSD,below,-147,2026-02-27T11:00:35.000Z,2026-03-02T08:31:08.000Z,250233,0.9878003987354779,0.9851527497134993,0.997554,0.999908025575762,live
76600,usda-anzens,USDA,below,-112,2026-02-27T11:00:35.000Z,2026-02-27T12:15:49.000Z,4514,0.9892683838773665,0.9885009442102657,0.995081,0.999908025575762,live
76597,frax-frax,FRAX,below,-173,2026-02-27T10:30:28.000Z,2026-02-27T12:30:52.000Z,7224,0.9833334330018833,0.9824280339203095,0.992331,0.9999747298702425,live
76596,lusd-liquity,LUSD,above,182,2026-02-27T10:00:44.000Z,2026-02-27T10:45:26.000Z,2682,1.018214359155496,1.018214359155496,1.002783,0.9999800054755928,live
76595,tryb-bilira,TRYB,below,-434,2026-02-27T08:45:31.000Z,2026-02-27T09:45:25.000Z,3594,0.021799525525465966,0.021799525525465966,0.02273461037096131,0.022788,live
76594,meusd-mezo,MUSD,below,-101,2026-02-27T07:45:30.000Z,2026-02-27T08:15:30.000Z,1800,0.9897495226814247,0.9897495226814247,0.990148,0.9998265984673704,live
76592,alusd-alchemix,ALUSD,below,-146,2026-02-27T07:15:30.000Z,2026-03-01T04:01:05.000Z,161135,0.9862807404447934,0.9853258279995496,0.990099,0.9999142381855493,live
76591,nect-beraborrow,NECT,below,-505,2026-02-27T06:16:10.000Z,2026-02-27T08:45:31.000Z,8961,0.9495796202389866,0.9493642291418689,0.9991424043168035,0.9999071190927746,live
76589,mim-abracadabra,MIM,below,-178,2026-02-27T05:16:11.000Z,2026-02-27T16:30:50.000Z,40479,0.9877795690692247,0.982161258834147,0.99451,0.9999136627759759,live
76590,meusd-mezo,MUSD,below,-101,2026-02-27T05:16:11.000Z,2026-02-27T06:01:13.000Z,2702,0.9898205507722839,0.9898205507722839,0.990114,0.9999136627759759,live
76587,lusd-liquity,LUSD,above,197,2026-02-27T03:16:09.000Z,2026-02-27T08:00:31.000Z,17062,1.0195973994662453,1.0195973994662453,1.008737,0.9999086775628399,live
76588,nect-beraborrow,NECT,below,-555,2026-02-27T03:16:09.000Z,2026-02-27T04:16:12.000Z,3603,0.944487697701805,0.944487697701805,0.998489645301684,0.9999086775628399,live
76585,kag-kinesis,KAG,below,-203,2026-02-27T02:16:11.000Z,2026-02-27T03:01:14.000Z,2703,88.38981099562355,88.38981099562355,89.49381719052842,90.221001,live
76584,meusd-mezo,MUSD,below,-130,2026-02-27T01:16:14.000Z,2026-02-27T02:16:11.000Z,3597,0.9872780315855549,0.9870336154545025,0.990653,0.9998979755982644,live
76583,deuro-deuro,DEURO,above,154,2026-02-27T00:01:11.000Z,2026-02-27T02:01:12.000Z,7201,1.1972117931469985,1.1972117931469985,1.1810452328447645,1.1791124996257585,live
76582,meusd-mezo,MUSD,below,-125,2026-02-26T23:31:14.000Z,2026-02-27T00:16:09.000Z,2695,0.987361449932461,0.987361449932461,0.9906,0.9999061760878887,live
76580,usda-anzens,USDA,below,-103,2026-02-26T21:46:10.000Z,2026-02-26T22:46:11.000Z,3601,0.989574505679047,0.989574505679047,0.992222275411237,0.9998998638953311,live
76579,meusd-mezo,MUSD,below,-125,2026-02-26T21:01:11.000Z,2026-02-26T21:46:10.000Z,2699,0.9878010791058205,0.9873764522721725,0.990588,0.9998215783913853,live
76578,meusd-mezo,MUSD,below,-128,2026-02-26T20:01:26.000Z,2026-02-26T20:47:20.000Z,2754,0.9871521015493334,0.9871521015493334,0.990813,0.9999010339007498,live
76576,lusd-liquity,LUSD,above,196,2026-02-26T19:16:21.000Z,2026-02-27T02:01:12.000Z,24291,1.0171958485775183,1.0194292110161833,1.009041,0.9998480347224536,live
76573,mim-abracadabra,MIM,below,-162,2026-02-26T17:31:29.000Z,2026-02-27T02:31:13.000Z,32384,0.9840309726518209,0.9836661411011226,0.991971,0.9996846801926025,live
76574,lusd-liquity,LUSD,above,167,2026-02-26T17:31:29.000Z,2026-02-26T18:16:24.000Z,2695,1.0164228920489657,1.0164228920489657,1.008351,0.9996846801926025,live
76575,meusd-mezo,MUSD,below,-101,2026-02-26T17:31:29.000Z,2026-02-26T18:16:24.000Z,2695,0.989637443191453,0.989637443191453,0.990441,0.9996846801926025,live
76572,usda-anzens,USDA,below,-122,2026-02-26T17:16:23.000Z,2026-02-26T18:46:13.000Z,5390,0.9874715246844977,0.9874715246844977,0.9910273757267488,0.9996846801926025,live
76571,hollar-hydrated,HOLLAR,below,-115,2026-02-26T17:01:25.000Z,2026-02-26T18:01:25.000Z,3600,0.9883560354014576,0.9883560354014576,0.9993321880792151,0.9998757183130856,live
76570,lusd-liquity,LUSD,above,176,2026-02-26T16:16:23.000Z,2026-02-26T17:01:25.000Z,2702,1.01674321567893,1.0175217227594024,1.007047,0.9998843293231705,live
76569,mim-abracadabra,MIM,below,-171,2026-02-26T16:01:31.000Z,2026-02-26T17:01:25.000Z,3594,0.9828389143445947,0.9827818724542339,0.993915,0.9998843293231705,live
76567,meusd-mezo,MUSD,below,-117,2026-02-26T15:31:25.000Z,2026-02-26T16:31:25.000Z,3600,0.9882157097687266,0.9882157097687266,0.990396,0.9999154784992805,live
76568,kag-kinesis,KAG,above,193,2026-02-26T15:31:25.000Z,2026-02-26T15:46:22.000Z,897,87.52458872754801,87.52458872754801,87.52458872754801,85.864998,live
76566,meusd-mezo,MUSD,below,-117,2026-02-26T14:31:24.000Z,2026-02-26T15:16:24.000Z,2700,0.9882157097687266,0.9882157097687266,0.990899,0.9999154784992805,live
76565,nect-beraborrow,NECT,below,-466,2026-02-26T14:16:22.000Z,2026-02-27T00:16:09.000Z,35987,0.9558164265362109,0.9533033095409744,0.9981153124564656,0.9999154784992805,live
76564,meusd-mezo,MUSD,below,-104,2026-02-26T13:31:22.000Z,2026-02-26T14:01:29.000Z,1807,0.9895680629208679,0.9895680629208679,0.990611,0.9999206856925108,live
76562,pmusd-precious-metals,pmUSD,below,-236,2026-02-26T13:16:14.000Z,2026-02-26T13:31:22.000Z,908,0.9761590864768048,0.9761590864768048,0.997416097195696,0.9997615691821445,live
76563,lusd-liquity,LUSD,above,185,2026-02-26T13:16:14.000Z,2026-02-26T15:31:25.000Z,8111,1.0180079773951967,1.0183958577610308,1.005027,0.9997615691821445,live
76561,nect-beraborrow,NECT,below,-462,2026-02-26T12:16:14.000Z,2026-02-26T13:31:22.000Z,4508,0.9536396959616643,0.9536396959616643,1.0030941845465204,0.9997615691821445,live
76560,meusd-mezo,MUSD,below,-100,2026-02-26T12:01:19.000Z,2026-02-26T12:16:14.000Z,895,0.9898934981859903,0.9898934981859903,0.9898572530704032,0.999908533096517,live
76558,eurs-stasis,EURS,above,1221,2026-02-26T10:16:12.000Z,2026-03-06T19:32:25.000Z,724573,1.255397682144912,1.320676379742161,,1.179926817891474,live
76559,eurr-stablr,EURR,below,-151,2026-02-26T10:16:12.000Z,2026-02-26T11:16:12.000Z,3600,1.1621202165039464,1.1621202165039464,1.1625277433329977,1.179926817891474,live
76557,usda-anzens,USDA,below,-136,2026-02-26T09:16:12.000Z,2026-02-26T10:16:12.000Z,3600,0.9861638075360423,0.9861638075360423,0.9997773456567086,0.9997938478389885,live
76555,meusd-mezo,MUSD,below,-113,2026-02-26T09:01:16.000Z,2026-02-26T09:46:12.000Z,2696,0.9885204985669074,0.9885204985669074,0.990363,0.9998076878527696,live
76553,lusd-liquity,LUSD,above,177,2026-02-26T08:31:12.000Z,2026-02-26T11:31:21.000Z,10809,1.0145929428786118,1.017594302876162,1.008663,0.9998076878527696,live
76554,kag-kinesis,KAG,above,234,2026-02-26T08:31:12.000Z,2026-02-26T09:01:16.000Z,1804,89.13594380071842,89.13594380071842,87.37744689625183,87.095001,live
76552,meusd-mezo,MUSD,below,-113,2026-02-26T08:16:11.000Z,2026-02-26T08:46:11.000Z,1800,0.9885204985669074,0.9885204985669074,0.9903,0.9998076878527696,live
76551,mim-abracadabra,MIM,below,-156,2026-02-26T07:31:13.000Z,2026-02-26T15:31:25.000Z,28812,0.9864533000821147,0.9842222619925148,0.992326,0.9997869944631483,live
76550,usda-anzens,USDA,below,-110,2026-02-26T06:45:26.000Z,2026-02-26T07:31:13.000Z,2747,0.9888157286711127,0.9888157286711127,0.9921753686312659,0.9998233616396659,live
76549,lusd-liquity,LUSD,above,146,2026-02-26T06:00:41.000Z,2026-02-26T06:45:26.000Z,2685,1.0146259162902074,1.0146259162902074,1.009614,1,live
76548,europ-schuman,EUROP,below,-170,2026-02-26T05:30:31.000Z,2026-02-26T08:16:11.000Z,9940,1.161606988440681,1.161606988440681,1.1806926596023324,1.1817492921433754,live
76546,lusd-liquity,LUSD,above,137,2026-02-26T03:15:24.000Z,2026-02-26T04:00:30.000Z,2706,1.0136444212583764,1.0136444212583764,1.005676,0.9999594855162206,live
76545,kag-kinesis,KAG,above,208,2026-02-26T02:45:27.000Z,2026-02-26T03:00:32.000Z,905,89.94763000026394,89.94763000026394,88.60476941136463,88.116997,live
75662,eurr-stablr,EURR,below,-154,2026-02-26T01:45:23.000Z,2026-02-26T02:15:23.000Z,1800,1.1626018056263894,1.1626018056263894,1.1643915297136709,1.1807308696023147,live
75661,mim-abracadabra,MIM,below,-171,2026-02-26T01:30:29.000Z,2026-02-26T05:00:31.000Z,12602,0.9827738075357377,0.9827738075357377,0.990753,0.9999055952635666,live
75412,kag-kinesis,KAG,below,-191,2026-02-26T01:15:23.000Z,2026-02-26T02:00:39.000Z,2716,88.3106016979958,88.3106016979958,89.94763000026394,90.030998,live
72245,mim-abracadabra,MIM,below,-172,2026-02-26T00:15:23.000Z,2026-02-26T01:00:27.000Z,2704,0.988374300518486,0.9827738075357377,0.99012,0.9997674424757863,live
72244,mim-abracadabra,MIM,below,-127,2026-02-25T23:00:24.000Z,2026-02-26T00:00:29.000Z,3605,0.9872733989115644,0.9872733989115644,0.990493,0.9999537589603553,live
72243,eurr-stablr,EURR,below,-226,2026-02-25T22:30:22.000Z,2026-02-26T00:30:25.000Z,7203,1.1536729094673874,1.1536729094673874,1.1647427952284988,1.1803611738863615,live
72238,satusd-river,satUSD,below,-542,2026-02-25T21:31:01.000Z,2026-02-25T22:15:20.000Z,2659,0.9456841138523729,0.9456841138523729,0.997042,0.9999028781554534,live
72239,pmusd-precious-metals,pmUSD,above,176,2026-02-25T21:31:01.000Z,2026-02-25T22:15:20.000Z,2659,1.0174892390934576,1.0174892390934576,0.997663,0.9999028781554534,live
72240,lusd-liquity,LUSD,above,110,2026-02-25T21:31:01.000Z,2026-02-25T22:15:20.000Z,2659,1.01085691010167,1.01085691010167,1.006026,0.9999028781554534,live
72241,alusd-alchemix,ALUSD,below,-144,2026-02-25T21:31:01.000Z,2026-02-27T07:00:31.000Z,120570,0.9884514041322348,0.9852954126885336,0.990471,0.9999028781554534,live
61447,lusd-liquity,LUSD,above,112,2026-02-25T20:15:54.000Z,2026-02-25T20:45:55.000Z,1801,1.011092655625827,1.011092655625827,1.004237,0.999922716687264,live
25109,alusd-alchemix,ALUSD,below,-120,2026-02-25T18:30:57.000Z,2026-02-25T19:31:02.000Z,3605,0.9879357216882504,0.9879357216882504,0.990411,0.9999021820744027,live
24873,kag-kinesis,KAG,above,245,2026-02-25T17:54:41.000Z,2026-02-25T18:00:57.000Z,376,90.49223234537477,90.49223234537477,90.84741021575724,88.32422574752624,backfill
24612,lusd-liquity,LUSD,above,118,2026-02-25T16:15:56.000Z,2026-02-25T17:30:56.000Z,4500,1.0110794520405553,1.0117249384614575,1.00421,0.9999536446742034,live
29471,frax-frax,FRAX,below,-103,2026-02-25T16:03:14.000Z,2026-02-25T17:04:20.000Z,3666,0.9897254048737589,0.9897254048737589,0.9902593353828982,1,backfill
85055,ebusd-ebisu,ebUSD,below,-102,2026-02-25T16:00:19.000Z,2026-02-25T17:03:31.000Z,3792,0.9897717159143564,0.9897717159143564,0.9944202671758869,1,backfill
24610,usda-anzens,USDA,above,270,2026-02-25T15:45:48.000Z,2026-02-25T22:30:22.000Z,24274,1.0161108968809314,1.0269297403269428,1.0084232257020036,0.9999536446742034,live
59292,usda-anzens,USDA,above,151,2026-02-25T14:02:20.000Z,2026-02-25T16:02:36.000Z,7216,1.0104012726305447,1.015147918959942,1.0087921984019577,1,backfill
58712,usdm-moneta,USDM,above,335,2026-02-25T14:01:34.000Z,2026-02-25T20:15:54.000Z,22460,1.0101393107419545,1.0335176764208227,0.999922716687264,1,backfill
46150,lusd-liquity,LUSD,above,116,2026-02-25T13:03:29.000Z,2026-02-25T20:00:59.000Z,25050,1.0100580871143165,1.0116034126924685,1.002902,1,backfill
24513,meusd-mezo,MUSD,below,-102,2026-02-25T12:15:56.000Z,2026-02-25T15:31:02.000Z,11706,0.9894015715043942,0.9894015715043942,0.9912220742788224,0.9996320782328726,live
24510,satusd-river,satUSD,below,-869,2026-02-25T12:00:58.000Z,2026-02-25T16:30:55.000Z,16197,0.9867561642413631,0.9131115126525577,0.993932,0.9996416491299991,live
47222,mim-abracadabra,MIM,below,-100,2026-02-25T11:02:37.000Z,2026-02-25T12:03:28.000Z,3651,0.9899874590894583,0.9899874590894583,0.9904755240758398,1,backfill
31917,satusd-river,satUSD,below,-1187,2026-02-25T11:01:21.000Z,2026-02-25T19:45:59.000Z,31478,0.9867525801673089,0.8813122922337174,0.999948,1,backfill
35773,pmusd-precious-metals,pmUSD,below,-142,2026-02-25T08:01:54.000Z,2026-02-25T09:02:21.000Z,3627,0.9858331434548269,0.9858331434548269,0.9904845089910504,1,backfill
24508,mim-abracadabra,MIM,below,-150,2026-02-25T06:30:42.000Z,2026-02-25T09:31:42.000Z,10860,0.984828387471883,0.984828387471883,0.9921066802740268,0.9998726842073844,live
47221,mim-abracadabra,MIM,below,-152,2026-02-25T06:02:59.000Z,2026-02-25T09:02:30.000Z,10771,0.984828387471883,0.984828387471883,0.9920618087231119,1,backfill
24506,kag-kinesis,KAG,below,-170,2026-02-25T05:45:41.000Z,2026-02-25T06:00:46.000Z,905,89.4692283969634,89.4692283969634,90.66609045004688,91.017998,live
29470,frax-frax,FRAX,below,-108,2026-02-25T05:02:11.000Z,2026-02-25T12:03:49.000Z,25298,0.9896236338132551,0.9891666343269232,0.990736420697152,1,backfill
35772,pmusd-precious-metals,pmUSD,below,-109,2026-02-25T05:01:46.000Z,2026-02-25T06:02:49.000Z,3663,0.9891001252525746,0.9891001252525746,0.9959718844193285,1,backfill
24504,mim-abracadabra,MIM,below,-144,2026-02-25T03:45:42.000Z,2026-02-25T05:15:41.000Z,5399,0.9890116282214754,0.9854739253027514,0.9901286729375026,0.9998708846774821,live
47220,mim-abracadabra,MIM,below,-145,2026-02-25T03:03:31.000Z,2026-02-25T05:01:54.000Z,7103,0.9890116282214754,0.9854734314766342,0.9901720178305882,1,backfill
35627,avusd-avant,avUSD,below,-158,2026-02-25T03:03:04.000Z,2026-02-25T08:00:57.000Z,17873,0.9850596707241777,0.9842067509066594,0.9956205283866304,1,backfill
24502,eurr-stablr,EURR,below,-248,2026-02-25T02:15:41.000Z,2026-02-25T19:31:02.000Z,62121,1.1513619005491995,1.1504207489921263,1.17130031560299,1.1779612787411793,live
24503,europ-schuman,EUROP,below,-159,2026-02-25T02:15:41.000Z,2026-02-25T07:31:41.000Z,18960,1.1600257035813042,1.1605440921624606,1.1789550547174785,1.1779612787411793,live
24500,mim-abracadabra,MIM,below,-106,2026-02-25T02:00:46.000Z,2026-02-25T02:15:41.000Z,895,0.9893737933637368,0.9893737933637368,0.9909532636057615,0.9999523236216037,live
24499,tryb-bilira,TRYB,below,-457,2026-02-25T00:30:42.000Z,2026-02-25T12:00:58.000Z,41416,0.021800889634127803,0.021762652127600965,0.022803826645497977,0.022804,live
58711,usdm-moneta,USDM,below,-120,2026-02-25T00:03:54.000Z,2026-02-25T01:03:20.000Z,3566,0.9879727670991881,0.9879727670991881,0.9907040885288874,1,backfill
40602,gusd-gemini,GUSD,above,294,2026-02-25T00:00:20.000Z,2026-02-25T07:00:15.000Z,25195,1.0141212145091765,1.0294443544555176,1.000102533533563,1,backfill
35626,avusd-avant,avUSD,below,-151,2026-02-25T00:00:18.000Z,2026-02-25T02:03:41.000Z,7403,0.9848537209989962,0.9848537209989962,0.9905431807930888,1,backfill
51097,meusd-mezo,meUSD,below,-120,2026-02-25T00:00:18.000Z,2026-02-25T13:03:10.000Z,46972,0.9891597003779719,0.9880043317820167,0.9949260743990538,1,backfill
24872,kag-kinesis,KAG,below,-173,2026-02-25T00:00:00.000Z,2026-02-25T17:54:41.000Z,64481,87.41241960807272,87.41241960807272,90.49223234537477,88.95232597672376,backfill
24498,eurr-stablr,EURR,below,-218,2026-02-24T23:26:29.000Z,2026-02-25T01:15:42.000Z,6553,1.1514675005851474,1.1514675005851474,1.1673472795562463,1.1771857947328062,live
24497,meusd-mezo,MUSD,below,-114,2026-02-24T22:16:29.000Z,2026-02-25T12:00:58.000Z,49469,0.9894620839621114,0.9884211069788924,0.989987,0.999903302618875,live
58710,usdm-moneta,USDM,below,-102,2026-02-24T22:03:10.000Z,2026-02-24T23:03:00.000Z,3590,0.9897767693715704,0.9897767693715704,0.990862083490037,1,backfill
58709,usdm-moneta,USDM,above,126,2026-02-24T19:02:34.000Z,2026-02-24T21:03:39.000Z,7265,1.0125646327653621,1.0125646327653621,0.9953062479401885,1,backfill
35771,pmusd-precious-metals,pmUSD,above,122,2026-02-24T19:02:29.000Z,2026-02-25T00:03:46.000Z,18077,1.0117295709944543,1.0122146781591685,0.9960568775967148,1,backfill
51096,meusd-mezo,meUSD,below,-107,2026-02-24T19:01:51.000Z,2026-02-24T23:00:14.000Z,14303,0.9892984067372631,0.9892984067372631,0.9906617468641851,1,backfill
24495,meusd-mezo,MUSD,below,-109,2026-02-24T15:31:33.000Z,2026-02-24T16:46:36.000Z,4503,0.9889557568972598,0.9889557568972598,0.9905916677421495,0.9998452912220013,live
24493,mim-abracadabra,MIM,below,-132,2026-02-24T15:01:33.000Z,2026-02-25T01:30:43.000Z,37750,0.9864844552486658,0.9864844552486658,0.990686,0.9997305838443232,live
84813,usnd-nerite,USND,above,522,2026-02-24T14:04:13.000Z,2026-02-24T15:03:35.000Z,3562,1.052216703921372,1.052216703921372,0.9986004838707382,1,backfill
24492,dgld-gold-token-sa,DGLD,above,10627,2026-02-24T14:01:31.000Z,2026-02-25T12:00:58.000Z,79167,10564.305760063955,10591.46308771545,,5133.248096815323,live
58708,usdm-moneta,USDM,below,-113,2026-02-24T13:02:38.000Z,2026-02-24T14:03:11.000Z,3633,0.9886991633102147,0.9886991633102147,0.9976552303506581,1,backfill
24491,deuro-deuro,DEURO,below,-400,2026-02-24T12:16:36.000Z,2026-02-25T01:00:46.000Z,45850,1.1306761229793265,1.1306761229793265,1.1919947013146452,1.177726874285284,live
24490,europ-schuman,EUROP,below,-162,2026-02-24T09:16:26.000Z,2026-02-24T16:46:36.000Z,27010,1.1590524434248866,1.1580938060823491,1.1609935729704937,1.1779901425843724,live
24488,meusd-mezo,MUSD,below,-189,2026-02-24T07:31:28.000Z,2026-02-24T14:01:31.000Z,23403,0.9806689635060094,0.9806689635060094,0.99126,0.9995805844736373,live
24487,kag-kinesis,KAG,below,-175,2026-02-24T06:15:35.000Z,2026-02-24T06:30:39.000Z,904,87.40104408526267,87.40104408526267,87.40104408526267,88.958,live
51095,meusd-mezo,meUSD,below,-193,2026-02-24T06:03:19.000Z,2026-02-24T16:02:49.000Z,35970,0.9899680238479898,0.9806736031292632,0.9909278214092216,1,backfill
45081,hyusd-hylo,HYUSD,below,-171,2026-02-24T04:02:49.000Z,2026-02-24T05:02:50.000Z,3601,0.982932389863481,0.982932389863481,1.0026616345080401,1,backfill
24486,hyusd-hylo,HYUSD,below,-165,2026-02-24T04:00:51.000Z,2026-02-24T05:00:53.000Z,3602,0.9832539608309908,0.9832539608309908,1.002746924220872,0.9997234233810457,live
24484,satusd-river,satUSD,below,-216,2026-02-24T02:15:37.000Z,2026-02-24T03:15:41.000Z,3604,0.9779322772364853,0.9779322772364853,0.9944320454777326,0.9994976032582598,live
31916,satusd-river,satUSD,below,-221,2026-02-24T02:00:12.000Z,2026-02-24T03:00:17.000Z,3605,0.9779322772364853,0.9779322772364853,0.9944302964522087,1,backfill
24482,eurr-stablr,EURR,below,-237,2026-02-24T01:30:42.000Z,2026-02-24T22:16:29.000Z,74747,1.1507808100435093,1.1507808100435093,1.1669558826497783,1.1786913176399056,live
24483,kag-kinesis,KAG,above,258,2026-02-24T01:30:42.000Z,2026-02-24T02:00:43.000Z,1801,88.29296193321558,88.29296193321558,86.94051861099969,86.07,live
58707,usdm-moneta,USDM,below,-121,2026-02-24T01:04:06.000Z,2026-02-24T02:03:16.000Z,3550,0.9879487853152285,0.9879487853152285,0.9968121993812565,1,backfill
51094,meusd-mezo,meUSD,below,-103,2026-02-24T01:02:19.000Z,2026-02-24T04:00:04.000Z,10665,0.9899580222493493,0.9897495703282181,0.9903971126604215,1,backfill
89530,deuro-deuro,DEURO,below,-289,2026-02-24T00:00:00.000Z,2026-02-26T00:00:00.000Z,172800,0.9711040807141593,0.9711040807141593,1.0135034550665614,1,backfill
25108,dgld-gold-token-sa,DGLD,above,10604,2026-02-23T23:02:54.000Z,2026-02-25T18:30:57.000Z,156483,10592.387945727065,10591.46308771545,,5140.481893587548,backfill
24479,dgld-gold-token-sa,DGLD,above,10475,2026-02-23T22:45:57.000Z,2026-02-24T12:16:36.000Z,48639,10592.376618940447,10591.335965634964,,5227.245182358424,live
24477,usda-anzens,USDA,below,-103,2026-02-23T20:45:58.000Z,2026-02-23T21:31:07.000Z,2709,0.9894335172383675,0.9894335172383675,0.9975997504606534,0.9997039316858959,live
24478,eurr-stablr,EURR,below,-233,2026-02-23T20:45:58.000Z,2026-02-23T21:31:07.000Z,2709,1.1513973189679225,1.1513973189679225,1.1677865663539881,1.178874793705622,live
24476,kag-kinesis,KAG,below,-208,2026-02-23T20:31:06.000Z,2026-02-23T21:02:03.000Z,1857,87.01080948533152,87.01080948533152,88.15396038030035,88.472,live
59291,usda-anzens,USDA,below,-106,2026-02-23T20:00:22.000Z,2026-02-23T21:00:21.000Z,3599,0.9894335172383675,0.9894335172383675,0.9963146744343043,1,backfill
51093,meusd-mezo,meUSD,below,-110,2026-02-23T19:03:04.000Z,2026-02-23T20:02:20.000Z,3556,0.9890335326911674,0.9890335326911674,0.990563311543814,1,backfill
58706,usdm-moneta,USDM,below,-147,2026-02-23T19:03:00.000Z,2026-02-23T21:03:07.000Z,7207,0.9892915118642932,0.9853300048416561,1.0022298918960113,1,backfill
24474,eurr-stablr,EURR,below,-235,2026-02-23T17:31:55.000Z,2026-02-23T19:16:03.000Z,6248,1.1515741540506843,1.1515741540506843,1.168008584071993,1.1792857395654945,live
24473,dgld-gold-token-sa,DGLD,below,-2108,2026-02-23T17:15:57.000Z,2026-02-23T22:45:57.000Z,19800,4157.288805808206,4117.285246477993,10592.376618940447,5178.893828970704,live
24472,deuro-deuro,DEURO,below,-318,2026-02-23T17:01:52.000Z,2026-02-24T01:01:01.000Z,28749,1.1525157485673982,1.1414393206003357,1.178560169492303,1.1787731366844125,live
24471,usda-anzens,USDA,below,-127,2026-02-23T16:46:00.000Z,2026-02-23T17:31:55.000Z,2755,0.9869541776239639,0.9869541776239639,0.9917451267860152,0.9996771040421697,live
58705,usdm-moneta,USDM,below,-171,2026-02-23T16:02:58.000Z,2026-02-23T17:03:30.000Z,3632,0.9829206837135595,0.9829206837135595,0.9979814966691974,1,backfill
59290,usda-anzens,USDA,below,-130,2026-02-23T16:00:20.000Z,2026-02-23T17:00:21.000Z,3601,0.9869514782179181,0.9869514782179181,0.9916279260908908,1,backfill
84812,usnd-nerite,USND,above,598,2026-02-23T14:02:56.000Z,2026-02-23T17:05:09.000Z,10933,1.0597609627079785,1.0597609627079785,0.9997192187386241,1,backfill
24470,eurr-stablr,EURR,below,-242,2026-02-23T14:01:03.000Z,2026-02-23T16:46:00.000Z,9897,1.1505147609737953,1.1507207049956272,1.1714921771451747,1.178285,live
58704,usdm-moneta,USDM,above,143,2026-02-23T12:02:19.000Z,2026-02-23T13:01:58.000Z,3579,1.0142630924421265,1.0142630924421265,1.0068204618546277,1,backfill
59289,usda-anzens,USDA,above,140,2026-02-23T12:00:22.000Z,2026-02-23T13:00:21.000Z,3599,1.0139956996602388,1.0139956996602388,1.0095590087450284,1,backfill
24469,tryb-bilira,TRYB,below,-508,2026-02-23T11:45:49.000Z,2026-02-23T14:01:03.000Z,8114,0.021648074415529347,0.021648074415529347,0.022597041169729257,0.022807,live
35770,pmusd-precious-metals,pmUSD,above,167,2026-02-23T10:03:08.000Z,2026-02-23T14:02:16.000Z,14348,1.0153210897436218,1.0167087195865274,0.9968955400144969,1,backfill
59288,usda-anzens,USDA,above,115,2026-02-23T10:00:20.000Z,2026-02-23T11:00:12.000Z,3592,1.011493458320277,1.011493458320277,1.004442220046668,1,backfill
51092,meusd-mezo,meUSD,below,-100,2026-02-23T09:00:21.000Z,2026-02-23T10:00:21.000Z,3600,0.9899969999570292,0.9899969999570292,0.9902941440805058,1,backfill
51113,uty-xsy,UTY,above,127,2026-02-23T08:02:22.000Z,2026-02-23T10:03:15.000Z,7253,1.012692415878343,1.012692415878343,0.9998393539267505,1,backfill
25107,dgld-gold-token-sa,DGLD,below,-4963,2026-02-23T08:02:11.000Z,2026-02-23T23:02:54.000Z,54043,5045.83953995546,2614.7586686913924,10592.387945727065,5190.952300315114,backfill
25106,dgld-gold-token-sa,DGLD,above,269,2026-02-23T07:03:18.000Z,2026-02-23T08:02:11.000Z,3533,5334.188008713788,5334.188008713788,5045.83953995546,5194.251746070689,backfill
51091,meusd-mezo,meUSD,below,-104,2026-02-23T07:00:20.000Z,2026-02-23T08:00:18.000Z,3598,0.9896230511688318,0.9896230511688318,0.99027521054222,1,backfill
29469,frax-frax,FRAX,below,-105,2026-02-23T06:02:55.000Z,2026-02-23T15:02:51.000Z,32396,0.989511336865118,0.989511336865118,0.9918074625864186,1,backfill
63306,btcusd-btcfi,BtcUSD,below,-108,2026-02-23T06:02:18.000Z,2026-02-23T07:03:04.000Z,3646,0.9892289187140644,0.9892289187140644,0.9950222110142645,1,backfill
49477,nect-beraborrow,NECT,below,-503,2026-02-23T04:02:45.000Z,2026-02-26T11:16:12.000Z,285207,0.9509632348802933,0.949734052479137,1.0001697106236667,1,backfill
51090,meusd-mezo,meUSD,below,-102,2026-02-23T01:00:36.000Z,2026-02-23T02:00:32.000Z,3596,0.9897510287903888,0.9897510287903888,0.9928672807315514,1,backfill
59287,usda-anzens,USDA,below,-121,2026-02-23T01:00:18.000Z,2026-02-23T02:00:19.000Z,3601,0.9878512902403846,0.9878512902403846,0.9929310927418807,1,backfill
24466,btcusd-btcfi,BtcUSD,below,-133,2026-02-22T23:31:53.000Z,2026-02-23T11:45:49.000Z,44036,0.9863361134662332,0.9863361134662332,0.9955472408947262,0.9996546383607847,live
63305,btcusd-btcfi,BtcUSD,below,-190,2026-02-22T23:02:37.000Z,2026-02-23T03:02:48.000Z,14411,0.9863397081343032,0.9809704932047149,0.9901251681597857,1,backfill
24465,deuro-deuro,DEURO,above,163,2026-02-22T23:01:55.000Z,2026-02-23T01:16:51.000Z,8096,1.197447190552535,1.197447190552535,1.190133621050744,1.1782629002841403,live
24464,kag-kinesis,KAG,above,353,2026-02-22T22:31:54.000Z,2026-02-23T17:45:57.000Z,69243,87.16257993966929,87.59322889830023,87.59322889830023,84.6095,live
24463,nect-beraborrow,NECT,below,-645,2026-02-22T21:16:53.000Z,2026-02-22T22:31:54.000Z,4501,0.935007263298318,0.935007263298318,0.9995507498677046,0.999496065619943,live
49476,nect-beraborrow,NECT,below,-650,2026-02-22T21:03:17.000Z,2026-02-22T22:04:12.000Z,3655,0.9350096041886337,0.9350096041886337,0.9995507498677046,1,backfill
68692,cgo-comtech,CGO,below,-271,2026-02-22T20:04:17.000Z,2026-02-23T00:04:17.000Z,14400,163.36776692389608,162.8747888104332,165.62421363129863,5207.089237185116,backfill
59286,usda-anzens,USDA,below,-113,2026-02-22T19:00:19.000Z,2026-02-22T21:00:20.000Z,7201,0.9886709025769799,0.9886709025769799,0.990339933314219,1,backfill
68691,cgo-comtech,CGO,below,-310,2026-02-22T18:03:07.000Z,2026-02-22T19:03:14.000Z,3607,162.0519283583597,162.0519283583597,163.80251908745726,5201.495744449576,backfill
58703,usdm-moneta,USDM,below,-150,2026-02-22T18:02:20.000Z,2026-02-22T22:03:31.000Z,14471,0.9878365802530817,0.9850048256836736,0.9982139711750776,1,backfill
35769,pmusd-precious-metals,pmUSD,below,-281,2026-02-22T17:02:57.000Z,2026-02-23T02:03:51.000Z,32454,0.977232479101452,0.9719359732789663,0.997767936998609,1,backfill
63304,btcusd-btcfi,BtcUSD,below,-130,2026-02-22T17:02:45.000Z,2026-02-22T19:02:21.000Z,7176,0.9872533964432114,0.9869843607677679,0.9919687398374946,1,backfill
68690,cgo-comtech,CGO,below,-269,2026-02-22T16:03:38.000Z,2026-02-22T17:03:32.000Z,3594,162.5649903843059,162.5649903843059,163.79628783036307,5195.979960485189,backfill
89720,usdglo-glo,USDGLO,below,-100,2026-02-22T15:03:59.000Z,2026-02-22T16:03:35.000Z,3576,0.9899594292700907,0.9899594292700907,1.0013145591841746,1,backfill
24461,btcusd-btcfi,BtcUSD,below,-192,2026-02-22T13:31:01.000Z,2026-02-22T21:16:53.000Z,27952,0.9804337820725486,0.9804337820725486,0.9919985746624653,0.9996182779449336,live
24460,usda-anzens,USDA,below,-109,2026-02-22T13:16:50.000Z,2026-02-22T21:16:53.000Z,28803,0.9887374349136904,0.9887374349136904,0.990009316099234,0.999608006974209,live
68689,cgo-comtech,CGO,below,-280,2026-02-22T13:03:14.000Z,2026-02-22T15:04:03.000Z,7249,162.98349015694623,162.1248968511286,163.54501795607925,5187.652042277557,backfill
35768,pmusd-precious-metals,pmUSD,below,-169,2026-02-22T13:02:42.000Z,2026-02-22T14:03:06.000Z,3624,0.9831448328378282,0.9831448328378282,0.9985256628403537,1,backfill
63303,btcusd-btcfi,BtcUSD,below,-210,2026-02-22T13:02:31.000Z,2026-02-22T15:03:10.000Z,7239,0.9804337820725486,0.9789827072705636,1.0028086534356198,1,backfill
58702,usdm-moneta,USDM,below,-179,2026-02-22T13:02:29.000Z,2026-02-22T15:03:07.000Z,7238,0.9820528373761518,0.9820528373761518,0.9943059180300831,1,backfill
59285,usda-anzens,USDA,below,-117,2026-02-22T13:00:16.000Z,2026-02-22T15:00:18.000Z,7202,0.9887374349136904,0.9882757496969781,0.9937229620852145,1,backfill
25105,dgld-gold-token-sa,DGLD,below,-301,2026-02-22T12:03:15.000Z,2026-02-23T07:03:18.000Z,68403,5041.046430680158,5028.629430637473,5334.188008713788,5184.882994085643,backfill
58701,usdm-moneta,USDM,below,-127,2026-02-22T11:02:25.000Z,2026-02-22T12:02:55.000Z,3630,0.9872956194721259,0.9872956194721259,0.9987126210538685,1,backfill
59284,usda-anzens,USDA,below,-107,2026-02-22T11:00:18.000Z,2026-02-22T12:00:17.000Z,3599,0.989271707177848,0.989271707177848,0.9975236393641508,1,backfill
24459,europ-schuman,EUROP,below,-192,2026-02-22T10:31:45.000Z,2026-02-23T01:16:51.000Z,53106,1.1565932680339701,1.156183402248792,1.179615299772391,1.1780952179472592,live
24457,usda-anzens,USDA,below,-108,2026-02-22T08:30:43.000Z,2026-02-22T10:31:45.000Z,7262,0.988821255311201,0.988821255311201,0.9973248684449578,0.9996371169535875,live
58700,usdm-moneta,USDM,below,-140,2026-02-22T08:02:57.000Z,2026-02-22T09:02:30.000Z,3573,0.9860032745312427,0.9860032745312427,0.9954431218008111,1,backfill
59283,usda-anzens,USDA,below,-112,2026-02-22T08:00:19.000Z,2026-02-22T10:00:17.000Z,7198,0.9887542168024108,0.9887542168024108,0.9963058071044828,1,backfill
35767,pmusd-precious-metals,pmUSD,below,-137,2026-02-22T07:02:31.000Z,2026-02-22T12:03:13.000Z,18042,0.9886384565703723,0.9862965583385107,0.9985591612397409,1,backfill
24455,nect-beraborrow,NECT,below,-663,2026-02-22T06:15:39.000Z,2026-02-22T07:15:39.000Z,3600,0.933352160017399,0.933352160017399,0.9988528172088604,0.999544632415688,live
24456,btcusd-btcfi,BtcUSD,below,-201,2026-02-22T06:15:39.000Z,2026-02-22T12:16:52.000Z,21673,0.9858217702326842,0.9795290161679591,1.008870223461195,0.999544632415688,live
49475,nect-beraborrow,NECT,below,-666,2026-02-22T06:03:32.000Z,2026-02-22T07:02:40.000Z,3548,0.9333521610557313,0.9333521610557313,0.9989060452846367,1,backfill
25104,dgld-gold-token-sa,DGLD,below,-275,2026-02-22T06:03:20.000Z,2026-02-22T07:02:33.000Z,3553,5026.087410734542,5026.087410734542,5040.986933348532,5168.267935540389,backfill
63302,btcusd-btcfi,BtcUSD,below,-204,2026-02-22T06:02:59.000Z,2026-02-22T12:02:58.000Z,21599,0.9858217702326842,0.979584316819453,1.0084509602733391,1,backfill
35766,pmusd-precious-metals,pmUSD,below,-134,2026-02-22T04:03:05.000Z,2026-02-22T05:03:01.000Z,3596,0.9865842618122213,0.9865842618122213,0.9976549504263809,1,backfill
24453,kag-kinesis,KAG,above,256,2026-02-22T04:00:40.000Z,2026-02-22T21:16:53.000Z,62173,86.27000000053759,86.7718355592364,85.35121439911912,84.6095,live
24452,btcusd-btcfi,BtcUSD,above,311,2026-02-22T03:15:39.000Z,2026-02-22T05:15:39.000Z,7200,1.0307579401715765,1.0307579401715765,1.008000256954705,0.9996905290501,live
63301,btcusd-btcfi,BtcUSD,above,308,2026-02-22T03:02:18.000Z,2026-02-22T05:02:49.000Z,7231,1.0307579401863622,1.0307579401863622,1.0080023288076787,1,backfill
24451,mim-abracadabra,MIM,below,-176,2026-02-22T02:45:41.000Z,2026-02-24T14:01:31.000Z,213350,0.98592693522323,0.9823008751401024,0.992508,0.9997005990748256,live
58699,usdm-moneta,USDM,below,-123,2026-02-22T02:02:21.000Z,2026-02-22T03:02:16.000Z,3595,0.9876975668302928,0.9876975668302928,0.9939786167103332,1,backfill
24450,kag-kinesis,KAG,above,301,2026-02-22T02:00:40.000Z,2026-02-22T03:15:39.000Z,4499,87.15646600689738,87.15646600689738,85.09310806263099,84.6095,live
47219,mim-abracadabra,MIM,below,-187,2026-02-22T02:00:00.000Z,2026-02-25T02:04:28.000Z,259468,0.9858442467619682,0.9813025616371284,0.9909532636057615,1,backfill
24449,btcusd-btcfi,BtcUSD,below,-185,2026-02-22T01:31:39.000Z,2026-02-22T02:45:41.000Z,4442,0.981189260185151,0.981189260185151,1.008498769783746,0.9996294738492705,live
63300,btcusd-btcfi,BtcUSD,below,-188,2026-02-22T01:02:58.000Z,2026-02-22T02:02:23.000Z,3565,0.981189260185151,0.981189260185151,1.008498769844789,1,backfill
8695,reusd-re-protocol,reUSD,above,624,2026-02-22T00:31:39.000Z,2026-02-22T21:16:53.000Z,74714,1.061557114049714,1.0619693801212948,,0.9996410402743252,live
29468,frax-frax,FRAX,below,-157,2026-02-22T00:02:56.000Z,2026-02-22T07:03:04.000Z,25208,0.9856294199068057,0.9843258631213552,0.9942934670591785,1,backfill
25004,kau-kinesis,KAU,above,267,2026-02-22T00:00:00.000Z,2026-02-23T00:00:00.000Z,86400,170.04154556033924,170.04154556033924,166.55206979560526,5151.495151271506,backfill
35765,pmusd-precious-metals,pmUSD,below,-141,2026-02-21T23:03:33.000Z,2026-02-22T03:02:29.000Z,14336,0.9879717807160718,0.9858595027424143,0.9977332141790223,1,backfill
24446,deuro-deuro,DEURO,above,174,2026-02-21T23:00:41.000Z,2026-02-22T21:16:53.000Z,80172,1.198343386991384,1.198343386991384,,1.1779737362974885,live
24444,btcusd-btcfi,BtcUSD,below,-111,2026-02-21T22:30:41.000Z,2026-02-21T23:31:39.000Z,3658,0.9886406231825191,0.9886406231825191,0.9912684865528898,0.9997210924470851,live
24445,europ-schuman,EUROP,below,-184,2026-02-21T22:30:41.000Z,2026-02-22T08:30:43.000Z,36002,1.1565818107950752,1.1564408418974812,1.1780915744996598,1.1778898639643636,live
63299,btcusd-btcfi,BtcUSD,below,-114,2026-02-21T22:03:00.000Z,2026-02-21T23:03:14.000Z,3614,0.9886406231825191,0.9886406231825191,0.9912672266447499,1,backfill
24443,kag-kinesis,KAG,below,-297,2026-02-21T21:00:41.000Z,2026-02-21T22:30:41.000Z,5400,82.09940085737273,82.09940085737273,85.27551699826321,84.6095,live
63298,btcusd-btcfi,BtcUSD,below,-114,2026-02-21T19:03:01.000Z,2026-02-21T20:03:13.000Z,3612,0.9885580563486451,0.9885580563486451,0.9911547076734628,1,backfill
24442,nect-beraborrow,NECT,below,-556,2026-02-21T16:10:46.000Z,2026-02-21T22:30:41.000Z,22795,0.980594653849088,0.9440585194359068,0.9996955667665668,0.9996735763238845,live
49474,nect-beraborrow,NECT,below,-559,2026-02-21T16:02:23.000Z,2026-02-21T22:03:27.000Z,21664,0.9805946539817367,0.9440690049627858,0.9999040207933324,1,backfill
24441,europ-schuman,EUROP,below,-183,2026-02-21T15:35:45.000Z,2026-02-21T20:16:46.000Z,16861,1.1572619262721122,1.156325277503822,1.1789314267882196,1.177858271299825,live
24440,nect-beraborrow,NECT,below,-165,2026-02-21T14:30:46.000Z,2026-02-21T15:35:45.000Z,3899,0.9832212351374131,0.9832212351374131,0.9992801143023317,0.9997375914962593,live
49473,nect-beraborrow,NECT,below,-167,2026-02-21T14:02:21.000Z,2026-02-21T15:02:25.000Z,3604,0.9832781257856676,0.9832781257856676,0.9992610975069364,1,backfill
35764,pmusd-precious-metals,pmUSD,below,-118,2026-02-21T13:01:56.000Z,2026-02-21T15:02:18.000Z,7222,0.9882180793476497,0.9882180793476497,0.9945761311728892,1,backfill
24439,europ-schuman,EUROP,below,-175,2026-02-21T12:11:47.000Z,2026-02-21T14:30:46.000Z,8339,1.157259078495171,1.157259078495171,1.1790738289720513,1.1779268304246808,live
24437,nect-beraborrow,NECT,below,-527,2026-02-21T10:30:47.000Z,2026-02-21T13:20:47.000Z,10200,0.9548357004715758,0.9471651138084476,0.9989221095019467,0.9997227314976675,live
49472,nect-beraborrow,NECT,below,-528,2026-02-21T10:02:26.000Z,2026-02-21T13:02:02.000Z,10776,0.9538521247518459,0.9471651138084476,0.9990705195001669,1,backfill
24435,nect-beraborrow,NECT,below,-434,2026-02-21T08:10:44.000Z,2026-02-21T09:20:46.000Z,4202,0.9563255520371879,0.9563255520371879,0.9999417733515394,0.9997081158856872,live
24434,europ-schuman,EUROP,below,-177,2026-02-21T06:31:37.000Z,2026-02-21T11:35:47.000Z,18250,1.157349659231441,1.157349659231441,1.1791118626970387,1.1781670827808302,live
58698,usdm-moneta,USDM,above,117,2026-02-21T06:01:44.000Z,2026-02-21T07:02:00.000Z,3616,1.0117412279821023,1.0117412279821023,1.0068701861116758,1,backfill
24433,nect-beraborrow,NECT,below,-436,2026-02-21T05:25:38.000Z,2026-02-21T07:35:47.000Z,7809,0.9560083788471502,0.9560083788471502,0.9991923551350971,0.9996222243921539,live
49471,nect-beraborrow,NECT,below,-440,2026-02-21T05:02:22.000Z,2026-02-21T07:02:22.000Z,7200,0.9560073942151947,0.9560073942151947,0.9992272403298086,1,backfill
24432,btcusd-btcfi,BtcUSD,below,-439,2026-02-21T03:26:38.000Z,2026-02-21T21:00:41.000Z,63243,0.9754401572311666,0.9559573541936384,0.9911545878856232,0.9995445011456541,live
63297,btcusd-btcfi,BtcUSD,below,-440,2026-02-21T03:01:01.000Z,2026-02-21T17:02:55.000Z,50514,0.9771339236399018,0.9559573165475804,0.9911301358200383,1,backfill
24430,nect-beraborrow,NECT,below,-470,2026-02-21T00:20:41.000Z,2026-02-21T03:26:38.000Z,11157,0.9533108880228769,0.952619577074524,0.9992903450964494,0.9995459759353725,live
49470,nect-beraborrow,NECT,below,-475,2026-02-21T00:01:42.000Z,2026-02-21T03:02:38.000Z,10856,0.953311213481717,0.952529437505848,0.9992903450964494,1,backfill
35763,pmusd-precious-metals,pmUSD,below,-189,2026-02-20T23:03:07.000Z,2026-02-21T12:02:06.000Z,46739,0.9894041796812509,0.9811114401661307,0.9977839143948513,1,backfill
24429,nect-beraborrow,NECT,below,-141,2026-02-20T22:15:40.000Z,2026-02-20T23:20:42.000Z,3902,0.9856376753543287,0.9856376753543287,0.998734043543734,0.9997063965202436,live
49469,nect-beraborrow,NECT,below,-144,2026-02-20T22:03:45.000Z,2026-02-20T23:03:15.000Z,3570,0.9856374718769185,0.9856374718769185,0.9991210306749382,1,backfill
3910,reusd-re-protocol,reUSD,below,-116,2026-02-20T21:05:39.000Z,2026-02-22T00:31:39.000Z,98760,0.988522,0.988165,1.061557114049714,0.9996625077014187,live
35762,pmusd-precious-metals,pmUSD,below,-104,2026-02-20T21:03:23.000Z,2026-02-20T22:03:35.000Z,3612,0.9895695106926344,0.9895695106926344,0.9911575659574051,1,backfill
58697,usdm-moneta,USDM,above,156,2026-02-20T18:02:02.000Z,2026-02-20T19:02:37.000Z,3635,1.0155907845247618,1.0155907845247618,1.0073160710842681,1,backfill
59282,usda-anzens,USDA,above,126,2026-02-20T18:00:18.000Z,2026-02-20T19:00:17.000Z,3599,1.0125778656749753,1.0125778656749753,1.0010947448687004,1,backfill
49468,nect-beraborrow,NECT,below,-435,2026-02-20T17:02:12.000Z,2026-02-20T19:03:17.000Z,7265,0.9574384684643861,0.9565015088914212,0.9988403433882946,1,backfill
58696,usdm-moneta,USDM,above,247,2026-02-20T16:03:11.000Z,2026-02-20T17:01:52.000Z,3521,1.0247286003438005,1.0247286003438005,0.9993606312229304,1,backfill
59281,usda-anzens,USDA,above,144,2026-02-20T16:00:17.000Z,2026-02-20T17:00:20.000Z,3603,1.014396009538508,1.014396009538508,1.001091297256636,1,backfill
35761,pmusd-precious-metals,pmUSD,below,-212,2026-02-20T15:03:24.000Z,2026-02-20T17:02:05.000Z,7121,0.9788445888435061,0.9788445888435061,1.000087449383505,1,backfill
35760,pmusd-precious-metals,pmUSD,below,-189,2026-02-20T13:03:28.000Z,2026-02-20T14:02:33.000Z,3545,0.981124979838482,0.981124979838482,0.9974121947634264,1,backfill
86788,pgold-pleasing,PGOLD,below,-164,2026-02-20T12:03:16.000Z,2026-02-20T15:03:59.000Z,10843,4994.924911086786,4994.924911086786,5015.471333179265,5078.205275722471,backfill
58695,usdm-moneta,USDM,above,107,2026-02-20T12:02:33.000Z,2026-02-20T13:03:04.000Z,3631,1.0106985796685872,1.0106985796685872,1.0022112952070172,1,backfill
49467,nect-beraborrow,NECT,below,-471,2026-02-20T11:03:41.000Z,2026-02-20T12:02:55.000Z,3554,0.9528736180240225,0.9528736180240225,0.9992866675592748,1,backfill
29467,frax-frax,FRAX,below,-111,2026-02-20T10:03:10.000Z,2026-02-20T14:03:05.000Z,14395,0.9893445595125474,0.988917661634379,0.9912173116906038,1,backfill
29466,frax-frax,FRAX,below,-100,2026-02-20T07:03:18.000Z,2026-02-20T08:04:08.000Z,3650,0.9900402968164543,0.9900402968164543,0.9905568122880807,1,backfill
25103,dgld-gold-token-sa,DGLD,below,-326,2026-02-20T07:03:09.000Z,2026-02-20T11:03:59.000Z,14450,4907.696634732695,4905.271359114567,4925.8361847969645,5070.631255794357,backfill
59280,usda-anzens,USDA,above,107,2026-02-20T06:00:16.000Z,2026-02-20T07:00:18.000Z,3602,1.0107412082267093,1.0107412082267093,1.004721156767313,1,backfill
25102,dgld-gold-token-sa,DGLD,below,-294,2026-02-20T05:04:20.000Z,2026-02-20T06:04:03.000Z,3583,4918.4112912462,4918.4112912462,4926.286329666503,5067.632689233156,backfill
35759,pmusd-precious-metals,pmUSD,below,-120,2026-02-20T05:03:52.000Z,2026-02-20T06:03:42.000Z,3590,0.9879965017951212,0.9879965017951212,0.9973230288164846,1,backfill
49466,nect-beraborrow,NECT,below,-531,2026-02-20T04:03:39.000Z,2026-02-20T10:02:48.000Z,21549,0.9472617860510593,0.9469384908827628,1.000105868417227,1,backfill
29465,frax-frax,FRAX,below,-105,2026-02-20T03:03:54.000Z,2026-02-20T06:04:13.000Z,10819,0.9894656670198705,0.9894656670198705,0.9902018170524498,1,backfill
58694,usdm-moneta,USDM,above,164,2026-02-20T03:03:33.000Z,2026-02-20T04:03:39.000Z,3606,1.0163828103474126,1.0163828103474126,1.0046288132771675,1,backfill
59279,usda-anzens,USDA,above,174,2026-02-20T03:00:18.000Z,2026-02-20T04:00:18.000Z,3600,1.017408726436501,1.017408726436501,1.0089126709852918,1,backfill
59278,usda-anzens,USDA,above,118,2026-02-20T01:00:19.000Z,2026-02-20T02:00:18.000Z,3599,1.0117872042569218,1.0117872042569218,1.0085765617589681,1,backfill
49465,nect-beraborrow,NECT,below,-530,2026-02-20T00:02:56.000Z,2026-02-20T01:02:52.000Z,3596,0.9469979665747537,0.9469979665747537,0.9991850216713178,1,backfill
58693,usdm-moneta,USDM,above,141,2026-02-19T23:03:44.000Z,2026-02-20T01:02:52.000Z,7148,1.0111318112811771,1.0140659811393344,1.0043293286022312,1,backfill
59277,usda-anzens,USDA,above,107,2026-02-19T23:00:17.000Z,2026-02-20T00:00:19.000Z,3602,1.0106540071622145,1.0106540071622145,1.0097376305468426,1,backfill
35758,pmusd-precious-metals,pmUSD,below,-119,2026-02-19T20:03:19.000Z,2026-02-20T01:02:44.000Z,17965,0.9880768277608477,0.9880768277608477,0.9905160757980432,1,backfill
49464,nect-beraborrow,NECT,below,-519,2026-02-19T19:02:02.000Z,2026-02-19T21:03:56.000Z,7314,0.9480547186063037,0.9480547186063037,0.9995900470880343,1,backfill
58692,usdm-moneta,USDM,above,160,2026-02-19T19:02:02.000Z,2026-02-19T22:02:29.000Z,10827,1.0159541645982972,1.0159541645982972,0.999949620577389,1,backfill
59276,usda-anzens,USDA,above,145,2026-02-19T19:00:18.000Z,2026-02-19T22:00:20.000Z,10802,1.013013329575278,1.0144571861228748,1.0045441480259658,1,backfill
49463,nect-beraborrow,NECT,below,-174,2026-02-19T17:02:19.000Z,2026-02-19T18:02:19.000Z,3600,0.9825825484852484,0.9825825484852484,0.9993822474337696,1,backfill
25101,dgld-gold-token-sa,DGLD,below,-260,2026-02-19T16:02:39.000Z,2026-02-19T20:03:41.000Z,14462,4919.785423273289,4904.141322141261,4928.147038065329,5035.208495850417,backfill
35757,pmusd-precious-metals,pmUSD,below,-109,2026-02-19T15:02:25.000Z,2026-02-19T16:02:19.000Z,3594,0.989111282550623,0.989111282550623,0.9989327873924834,1,backfill
3107,351,RUBT,above,756748,2026-02-19T14:30:41.000Z,2026-02-19T23:15:14.000Z,31473,0.9999923571424387,0.9999923571424387,,0.013042,live
29464,frax-frax,FRAX,below,-104,2026-02-19T12:02:56.000Z,2026-02-19T13:02:24.000Z,3568,0.9895987762391544,0.9895987762391544,0.9903814542673883,1,backfill
25100,dgld-gold-token-sa,DGLD,below,-246,2026-02-19T12:02:47.000Z,2026-02-19T15:02:44.000Z,10797,4908.500255938206,4899.267228518817,4933.849163019328,5022.774846118263,backfill
35756,pmusd-precious-metals,pmUSD,below,-176,2026-02-19T12:02:29.000Z,2026-02-19T14:02:05.000Z,7176,0.9823785765429076,0.9823785765429076,0.9981952648419515,1,backfill
51112,uty-xsy,UTY,above,126,2026-02-19T12:02:25.000Z,2026-02-19T16:02:14.000Z,14389,1.012628508736341,1.012628508736341,1.0003340280316984,1,backfill
84811,usnd-nerite,USND,above,321,2026-02-19T11:03:06.000Z,2026-02-19T13:02:36.000Z,7170,1.01795348024411,1.0321163915396507,0.9996799135794092,1,backfill
49462,nect-beraborrow,NECT,below,-477,2026-02-19T09:02:14.000Z,2026-02-19T11:02:34.000Z,7220,0.983830267506722,0.9522881325459719,0.9991740320942053,1,backfill
58691,usdm-moneta,USDM,above,102,2026-02-19T09:01:50.000Z,2026-02-19T10:02:00.000Z,3610,1.0101716224733617,1.0101716224733617,1.0080794931341333,1,backfill
35755,pmusd-precious-metals,pmUSD,below,-135,2026-02-19T08:02:09.000Z,2026-02-19T10:02:19.000Z,7210,0.9900357861614743,0.9865281753346361,0.9980744025110854,1,backfill
47218,mim-abracadabra,MIM,below,-149,2026-02-19T08:00:39.000Z,2026-02-19T14:00:39.000Z,21600,0.9894988379932972,0.9850815329783664,0.9919677036076635,1,backfill
49461,nect-beraborrow,NECT,below,-527,2026-02-19T07:02:10.000Z,2026-02-19T08:02:16.000Z,3606,0.9472764202435788,0.9472764202435788,0.9992093444123928,1,backfill
58690,usdm-moneta,USDM,above,118,2026-02-19T06:01:57.000Z,2026-02-19T07:01:48.000Z,3591,1.0117785729898363,1.0117785729898363,1.0026496803272371,1,backfill
38134,reusd-resupply,REUSD,below,-150,2026-02-19T05:02:13.000Z,2026-02-25T19:45:59.000Z,571426,0.9886849939278474,0.9850071887846901,1.0001856154581457,1,backfill
35754,pmusd-precious-metals,pmUSD,below,-138,2026-02-19T03:03:45.000Z,2026-02-19T06:02:17.000Z,10712,0.9863290390190868,0.9861970575017254,0.9979421057659454,1,backfill
58689,usdm-moneta,USDM,above,113,2026-02-19T02:02:37.000Z,2026-02-19T03:02:45.000Z,3608,1.0112811300260776,1.0112811300260776,0.9994379860068932,1,backfill
47217,mim-abracadabra,MIM,below,-123,2026-02-19T02:00:43.000Z,2026-02-19T07:00:38.000Z,17995,0.9890324224430984,0.9876858712023208,0.9919217385160378,1,backfill
49460,nect-beraborrow,NECT,below,-455,2026-02-19T00:01:55.000Z,2026-02-19T01:03:05.000Z,3670,0.9545469296668609,0.9545469296668609,0.9981814363082059,1,backfill
35753,pmusd-precious-metals,pmUSD,below,-162,2026-02-19T00:01:49.000Z,2026-02-19T01:02:55.000Z,3666,0.983830085430671,0.983830085430671,0.9983009287360444,1,backfill
47216,mim-abracadabra,MIM,below,-115,2026-02-18T22:00:45.000Z,2026-02-19T00:00:35.000Z,7190,0.9885270561363981,0.9885270561363981,0.991119033788021,1,backfill
59275,usda-anzens,USDA,below,-141,2026-02-18T22:00:13.000Z,2026-02-18T23:00:14.000Z,3601,0.9858749654915687,0.9858749654915687,0.990238306252103,1,backfill
59274,usda-anzens,USDA,below,-148,2026-02-18T20:00:13.000Z,2026-02-18T21:00:16.000Z,3603,0.9851587949311419,0.9851587949311419,0.9941863955130321,1,backfill
49459,nect-beraborrow,NECT,below,-478,2026-02-18T18:02:10.000Z,2026-02-18T19:02:10.000Z,3600,0.9522379955566359,0.9522379955566359,0.9981747806353974,1,backfill
58688,usdm-moneta,USDM,below,-106,2026-02-18T18:01:44.000Z,2026-02-18T19:01:45.000Z,3601,0.9893952202341538,0.9893952202341538,0.998443537225835,1,backfill
47215,mim-abracadabra,MIM,below,-128,2026-02-18T17:00:44.000Z,2026-02-18T21:00:46.000Z,14402,0.9872174633173091,0.9872174633173091,0.9908428976500073,1,backfill
59273,usda-anzens,USDA,below,-112,2026-02-18T17:00:11.000Z,2026-02-18T18:00:08.000Z,3597,0.9887927385306138,0.9887927385306138,0.9969137871062627,1,backfill
1473,bean-beanstalk,BEAN,below,-7820,2026-02-18T16:46:07.000Z,2026-02-20T10:40:15.000Z,150848,0.2212444061557865,0.21795001243695739,,0.9997564339772311,live
49458,nect-beraborrow,NECT,below,-157,2026-02-18T16:02:28.000Z,2026-02-18T17:02:32.000Z,3604,0.9842665758521493,0.9842665758521493,1.0005040876068774,1,backfill
35752,pmusd-precious-metals,pmUSD,below,-210,2026-02-18T16:02:20.000Z,2026-02-18T19:02:02.000Z,10782,0.9831723894726863,0.9789822730186629,0.9998852114725432,1,backfill
49457,nect-beraborrow,NECT,below,-448,2026-02-18T13:02:49.000Z,2026-02-18T15:02:35.000Z,7186,0.9553235104568988,0.9551925404812511,1.0005583939624934,1,backfill
29463,frax-frax,FRAX,below,-128,2026-02-18T12:04:07.000Z,2026-02-18T20:02:37.000Z,28710,0.9873256989183371,0.9872242124083348,0.9914038071102319,1,backfill
86787,pgold-pleasing,PGOLD,below,-153,2026-02-18T12:04:07.000Z,2026-02-18T14:03:05.000Z,7138,4892.560218043776,4892.560218043776,4907.786621654156,4968.638699931493,backfill
51111,uty-xsy,UTY,above,127,2026-02-18T12:01:41.000Z,2026-02-18T17:01:06.000Z,17965,1.0105147672506842,1.0127233986403588,1.0062346060205907,1,backfill
49456,nect-beraborrow,NECT,below,-443,2026-02-18T11:02:50.000Z,2026-02-18T12:03:38.000Z,3648,0.9557011104331898,0.9557011104331898,0.9991714053385929,1,backfill
35751,pmusd-precious-metals,pmUSD,below,-186,2026-02-18T11:02:41.000Z,2026-02-18T14:02:25.000Z,10784,0.9856651845617909,0.9814359414119651,0.9982178002212236,1,backfill
47214,mim-abracadabra,MIM,below,-134,2026-02-18T11:00:51.000Z,2026-02-18T15:00:49.000Z,14398,0.9865923687612058,0.9865923687612058,0.9918097946730251,1,backfill
84810,usnd-nerite,USND,above,355,2026-02-18T10:04:06.000Z,2026-02-18T11:03:30.000Z,3564,1.0355025715444834,1.0355025715444834,0.9940832892115552,1,backfill
31915,satusd-river,satUSD,below,-573,2026-02-18T10:02:18.000Z,2026-02-18T18:01:37.000Z,28759,0.9427333301552446,0.9427333301552446,0.9946489585500031,1,backfill
49455,nect-beraborrow,NECT,below,-480,2026-02-18T07:03:03.000Z,2026-02-18T09:01:58.000Z,7135,0.9519865311032863,0.9519865311032863,0.9984894012923613,1,backfill
47213,mim-abracadabra,MIM,below,-114,2026-02-18T07:00:49.000Z,2026-02-18T08:00:39.000Z,3590,0.9886371971725006,0.9886371971725006,0.9907042504277369,1,backfill
58687,usdm-moneta,USDM,above,135,2026-02-18T06:01:28.000Z,2026-02-18T07:02:18.000Z,3650,1.0135336320424977,1.0135336320424977,1.0002180526253108,1,backfill
35750,pmusd-precious-metals,pmUSD,below,-111,2026-02-18T03:02:08.000Z,2026-02-18T04:03:21.000Z,3673,0.9888512121346312,0.9888512121346312,0.9981246231078023,1,backfill
49454,nect-beraborrow,NECT,below,-428,2026-02-18T01:02:34.000Z,2026-02-18T02:02:10.000Z,3576,0.9572275127755598,0.9572275127755598,0.9999828973464614,1,backfill
58686,usdm-moneta,USDM,below,-115,2026-02-18T01:02:07.000Z,2026-02-18T02:01:39.000Z,3572,0.9884980771805303,0.9884980771805303,0.9977208960710504,1,backfill
59272,usda-anzens,USDA,below,-109,2026-02-18T01:00:22.000Z,2026-02-18T02:00:17.000Z,3595,0.9890946112189616,0.9890946112189616,0.9958004533602073,1,backfill
89952,xnk-kinka,XNK,below,-157,2026-02-17T23:58:58.000Z,2026-02-18T00:00:20.000Z,82,4856.972738883393,4856.972738883393,4870.97375107781,4934.49942387388,backfill
68686,cgo-comtech,CGO,below,-216,2026-02-17T23:03:38.000Z,2026-02-18T01:03:02.000Z,7164,155.65283417374238,155.65283417374238,156.71788698999097,4948.389408888042,backfill
49453,nect-beraborrow,NECT,below,-127,2026-02-17T23:03:10.000Z,2026-02-18T00:02:43.000Z,3573,0.9872847970558704,0.9872847970558704,0.998493781856093,1,backfill
35749,pmusd-precious-metals,pmUSD,below,-136,2026-02-17T23:03:02.000Z,2026-02-18T02:02:00.000Z,10738,0.9895445870452529,0.9863742736961697,0.9972482976862059,1,backfill
35748,pmusd-precious-metals,pmUSD,above,198,2026-02-17T20:03:33.000Z,2026-02-17T22:03:41.000Z,7208,1.0198451844914493,1.0198451844914493,0.9919498464701249,1,backfill
85054,ebusd-ebisu,ebUSD,below,-134,2026-02-17T20:03:14.000Z,2026-02-18T19:01:37.000Z,82703,0.9886117361588658,0.9866221743191881,0.9903393157928773,1,backfill
47212,mim-abracadabra,MIM,below,-124,2026-02-17T20:00:58.000Z,2026-02-18T03:00:50.000Z,25192,0.9898238129705776,0.987557737919291,0.9902706808931017,1,backfill
68685,cgo-comtech,CGO,below,-171,2026-02-17T18:03:08.000Z,2026-02-17T19:04:12.000Z,3664,155.80956285556348,155.80956285556348,157.22485274330225,4930.330719714098,backfill
35747,pmusd-precious-metals,pmUSD,above,177,2026-02-17T17:02:58.000Z,2026-02-17T18:02:18.000Z,3560,1.017662882592848,1.017662882592848,1.0087156334924194,1,backfill
51089,meusd-mezo,meUSD,below,-101,2026-02-17T17:01:58.000Z,2026-02-17T18:01:32.000Z,3574,0.9899385158375612,0.9899385158375612,0.9912922657890842,1,backfill
58685,usdm-moneta,USDM,below,-188,2026-02-17T15:02:32.000Z,2026-02-17T16:02:09.000Z,3577,0.9812341329786186,0.9812341329786186,1.0048561903877258,1,backfill
47211,mim-abracadabra,MIM,below,-123,2026-02-17T15:00:58.000Z,2026-02-17T19:00:53.000Z,14395,0.9876751662623035,0.9876751662623035,0.9908309510443133,1,backfill
59271,usda-anzens,USDA,below,-111,2026-02-17T15:00:22.000Z,2026-02-17T16:00:20.000Z,3598,0.9888878209311665,0.9888878209311665,1.0037059147925924,1,backfill
49452,nect-beraborrow,NECT,below,-440,2026-02-17T14:02:58.000Z,2026-02-17T21:02:39.000Z,25181,0.9563068298502899,0.9560213203376212,0.99938284861054,1,backfill
35746,pmusd-precious-metals,pmUSD,below,-128,2026-02-17T14:02:33.000Z,2026-02-17T15:02:47.000Z,3614,0.9872398505494907,0.9872398505494907,0.9972121750545638,1,backfill
84809,usnd-nerite,USND,above,706,2026-02-17T13:03:09.000Z,2026-02-17T14:03:49.000Z,3640,1.0706266989314934,1.0706266989314934,1.0011061379103678,1,backfill
58717,hollar-hydrated,HOLLAR,below,-149,2026-02-17T10:02:54.000Z,2026-02-17T12:01:42.000Z,7128,0.9893431363635576,0.9851397518131371,0.9905590510938965,1,backfill
25097,dgld-gold-token-sa,DGLD,above,373,2026-02-17T10:02:45.000Z,2026-02-17T12:01:32.000Z,7127,5084.290058996323,5084.290058996323,4880.926430601316,4901.461856815563,backfill
58684,usdm-moneta,USDM,below,-119,2026-02-17T09:03:00.000Z,2026-02-17T10:02:54.000Z,3594,0.9881222022860883,0.9881222022860883,0.994546190679331,1,backfill
47210,mim-abracadabra,MIM,below,-116,2026-02-17T09:00:55.000Z,2026-02-17T14:00:49.000Z,17994,0.9889955610097242,0.9883857206854161,0.990348620809556,1,backfill
35745,pmusd-precious-metals,pmUSD,below,-221,2026-02-17T04:02:26.000Z,2026-02-17T13:02:15.000Z,32389,0.985308488585758,0.9779272952548137,0.9975636409423561,1,backfill
47209,mim-abracadabra,MIM,below,-115,2026-02-17T04:00:53.000Z,2026-02-17T07:00:55.000Z,10802,0.9885002911260499,0.9885002911260499,0.9900692794734374,1,backfill
51088,meusd-mezo,meUSD,below,-103,2026-02-17T04:00:17.000Z,2026-02-17T05:00:18.000Z,3601,0.9896590084805009,0.9896590084805009,0.9906945136755574,1,backfill
51087,meusd-mezo,meUSD,below,-119,2026-02-17T02:00:21.000Z,2026-02-17T03:00:21.000Z,3600,0.9881312869556874,0.9881312869556874,0.9902157220291671,1,backfill
49451,nect-beraborrow,NECT,below,-467,2026-02-17T01:02:39.000Z,2026-02-17T11:02:24.000Z,35985,0.9856838201141561,0.9532567121176203,0.9983145768601799,1,backfill
47208,mim-abracadabra,MIM,below,-123,2026-02-17T01:00:53.000Z,2026-02-17T03:00:55.000Z,7202,0.9885885176599324,0.9876945807148525,0.9905245009712176,1,backfill
68683,cgo-comtech,CGO,above,240,2026-02-17T00:04:54.000Z,2026-02-17T01:03:09.000Z,3495,160.19118585081736,160.19118585081736,159.4718633722798,4865.533779202776,backfill
35744,pmusd-precious-metals,pmUSD,below,-125,2026-02-16T23:03:17.000Z,2026-02-17T01:02:31.000Z,7154,0.9874705263153974,0.9874705263153974,0.9969635112273209,1,backfill
47207,mim-abracadabra,MIM,below,-119,2026-02-16T22:00:59.000Z,2026-02-17T00:00:58.000Z,7199,0.9887125792403355,0.988134391849524,0.9908808554796035,1,backfill
89951,xnk-kinka,XNK,above,169,2026-02-16T21:00:19.000Z,2026-02-17T01:00:21.000Z,14402,4990.625084801949,4990.031633368717,4960.083095720311,4916.873206180583,backfill
25096,dgld-gold-token-sa,DGLD,above,397,2026-02-16T20:02:20.000Z,2026-02-17T09:02:55.000Z,46835,5059.720748161214,5078.052491210984,5039.600523165944,4884.176790046315,backfill
49450,nect-beraborrow,NECT,below,-153,2026-02-16T19:04:11.000Z,2026-02-16T20:03:51.000Z,3580,0.9846711161660348,0.9846711161660348,1.0009750018915935,1,backfill
35743,pmusd-precious-metals,pmUSD,below,-179,2026-02-16T19:04:00.000Z,2026-02-16T22:02:52.000Z,10732,0.9825582251874604,0.9821309883758622,0.9910155159569671,1,backfill
51086,meusd-mezo,meUSD,below,-104,2026-02-16T19:02:25.000Z,2026-02-16T22:01:42.000Z,10757,0.9896430280998808,0.9896430280998808,0.9921099597792161,1,backfill
47206,mim-abracadabra,MIM,below,-126,2026-02-16T19:00:57.000Z,2026-02-16T21:01:05.000Z,7208,0.9874206470278055,0.9874206470278055,0.9920597580897037,1,backfill
25095,dgld-gold-token-sa,DGLD,above,304,2026-02-16T18:02:20.000Z,2026-02-16T19:03:00.000Z,3640,5042.751670682757,5042.751670682757,5042.249305742666,4893.738490348322,backfill
68682,cgo-comtech,CGO,above,200,2026-02-16T17:04:07.000Z,2026-02-16T20:04:22.000Z,10815,160.30075988879187,160.63075893089666,158.6336794054909,4898.377243008726,backfill
58683,usdm-moneta,USDM,below,-172,2026-02-16T16:03:42.000Z,2026-02-16T18:03:01.000Z,7159,0.9827735853932247,0.9827735853932247,0.9938633178602911,1,backfill
51085,meusd-mezo,meUSD,below,-104,2026-02-16T16:03:21.000Z,2026-02-16T17:03:23.000Z,3602,0.9895948214439938,0.9895948214439938,0.9901577394958959,1,backfill
58716,hollar-hydrated,HOLLAR,below,-103,2026-02-16T16:01:48.000Z,2026-02-16T17:01:44.000Z,3596,0.9897227562484627,0.9897227562484627,0.9916298507397597,1,backfill
25094,dgld-gold-token-sa,DGLD,above,299,2026-02-16T15:03:11.000Z,2026-02-16T16:02:58.000Z,3587,5054.663184637155,5054.663184637155,5042.269247862079,4908.013312090859,backfill
36331,usdz-anzen,USDz,below,-309,2026-02-16T15:02:24.000Z,2026-02-16T23:02:23.000Z,28799,0.9703307378718973,0.96913497731567,0.9942246424206622,1,backfill
58715,hollar-hydrated,HOLLAR,below,-106,2026-02-16T14:03:50.000Z,2026-02-16T15:03:22.000Z,3572,0.9893937407035469,0.9893937407035469,0.9911454361929138,1,backfill
49449,nect-beraborrow,NECT,below,-472,2026-02-16T14:03:28.000Z,2026-02-16T18:02:52.000Z,14364,0.952806246650206,0.952806246650206,0.9994721886092652,1,backfill
35742,pmusd-precious-metals,pmUSD,below,-224,2026-02-16T14:03:13.000Z,2026-02-16T18:02:43.000Z,14370,0.9810233958316831,0.9776024671149297,0.9973542483537207,1,backfill
36761,lisusd-lista,LISUSD,below,-106,2026-02-16T14:01:31.000Z,2026-02-16T15:01:46.000Z,3615,0.9893517062110884,0.9893517062110884,0.9966345153827812,1,backfill
47205,mim-abracadabra,MIM,below,-145,2026-02-16T14:00:58.000Z,2026-02-16T17:01:01.000Z,10803,0.9854662235030174,0.9854662235030174,0.9904579907275302,1,backfill
25093,dgld-gold-token-sa,DGLD,above,281,2026-02-16T13:02:10.000Z,2026-02-16T14:02:41.000Z,3631,5055.665642428198,5055.665642428198,5042.191247640302,4917.656021242647,backfill
68681,cgo-comtech,CGO,above,154,2026-02-16T12:03:22.000Z,2026-02-16T16:04:06.000Z,14444,160.56663957027274,160.68774279561097,159.63036459282696,4922.34125439063,backfill
35741,pmusd-precious-metals,pmUSD,below,-151,2026-02-16T11:03:16.000Z,2026-02-16T13:02:33.000Z,7157,0.9860834549772332,0.9849225515347975,0.9939638952675116,1,backfill
47204,mim-abracadabra,MIM,below,-116,2026-02-16T11:00:52.000Z,2026-02-16T12:00:59.000Z,3607,0.9883523697237765,0.9883523697237765,0.9913289556288384,1,backfill
51084,meusd-mezo,meUSD,below,-110,2026-02-16T08:03:30.000Z,2026-02-16T10:03:13.000Z,7183,0.9894689667444864,0.9890269116700011,0.990362388242879,1,backfill
49448,nect-beraborrow,NECT,below,-541,2026-02-16T08:03:17.000Z,2026-02-16T11:03:30.000Z,10813,0.945938902883494,0.945938902883494,0.9986312160238793,1,backfill
58682,usdm-moneta,USDM,below,-146,2026-02-16T06:03:25.000Z,2026-02-16T07:03:51.000Z,3626,0.9854139355194184,0.9854139355194184,0.9920688056132008,1,backfill
35740,pmusd-precious-metals,pmUSD,below,-209,2026-02-16T06:02:58.000Z,2026-02-16T10:02:52.000Z,14394,0.9791070829506459,0.9791070829506459,0.9971234071730852,1,backfill
84888,usdaf-asymmetry,USDaf,below,-100,2026-02-16T06:01:42.000Z,2026-02-16T08:03:29.000Z,7307,0.9900205742809578,0.9900205742809578,0.9901792995929272,1,backfill
47203,mim-abracadabra,MIM,below,-136,2026-02-16T06:01:29.000Z,2026-02-16T09:01:01.000Z,10772,0.9864233671352748,0.9864233671352748,0.9904078388382845,1,backfill
59270,usda-anzens,USDA,below,-123,2026-02-16T06:00:33.000Z,2026-02-16T07:00:40.000Z,3607,0.9876925590050997,0.9876925590050997,0.9941221951262137,1,backfill
49447,nect-beraborrow,NECT,below,-541,2026-02-16T05:02:43.000Z,2026-02-16T06:03:12.000Z,3629,0.9459058416434535,0.9459058416434535,0.9976046400927797,1,backfill
63296,btcusd-btcfi,BtcUSD,above,111,2026-02-16T04:02:36.000Z,2026-02-16T07:03:50.000Z,10874,1.011055145538553,1.011055145538553,1.002998813081336,1,backfill
25092,dgld-gold-token-sa,DGLD,above,221,2026-02-16T04:01:48.000Z,2026-02-16T06:02:26.000Z,7238,5067.783482659454,5070.134929948781,5067.031731254705,4960.712888908154,backfill
47202,mim-abracadabra,MIM,below,-137,2026-02-16T01:01:04.000Z,2026-02-16T05:01:01.000Z,14397,0.9899353983016055,0.9862731530656668,0.9935764288541049,1,backfill
84887,usdaf-asymmetry,USDaf,below,-103,2026-02-16T00:01:59.000Z,2026-02-16T03:02:38.000Z,10839,0.9899642800550332,0.9897340418911531,0.9901063570775938,1,backfill
25091,dgld-gold-token-sa,DGLD,above,181,2026-02-16T00:01:52.000Z,2026-02-16T02:02:03.000Z,7211,5069.773556323887,5069.773556323887,5066.937524401477,4979.830977456444,backfill
88559,tryb-bilira,TRYB,below,-965,2026-02-16T00:00:00.000Z,2026-02-18T00:00:00.000Z,172800,0.9034646461712427,0.9034646461712427,1.0004561644675523,1,backfill
89239,europ-schuman,EUROP,below,-229,2026-02-16T00:00:00.000Z,2026-02-18T00:00:00.000Z,172800,0.9770680841506696,0.9770680841506696,0.999280242213849,1,backfill
49446,nect-beraborrow,NECT,below,-475,2026-02-15T23:04:08.000Z,2026-02-16T02:02:43.000Z,10715,0.9857124993779262,0.9524903914034628,0.9973685062538359,1,backfill
35739,pmusd-precious-metals,pmUSD,below,-236,2026-02-15T21:03:17.000Z,2026-02-16T05:02:34.000Z,28757,0.9763897002069396,0.9763897002069396,0.9981493546287907,1,backfill
49445,nect-beraborrow,NECT,below,-144,2026-02-15T20:03:41.000Z,2026-02-15T21:03:25.000Z,3584,0.9856210145750433,0.9856210145750433,0.9990177518778234,1,backfill
85053,ebusd-ebisu,ebUSD,below,-144,2026-02-15T19:03:15.000Z,2026-02-17T19:02:42.000Z,172767,0.9890488822617461,0.9856483225529588,0.9909422613490145,1,backfill
35738,pmusd-precious-metals,pmUSD,below,-314,2026-02-15T19:03:02.000Z,2026-02-15T20:03:31.000Z,3629,0.9685586732449897,0.9685586732449897,1.0024000831593884,1,backfill
84808,usnd-nerite,USND,below,-145,2026-02-15T18:04:28.000Z,2026-02-15T20:04:35.000Z,7207,0.9854869828586721,0.9854869828586721,0.9914612273095578,1,backfill
47201,mim-abracadabra,MIM,below,-132,2026-02-15T17:00:39.000Z,2026-02-15T21:00:47.000Z,14408,0.9895279581077104,0.9868241128709653,0.991951963030702,1,backfill
29462,frax-frax,FRAX,below,-103,2026-02-15T16:04:02.000Z,2026-02-16T00:02:45.000Z,28723,0.9900126927369708,0.9896968871681409,0.9913161474479264,1,backfill
58681,usdm-moneta,USDM,above,103,2026-02-15T15:03:57.000Z,2026-02-15T16:03:47.000Z,3590,1.010270871742893,1.010270871742893,1.008623121463403,1,backfill
58680,usdm-moneta,USDM,below,-126,2026-02-15T13:04:02.000Z,2026-02-15T14:03:18.000Z,3556,0.9873871759765458,0.9873871759765458,0.9973583376380223,1,backfill
51083,meusd-mezo,meUSD,below,-125,2026-02-15T13:01:08.000Z,2026-02-15T14:03:09.000Z,3721,0.9875259401800462,0.9875259401800462,0.9909492084027668,1,backfill
24428,honey-berachain,HONEY,above,175,2026-02-15T11:20:15.000Z,2026-02-15T12:20:14.000Z,3599,1.017154799772052,1.017154799772052,0.9997299529449933,0.9996469978889573,live
49444,nect-beraborrow,NECT,below,-485,2026-02-15T11:02:50.000Z,2026-02-15T13:03:49.000Z,7259,0.9588726543933076,0.9514659233375049,0.9979326483000754,1,backfill
47200,mim-abracadabra,MIM,below,-140,2026-02-15T11:02:12.000Z,2026-02-15T16:03:03.000Z,18051,0.9869979915098845,0.9860131503308548,0.9906815087305969,1,backfill
25090,dgld-gold-token-sa,DGLD,above,166,2026-02-15T11:02:09.000Z,2026-02-15T13:02:50.000Z,7241,5072.8958105579495,5079.8932140623665,5040.45824063938,4996.806274148973,backfill
47256,honey-berachain,HONEY,above,393,2026-02-15T11:00:07.000Z,2026-02-15T12:02:56.000Z,3769,1.0392903994278326,1.0392903994278326,0.9997546566597242,1,backfill
49443,nect-beraborrow,NECT,below,-148,2026-02-15T09:03:32.000Z,2026-02-15T10:02:37.000Z,3545,0.9851710452166004,0.9851710452166004,1.0005996980070193,1,backfill
35737,pmusd-precious-metals,pmUSD,below,-120,2026-02-15T09:03:20.000Z,2026-02-15T10:02:28.000Z,3548,0.9880092765018813,0.9880092765018813,0.9988095795917444,1,backfill
47199,mim-abracadabra,MIM,below,-164,2026-02-15T09:02:47.000Z,2026-02-15T10:02:07.000Z,3560,0.983554338649491,0.983554338649491,0.992964258619237,1,backfill
24427,jupusd-jupiter,JUPUSD,below,-147,2026-02-15T08:20:09.000Z,2026-02-15T15:30:06.000Z,25797,0.9879504853422968,0.9849141524778012,0.999717465299606,0.9996406269705751,live
58679,usdm-moneta,USDM,above,148,2026-02-15T08:02:38.000Z,2026-02-15T09:03:42.000Z,3664,1.0148486555278862,1.0148486555278862,0.9993939916090239,1,backfill
59269,usda-anzens,USDA,above,135,2026-02-15T08:00:10.000Z,2026-02-15T09:00:11.000Z,3601,1.0134954336847226,1.0134954336847226,1.00207061140061,1,backfill
49442,nect-beraborrow,NECT,below,-134,2026-02-15T04:03:51.000Z,2026-02-15T05:03:13.000Z,3562,0.9866341433315193,0.9866341433315193,0.9997598264632952,1,backfill
24426,jupusd-jupiter,JUPUSD,below,-202,2026-02-15T02:10:09.000Z,2026-02-15T07:20:09.000Z,18600,0.9796166621575769,0.9796417723070125,0.9998221362301751,0.9997002975253809,live
31914,satusd-river,satUSD,below,-259,2026-02-15T02:03:11.000Z,2026-02-15T04:03:49.000Z,7238,0.9740813271780163,0.9740813271780163,0.9950352546761908,1,backfill
35736,pmusd-precious-metals,pmUSD,below,-126,2026-02-15T02:03:05.000Z,2026-02-15T05:03:05.000Z,10800,0.9890438271343389,0.9873998814945788,0.9911603003487146,1,backfill
47198,mim-abracadabra,MIM,below,-140,2026-02-15T01:02:50.000Z,2026-02-15T05:02:52.000Z,14402,0.9895289386602089,0.9859816209841058,0.9906755601920806,1,backfill
